<gpx xmlns:onx="https://wwww.onxmaps.com/" xmlns="http://www.topografix.com/GPX/1/1" xmlns:xsi="http://www.w3.org/2001/XMLSchema-instance" xsi:schemaLocation="http://www.topografix.com/GPX/1/1 http://www.topografix.com/GPX/1/1/gpx.xsd" version="1.1" creator="onXmaps backcountry web"><metadata/><trk><name>Paria</name><desc>name=Paria
notes=
id=17a8c19e-4b75-4b43-858a-3711452f97e7
color=rgba(0,255,255,1)
style=dash
weight=4.0</desc><extensions><onx:color>rgba(0,255,255,1)</onx:color><onx:style>dash</onx:style><onx:weight>4.0</onx:weight></extensions><trkseg><trkpt lat="37.080723" lon="-111.890533"><ele>1307.479614</ele><time>2026-04-04T17:21:08.042Z</time></trkpt><trkpt lat="37.080647" lon="-111.890549"><ele>1310.682129</ele><time>2026-04-04T17:21:13.042Z</time></trkpt><trkpt lat="37.08054" lon="-111.890678"><ele>1306.830322</ele><time>2026-04-04T17:21:31.039Z</time></trkpt><trkpt lat="37.080486" lon="-111.890854"><ele>1310.47876</ele><time>2026-04-04T17:21:35.039Z</time></trkpt><trkpt lat="37.080429" lon="-111.89093"><ele>1310.565308</ele><time>2026-04-04T17:21:43.038Z</time></trkpt><trkpt lat="37.080193" lon="-111.891006"><ele>1309.380371</ele><time>2026-04-04T17:21:50.037Z</time></trkpt><trkpt lat="37.079834" lon="-111.890999"><ele>1310.975342</ele><time>2026-04-04T17:21:57.029Z</time></trkpt><trkpt lat="37.079739" lon="-111.890976"><ele>1309.323853</ele><time>2026-04-04T17:22:06.040Z</time></trkpt><trkpt lat="37.079475" lon="-111.890831"><ele>1310.937988</ele><time>2026-04-04T17:22:13.037Z</time></trkpt><trkpt lat="37.079189" lon="-111.890839"><ele>1310.025391</ele><time>2026-04-04T17:22:43.037Z</time></trkpt><trkpt lat="37.079063" lon="-111.890991"><ele>1309.354248</ele><time>2026-04-04T17:22:51.038Z</time></trkpt><trkpt lat="37.078979" lon="-111.891029"><ele>1310.631592</ele><time>2026-04-04T17:23:15.038Z</time></trkpt><trkpt lat="37.078682" lon="-111.89122"><ele>1307.888184</ele><time>2026-04-04T17:23:51.039Z</time></trkpt><trkpt lat="37.078613" lon="-111.891441"><ele>1305.83374</ele><time>2026-04-04T17:24:00.050Z</time></trkpt><trkpt lat="37.078518" lon="-111.891434"><ele>1305.644775</ele><time>2026-04-04T17:24:08.043Z</time></trkpt><trkpt lat="37.078369" lon="-111.891144"><ele>1306.194946</ele><time>2026-04-04T17:24:16.045Z</time></trkpt><trkpt lat="37.078102" lon="-111.890953"><ele>1305.445068</ele><time>2026-04-04T17:24:51.039Z</time></trkpt><trkpt lat="37.078056" lon="-111.890846"><ele>1304.702637</ele><time>2026-04-04T17:25:14.040Z</time></trkpt><trkpt lat="37.077988" lon="-111.890778"><ele>1305.182861</ele><time>2026-04-04T17:25:39.041Z</time></trkpt><trkpt lat="37.077862" lon="-111.890671"><ele>1304.828857</ele><time>2026-04-04T17:25:49.037Z</time></trkpt><trkpt lat="37.077568" lon="-111.890533"><ele>1304.925781</ele><time>2026-04-04T17:25:58.038Z</time></trkpt><trkpt lat="37.077492" lon="-111.890518"><ele>1305.253418</ele><time>2026-04-04T17:26:07.037Z</time></trkpt><trkpt lat="37.077415" lon="-111.890526"><ele>1304.546509</ele><time>2026-04-04T17:26:20.041Z</time></trkpt><trkpt lat="37.077339" lon="-111.890556"><ele>1304.934204</ele><time>2026-04-04T17:26:33.028Z</time></trkpt><trkpt lat="37.077263" lon="-111.890541"><ele>1304.598999</ele><time>2026-04-04T17:26:41.040Z</time></trkpt><trkpt lat="37.077118" lon="-111.890602"><ele>1304.795898</ele><time>2026-04-04T17:26:49.039Z</time></trkpt><trkpt lat="37.07695" lon="-111.89064"><ele>1305.216797</ele><time>2026-04-04T17:26:56.028Z</time></trkpt><trkpt lat="37.076714" lon="-111.89061"><ele>1304.621582</ele><time>2026-04-04T17:27:04.042Z</time></trkpt><trkpt lat="37.076622" lon="-111.890572"><ele>1305.187744</ele><time>2026-04-04T17:27:23.041Z</time></trkpt><trkpt lat="37.076488" lon="-111.890465"><ele>1304.541016</ele><time>2026-04-04T17:27:30.040Z</time></trkpt><trkpt lat="37.075874" lon="-111.890327"><ele>1305.166626</ele><time>2026-04-04T17:27:52.039Z</time></trkpt><trkpt lat="37.075714" lon="-111.890266"><ele>1304.400879</ele><time>2026-04-04T17:28:00.039Z</time></trkpt><trkpt lat="37.075439" lon="-111.89019"><ele>1304.97583</ele><time>2026-04-04T17:28:07.039Z</time></trkpt><trkpt lat="37.074966" lon="-111.89019"><ele>1303.025879</ele><time>2026-04-04T17:28:15.028Z</time></trkpt><trkpt lat="37.074776" lon="-111.89016"><ele>1303.129272</ele><time>2026-04-04T17:28:19.028Z</time></trkpt><trkpt lat="37.074024" lon="-111.89019"><ele>1306.367065</ele><time>2026-04-04T17:28:41.039Z</time></trkpt><trkpt lat="37.07383" lon="-111.890129"><ele>1306.015503</ele><time>2026-04-04T17:28:48.038Z</time></trkpt><trkpt lat="37.07349" lon="-111.889992"><ele>1303.000854</ele><time>2026-04-04T17:28:57.038Z</time></trkpt><trkpt lat="37.073086" lon="-111.889877"><ele>1302.490479</ele><time>2026-04-04T17:29:25.039Z</time></trkpt><trkpt lat="37.072834" lon="-111.889847"><ele>1303.305664</ele><time>2026-04-04T17:29:35.039Z</time></trkpt><trkpt lat="37.072598" lon="-111.8899"><ele>1303.862793</ele><time>2026-04-04T17:34:02.034Z</time></trkpt><trkpt lat="37.07254" lon="-111.889893"><ele>1304.715332</ele><time>2026-04-04T17:34:21.030Z</time></trkpt><trkpt lat="37.072376" lon="-111.889938"><ele>1302.470947</ele><time>2026-04-04T17:34:42.030Z</time></trkpt><trkpt lat="37.071949" lon="-111.889839"><ele>1304.01062</ele><time>2026-04-04T17:34:58.040Z</time></trkpt><trkpt lat="37.071804" lon="-111.889679"><ele>1303.546143</ele><time>2026-04-04T17:35:14.030Z</time></trkpt><trkpt lat="37.071724" lon="-111.889557"><ele>1303.836182</ele><time>2026-04-04T17:35:20.040Z</time></trkpt><trkpt lat="37.071671" lon="-111.889389"><ele>1302.778076</ele><time>2026-04-04T17:35:35.029Z</time></trkpt><trkpt lat="37.071503" lon="-111.889236"><ele>1303.72229</ele><time>2026-04-04T17:35:41.027Z</time></trkpt><trkpt lat="37.071407" lon="-111.889114"><ele>1302.328003</ele><time>2026-04-04T17:35:52.039Z</time></trkpt><trkpt lat="37.07122" lon="-111.888809"><ele>1305.855957</ele><time>2026-04-04T17:35:58.027Z</time></trkpt><trkpt lat="37.071091" lon="-111.88855"><ele>1302.424316</ele><time>2026-04-04T17:36:03.037Z</time></trkpt><trkpt lat="37.071083" lon="-111.888474"><ele>1302.350586</ele><time>2026-04-04T17:36:14.040Z</time></trkpt><trkpt lat="37.07098" lon="-111.888191"><ele>1304.084961</ele><time>2026-04-04T17:36:25.037Z</time></trkpt><trkpt lat="37.070797" lon="-111.887871"><ele>1302.696533</ele><time>2026-04-04T17:36:37.038Z</time></trkpt><trkpt lat="37.070507" lon="-111.887085"><ele>1301.922241</ele><time>2026-04-04T17:36:43.041Z</time></trkpt><trkpt lat="37.070454" lon="-111.887001"><ele>1303.036499</ele><time>2026-04-04T17:37:01.040Z</time></trkpt><trkpt lat="37.070427" lon="-111.886909"><ele>1302.078247</ele><time>2026-04-04T17:37:17.040Z</time></trkpt><trkpt lat="37.07032" lon="-111.886765"><ele>1306.319458</ele><time>2026-04-04T17:37:55.027Z</time></trkpt><trkpt lat="37.07019" lon="-111.886665"><ele>1304.731079</ele><time>2026-04-04T17:38:17.037Z</time></trkpt><trkpt lat="37.070045" lon="-111.886589"><ele>1305.722412</ele><time>2026-04-04T17:38:50.037Z</time></trkpt><trkpt lat="37.069901" lon="-111.886574"><ele>1304.524414</ele><time>2026-04-04T17:39:01.040Z</time></trkpt><trkpt lat="37.069424" lon="-111.886642"><ele>1302.885864</ele><time>2026-04-04T17:39:12.039Z</time></trkpt><trkpt lat="37.06913" lon="-111.886642"><ele>1304.810547</ele><time>2026-04-04T17:39:23.034Z</time></trkpt><trkpt lat="37.068871" lon="-111.886589"><ele>1306.256592</ele><time>2026-04-04T17:39:29.039Z</time></trkpt><trkpt lat="37.06863" lon="-111.88649"><ele>1310.124512</ele><time>2026-04-04T17:39:43.040Z</time></trkpt><trkpt lat="37.068588" lon="-111.886383"><ele>1310.054199</ele><time>2026-04-04T17:40:00.028Z</time></trkpt><trkpt lat="37.068478" lon="-111.886246"><ele>1308.842041</ele><time>2026-04-04T17:40:18.039Z</time></trkpt><trkpt lat="37.068451" lon="-111.886147"><ele>1308.919922</ele><time>2026-04-04T17:40:23.040Z</time></trkpt><trkpt lat="37.06834" lon="-111.886009"><ele>1308.589722</ele><time>2026-04-04T17:40:27.039Z</time></trkpt><trkpt lat="37.068253" lon="-111.885803"><ele>1304.179199</ele><time>2026-04-04T17:40:44.038Z</time></trkpt><trkpt lat="37.068226" lon="-111.885681"><ele>1304.144409</ele><time>2026-04-04T17:40:55.041Z</time></trkpt><trkpt lat="37.067936" lon="-111.885185"><ele>1300.858521</ele><time>2026-04-04T17:41:00.039Z</time></trkpt><trkpt lat="37.067875" lon="-111.885017"><ele>1302.758057</ele><time>2026-04-04T17:41:26.038Z</time></trkpt><trkpt lat="37.067734" lon="-111.884811"><ele>1299.116821</ele><time>2026-04-04T17:41:39.041Z</time></trkpt><trkpt lat="37.067585" lon="-111.884399"><ele>1301.123657</ele><time>2026-04-04T17:41:52.038Z</time></trkpt><trkpt lat="37.067554" lon="-111.884079"><ele>1301.983032</ele><time>2026-04-04T17:41:58.031Z</time></trkpt><trkpt lat="37.067486" lon="-111.883636"><ele>1298.108521</ele><time>2026-04-04T17:42:05.040Z</time></trkpt><trkpt lat="37.067375" lon="-111.883347"><ele>1300.118774</ele><time>2026-04-04T17:42:20.038Z</time></trkpt><trkpt lat="37.067078" lon="-111.88308"><ele>1305.950195</ele><time>2026-04-04T17:42:39.029Z</time></trkpt><trkpt lat="37.066887" lon="-111.883194"><ele>1303.674927</ele><time>2026-04-04T17:42:52.030Z</time></trkpt><trkpt lat="37.066635" lon="-111.883408"><ele>1306.177734</ele><time>2026-04-04T17:43:23.028Z</time></trkpt><trkpt lat="37.066528" lon="-111.883659"><ele>1302.08667</ele><time>2026-04-04T17:43:50.027Z</time></trkpt><trkpt lat="37.066334" lon="-111.883835"><ele>1300.245972</ele><time>2026-04-04T17:43:56.040Z</time></trkpt><trkpt lat="37.066097" lon="-111.883797"><ele>1300.72998</ele><time>2026-04-04T17:44:15.027Z</time></trkpt><trkpt lat="37.065929" lon="-111.883713"><ele>1301.61438</ele><time>2026-04-04T17:44:21.028Z</time></trkpt><trkpt lat="37.065659" lon="-111.883316"><ele>1298.986572</ele><time>2026-04-04T17:44:28.030Z</time></trkpt><trkpt lat="37.065586" lon="-111.883125"><ele>1304.017456</ele><time>2026-04-04T17:44:41.029Z</time></trkpt><trkpt lat="37.065521" lon="-111.883041"><ele>1302.950439</ele><time>2026-04-04T17:44:55.028Z</time></trkpt><trkpt lat="37.065449" lon="-111.882996"><ele>1304.707764</ele><time>2026-04-04T17:45:01.031Z</time></trkpt><trkpt lat="37.065212" lon="-111.883064"><ele>1297.73645</ele><time>2026-04-04T17:45:07.039Z</time></trkpt><trkpt lat="37.06498" lon="-111.883041"><ele>1297.37207</ele><time>2026-04-04T17:45:13.027Z</time></trkpt><trkpt lat="37.064678" lon="-111.882828"><ele>1301.067505</ele><time>2026-04-04T17:45:34.029Z</time></trkpt><trkpt lat="37.064449" lon="-111.883163"><ele>1322.866577</ele><time>2026-04-04T17:45:59.030Z</time></trkpt><trkpt lat="37.064468" lon="-111.883316"><ele>1322.164917</ele><time>2026-04-04T17:46:09.042Z</time></trkpt><trkpt lat="37.064556" lon="-111.883438"><ele>1315.006592</ele><time>2026-04-04T17:46:16.028Z</time></trkpt><trkpt lat="37.064491" lon="-111.883652"><ele>1301.960449</ele><time>2026-04-04T17:46:35.040Z</time></trkpt><trkpt lat="37.064415" lon="-111.883598"><ele>1300.158325</ele><time>2026-04-04T17:46:48.037Z</time></trkpt><trkpt lat="37.064438" lon="-111.883797"><ele>1300.570435</ele><time>2026-04-04T17:47:13.043Z</time></trkpt><trkpt lat="37.064411" lon="-111.883896"><ele>1298.28125</ele><time>2026-04-04T17:47:27.026Z</time></trkpt><trkpt lat="37.064301" lon="-111.884109"><ele>1298.060669</ele><time>2026-04-04T17:47:33.030Z</time></trkpt><trkpt lat="37.064209" lon="-111.884354"><ele>1296.618042</ele><time>2026-04-04T17:47:52.032Z</time></trkpt><trkpt lat="37.064026" lon="-111.884598"><ele>1295.643066</ele><time>2026-04-04T17:47:57.031Z</time></trkpt><trkpt lat="37.06398" lon="-111.884697"><ele>1296.360962</ele><time>2026-04-04T17:48:16.031Z</time></trkpt><trkpt lat="37.063896" lon="-111.884727"><ele>1296.209717</ele><time>2026-04-04T17:48:58.038Z</time></trkpt><trkpt lat="37.063728" lon="-111.884743"><ele>1296.994873</ele><time>2026-04-04T17:49:03.031Z</time></trkpt><trkpt lat="37.063541" lon="-111.884819"><ele>1300.215698</ele><time>2026-04-04T17:49:17.030Z</time></trkpt><trkpt lat="37.0634" lon="-111.884689"><ele>1296.127075</ele><time>2026-04-04T17:49:38.030Z</time></trkpt><trkpt lat="37.063313" lon="-111.884766"><ele>1299.24292</ele><time>2026-04-04T17:49:45.031Z</time></trkpt><trkpt lat="37.063019" lon="-111.884384"><ele>1294.660889</ele><time>2026-04-04T17:50:00.031Z</time></trkpt><trkpt lat="37.062813" lon="-111.883804"><ele>1294.467773</ele><time>2026-04-04T17:50:05.031Z</time></trkpt><trkpt lat="37.062752" lon="-111.883553"><ele>1294.150635</ele><time>2026-04-04T17:50:23.038Z</time></trkpt><trkpt lat="37.062748" lon="-111.883438"><ele>1295.006714</ele><time>2026-04-04T17:50:40.030Z</time></trkpt><trkpt lat="37.062786" lon="-111.883339"><ele>1293.553711</ele><time>2026-04-04T17:50:48.032Z</time></trkpt><trkpt lat="37.062801" lon="-111.88324"><ele>1293.647705</ele><time>2026-04-04T17:51:07.033Z</time></trkpt><trkpt lat="37.06284" lon="-111.882759"><ele>1293.493164</ele><time>2026-04-04T17:51:20.033Z</time></trkpt><trkpt lat="37.062828" lon="-111.882645"><ele>1293.516479</ele><time>2026-04-04T17:51:32.031Z</time></trkpt><trkpt lat="37.062782" lon="-111.882545"><ele>1292.450684</ele><time>2026-04-04T17:51:47.029Z</time></trkpt><trkpt lat="37.062771" lon="-111.882416"><ele>1292.454468</ele><time>2026-04-04T17:52:11.032Z</time></trkpt><trkpt lat="37.06282" lon="-111.882172"><ele>1293.607178</ele><time>2026-04-04T17:52:39.029Z</time></trkpt><trkpt lat="37.062866" lon="-111.881676"><ele>1300.093628</ele><time>2026-04-04T17:52:47.034Z</time></trkpt><trkpt lat="37.062759" lon="-111.881546"><ele>1295.477661</ele><time>2026-04-04T17:53:07.031Z</time></trkpt><trkpt lat="37.062691" lon="-111.881516"><ele>1296.772583</ele><time>2026-04-04T17:53:42.030Z</time></trkpt><trkpt lat="37.062634" lon="-111.881447"><ele>1297.157593</ele><time>2026-04-04T17:54:07.038Z</time></trkpt><trkpt lat="37.062569" lon="-111.881172"><ele>1298.402344</ele><time>2026-04-04T17:54:50.037Z</time></trkpt><trkpt lat="37.062416" lon="-111.880981"><ele>1294.369751</ele><time>2026-04-04T17:55:18.038Z</time></trkpt><trkpt lat="37.062332" lon="-111.880905"><ele>1294.145996</ele><time>2026-04-04T17:56:19.037Z</time></trkpt><trkpt lat="37.062038" lon="-111.880768"><ele>1292.979614</ele><time>2026-04-04T17:56:26.036Z</time></trkpt><trkpt lat="37.062057" lon="-111.880615"><ele>1291.974731</ele><time>2026-04-04T17:56:41.040Z</time></trkpt><trkpt lat="37.061924" lon="-111.880653"><ele>1293.57605</ele><time>2026-04-04T17:57:12.037Z</time></trkpt><trkpt lat="37.061489" lon="-111.880333"><ele>1293.126587</ele><time>2026-04-04T17:57:36.033Z</time></trkpt><trkpt lat="37.061375" lon="-111.880287"><ele>1293.164307</ele><time>2026-04-04T17:57:48.036Z</time></trkpt><trkpt lat="37.061035" lon="-111.879791"><ele>1299.577148</ele><time>2026-04-04T17:57:54.031Z</time></trkpt><trkpt lat="37.061096" lon="-111.879639"><ele>1297.880737</ele><time>2026-04-04T17:58:01.039Z</time></trkpt><trkpt lat="37.060841" lon="-111.879456"><ele>1295.69812</ele><time>2026-04-04T17:58:14.037Z</time></trkpt><trkpt lat="37.060722" lon="-111.879494"><ele>1294.567627</ele><time>2026-04-04T17:58:19.037Z</time></trkpt><trkpt lat="37.060551" lon="-111.879158"><ele>1300.554321</ele><time>2026-04-04T17:58:31.040Z</time></trkpt><trkpt lat="37.060322" lon="-111.879158"><ele>1299.490234</ele><time>2026-04-04T17:58:39.028Z</time></trkpt><trkpt lat="37.060043" lon="-111.879211"><ele>1295.415894</ele><time>2026-04-04T17:58:53.037Z</time></trkpt><trkpt lat="37.059628" lon="-111.87915"><ele>1292.302002</ele><time>2026-04-04T17:59:00.034Z</time></trkpt><trkpt lat="37.059528" lon="-111.87928"><ele>1291.264526</ele><time>2026-04-04T17:59:08.036Z</time></trkpt><trkpt lat="37.059452" lon="-111.879128"><ele>1291.319336</ele><time>2026-04-04T17:59:32.037Z</time></trkpt><trkpt lat="37.059555" lon="-111.878616"><ele>1290.975708</ele><time>2026-04-04T17:59:40.037Z</time></trkpt><trkpt lat="37.05957" lon="-111.878418"><ele>1294.156616</ele><time>2026-04-04T17:59:49.036Z</time></trkpt><trkpt lat="37.059616" lon="-111.878288"><ele>1294.306641</ele><time>2026-04-04T18:00:12.037Z</time></trkpt><trkpt lat="37.05978" lon="-111.87812"><ele>1296.729858</ele><time>2026-04-04T18:00:40.039Z</time></trkpt><trkpt lat="37.059738" lon="-111.878006"><ele>1298.90271</ele><time>2026-04-04T18:00:46.041Z</time></trkpt><trkpt lat="37.059673" lon="-111.877533"><ele>1291.499268</ele><time>2026-04-04T18:01:05.038Z</time></trkpt><trkpt lat="37.059605" lon="-111.877266"><ele>1291.360229</ele><time>2026-04-04T18:01:19.038Z</time></trkpt><trkpt lat="37.059616" lon="-111.877121"><ele>1291.042358</ele><time>2026-04-04T18:01:34.038Z</time></trkpt><trkpt lat="37.059639" lon="-111.87706"><ele>1290.966919</ele><time>2026-04-04T18:01:43.037Z</time></trkpt><trkpt lat="37.059658" lon="-111.876915"><ele>1291.037964</ele><time>2026-04-04T18:01:49.038Z</time></trkpt><trkpt lat="37.059582" lon="-111.876495"><ele>1296.454712</ele><time>2026-04-04T18:01:57.037Z</time></trkpt><trkpt lat="37.059471" lon="-111.876213"><ele>1298.355469</ele><time>2026-04-04T18:02:05.039Z</time></trkpt><trkpt lat="37.059391" lon="-111.876068"><ele>1302.405029</ele><time>2026-04-04T18:02:15.036Z</time></trkpt><trkpt lat="37.058895" lon="-111.87542"><ele>1289.734497</ele><time>2026-04-04T18:02:24.038Z</time></trkpt><trkpt lat="37.058826" lon="-111.875404"><ele>1289.276733</ele><time>2026-04-04T18:02:50.039Z</time></trkpt><trkpt lat="37.058537" lon="-111.875145"><ele>1290.544678</ele><time>2026-04-04T18:02:59.038Z</time></trkpt><trkpt lat="37.058365" lon="-111.875107"><ele>1290.627197</ele><time>2026-04-04T18:03:07.037Z</time></trkpt><trkpt lat="37.058292" lon="-111.875046"><ele>1290.10083</ele><time>2026-04-04T18:03:24.039Z</time></trkpt><trkpt lat="37.057899" lon="-111.875122"><ele>1289.322144</ele><time>2026-04-04T18:03:35.039Z</time></trkpt><trkpt lat="37.057819" lon="-111.875076"><ele>1289.839478</ele><time>2026-04-04T18:03:50.038Z</time></trkpt><trkpt lat="37.057476" lon="-111.875092"><ele>1287.578247</ele><time>2026-04-04T18:05:34.039Z</time></trkpt><trkpt lat="37.057281" lon="-111.875198"><ele>1288.769165</ele><time>2026-04-04T18:05:50.038Z</time></trkpt><trkpt lat="37.057186" lon="-111.875191"><ele>1287.993042</ele><time>2026-04-04T18:06:40.038Z</time></trkpt><trkpt lat="37.056908" lon="-111.875275"><ele>1287.798584</ele><time>2026-04-04T18:06:56.037Z</time></trkpt><trkpt lat="37.056808" lon="-111.875282"><ele>1288.120117</ele><time>2026-04-04T18:07:02.039Z</time></trkpt><trkpt lat="37.056236" lon="-111.875557"><ele>1288.106567</ele><time>2026-04-04T18:07:17.038Z</time></trkpt><trkpt lat="37.056034" lon="-111.875595"><ele>1289.399292</ele><time>2026-04-04T18:07:33.041Z</time></trkpt><trkpt lat="37.055939" lon="-111.875641"><ele>1289.22229</ele><time>2026-04-04T18:07:42.038Z</time></trkpt><trkpt lat="37.055241" lon="-111.875648"><ele>1289.290161</ele><time>2026-04-04T18:07:51.027Z</time></trkpt><trkpt lat="37.055035" lon="-111.875679"><ele>1288.991577</ele><time>2026-04-04T18:08:01.038Z</time></trkpt><trkpt lat="37.054749" lon="-111.875656"><ele>1288.967041</ele><time>2026-04-04T18:08:11.040Z</time></trkpt><trkpt lat="37.054657" lon="-111.875679"><ele>1289.494507</ele><time>2026-04-04T18:08:18.038Z</time></trkpt><trkpt lat="37.054581" lon="-111.875633"><ele>1289.248901</ele><time>2026-04-04T18:08:29.031Z</time></trkpt><trkpt lat="37.054531" lon="-111.875519"><ele>1289.266968</ele><time>2026-04-04T18:08:39.038Z</time></trkpt><trkpt lat="37.054462" lon="-111.875473"><ele>1288.604492</ele><time>2026-04-04T18:08:49.038Z</time></trkpt><trkpt lat="37.054226" lon="-111.875221"><ele>1289.420044</ele><time>2026-04-04T18:08:55.040Z</time></trkpt><trkpt lat="37.053959" lon="-111.875038"><ele>1288.637207</ele><time>2026-04-04T18:09:02.040Z</time></trkpt><trkpt lat="37.053848" lon="-111.874916"><ele>1286.276123</ele><time>2026-04-04T18:09:20.037Z</time></trkpt><trkpt lat="37.053768" lon="-111.874916"><ele>1286.589844</ele><time>2026-04-04T18:10:09.038Z</time></trkpt><trkpt lat="37.053627" lon="-111.87484"><ele>1286.509888</ele><time>2026-04-04T18:10:26.038Z</time></trkpt><trkpt lat="37.053566" lon="-111.874771"><ele>1285.990234</ele><time>2026-04-04T18:10:35.029Z</time></trkpt><trkpt lat="37.053196" lon="-111.874634"><ele>1296.759155</ele><time>2026-04-04T18:10:44.037Z</time></trkpt><trkpt lat="37.053139" lon="-111.874687"><ele>1296.515015</ele><time>2026-04-04T18:10:52.030Z</time></trkpt><trkpt lat="37.052864" lon="-111.874702"><ele>1297.76416</ele><time>2026-04-04T18:11:12.039Z</time></trkpt><trkpt lat="37.052799" lon="-111.874763"><ele>1297.967041</ele><time>2026-04-04T18:11:31.031Z</time></trkpt><trkpt lat="37.052616" lon="-111.874718"><ele>1298.997803</ele><time>2026-04-04T18:11:41.032Z</time></trkpt><trkpt lat="37.052544" lon="-111.874756"><ele>1297.893188</ele><time>2026-04-04T18:11:53.039Z</time></trkpt><trkpt lat="37.052471" lon="-111.874725"><ele>1298.162964</ele><time>2026-04-04T18:12:13.027Z</time></trkpt><trkpt lat="37.052395" lon="-111.874733"><ele>1295.247559</ele><time>2026-04-04T18:12:22.033Z</time></trkpt><trkpt lat="37.052326" lon="-111.874794"><ele>1295.246094</ele><time>2026-04-04T18:12:55.026Z</time></trkpt><trkpt lat="37.052155" lon="-111.874847"><ele>1294.876587</ele><time>2026-04-04T18:13:07.031Z</time></trkpt><trkpt lat="37.051975" lon="-111.874825"><ele>1295.860352</ele><time>2026-04-04T18:13:16.027Z</time></trkpt><trkpt lat="37.051834" lon="-111.874992"><ele>1292.453369</ele><time>2026-04-04T18:13:37.033Z</time></trkpt><trkpt lat="37.051811" lon="-111.875092"><ele>1292.630615</ele><time>2026-04-04T18:13:49.038Z</time></trkpt><trkpt lat="37.051582" lon="-111.875191"><ele>1292.784912</ele><time>2026-04-04T18:14:15.038Z</time></trkpt><trkpt lat="37.051468" lon="-111.875107"><ele>1292.439453</ele><time>2026-04-04T18:14:48.038Z</time></trkpt><trkpt lat="37.051384" lon="-111.875183"><ele>1292.248413</ele><time>2026-04-04T18:15:02.031Z</time></trkpt><trkpt lat="37.051334" lon="-111.875298"><ele>1292.286377</ele><time>2026-04-04T18:15:35.037Z</time></trkpt><trkpt lat="37.051247" lon="-111.875351"><ele>1291.889648</ele><time>2026-04-04T18:15:47.037Z</time></trkpt><trkpt lat="37.051197" lon="-111.875458"><ele>1292.783081</ele><time>2026-04-04T18:15:56.037Z</time></trkpt><trkpt lat="37.05106" lon="-111.875595"><ele>1290.216675</ele><time>2026-04-04T18:16:26.039Z</time></trkpt><trkpt lat="37.051048" lon="-111.87571"><ele>1291.049561</ele><time>2026-04-04T18:16:47.038Z</time></trkpt><trkpt lat="37.051117" lon="-111.875771"><ele>1285.448608</ele><time>2026-04-04T18:17:15.037Z</time></trkpt><trkpt lat="37.051018" lon="-111.875748"><ele>1286.096924</ele><time>2026-04-04T18:18:04.037Z</time></trkpt><trkpt lat="37.050945" lon="-111.875595"><ele>1286.296021</ele><time>2026-04-04T18:18:20.037Z</time></trkpt><trkpt lat="37.050987" lon="-111.875687"><ele>1292.209839</ele><time>2026-04-04T18:18:26.031Z</time></trkpt><trkpt lat="37.050823" lon="-111.87574"><ele>1301.054565</ele><time>2026-04-04T18:18:39.037Z</time></trkpt><trkpt lat="37.050373" lon="-111.876076"><ele>1287.400513</ele><time>2026-04-04T18:20:25.039Z</time></trkpt><trkpt lat="37.050293" lon="-111.876076"><ele>1287.383057</ele><time>2026-04-04T18:20:42.039Z</time></trkpt><trkpt lat="37.050167" lon="-111.876122"><ele>1289.085815</ele><time>2026-04-04T18:20:54.039Z</time></trkpt><trkpt lat="37.050114" lon="-111.876099"><ele>1288.950562</ele><time>2026-04-04T18:21:08.037Z</time></trkpt><trkpt lat="37.050072" lon="-111.876045"><ele>1289.176025</ele><time>2026-04-04T18:21:17.038Z</time></trkpt><trkpt lat="37.049774" lon="-111.875824"><ele>1285.110474</ele><time>2026-04-04T18:22:00.040Z</time></trkpt><trkpt lat="37.049698" lon="-111.875748"><ele>1284.67749</ele><time>2026-04-04T18:22:16.033Z</time></trkpt><trkpt lat="37.049686" lon="-111.875687"><ele>1285.708618</ele><time>2026-04-04T18:22:22.037Z</time></trkpt><trkpt lat="37.049603" lon="-111.875618"><ele>1285.392212</ele><time>2026-04-04T18:22:28.037Z</time></trkpt><trkpt lat="37.049389" lon="-111.875381"><ele>1284.352051</ele><time>2026-04-04T18:22:34.029Z</time></trkpt><trkpt lat="37.049339" lon="-111.875343"><ele>1285.022095</ele><time>2026-04-04T18:22:40.038Z</time></trkpt><trkpt lat="37.049118" lon="-111.875237"><ele>1282.531128</ele><time>2026-04-04T18:22:59.040Z</time></trkpt><trkpt lat="37.048965" lon="-111.875084"><ele>1284.103271</ele><time>2026-04-04T18:23:29.038Z</time></trkpt><trkpt lat="37.048706" lon="-111.874733"><ele>1282.331543</ele><time>2026-04-04T18:23:51.037Z</time></trkpt><trkpt lat="37.048546" lon="-111.874367"><ele>1279.064331</ele><time>2026-04-04T18:24:03.030Z</time></trkpt><trkpt lat="37.048431" lon="-111.873627"><ele>1283.102905</ele><time>2026-04-04T18:24:44.030Z</time></trkpt><trkpt lat="37.048367" lon="-111.873466"><ele>1282.244995</ele><time>2026-04-04T18:24:50.040Z</time></trkpt><trkpt lat="37.048222" lon="-111.873322"><ele>1281.183838</ele><time>2026-04-04T18:24:56.030Z</time></trkpt><trkpt lat="37.048092" lon="-111.873138"><ele>1283.916382</ele><time>2026-04-04T18:25:16.029Z</time></trkpt><trkpt lat="37.047985" lon="-111.873055"><ele>1285.329224</ele><time>2026-04-04T18:25:21.038Z</time></trkpt><trkpt lat="37.047718" lon="-111.87291"><ele>1281.079712</ele><time>2026-04-04T18:25:43.025Z</time></trkpt><trkpt lat="37.047665" lon="-111.872856"><ele>1280.492188</ele><time>2026-04-04T18:25:50.030Z</time></trkpt><trkpt lat="37.04768" lon="-111.872734"><ele>1281.57312</ele><time>2026-04-04T18:26:06.028Z</time></trkpt><trkpt lat="37.047661" lon="-111.872833"><ele>1280.794678</ele><time>2026-04-04T18:26:13.028Z</time></trkpt><trkpt lat="37.047321" lon="-111.872459"><ele>1279.367188</ele><time>2026-04-04T18:26:22.029Z</time></trkpt><trkpt lat="37.047287" lon="-111.872383"><ele>1279.359009</ele><time>2026-04-04T18:26:30.030Z</time></trkpt><trkpt lat="37.047073" lon="-111.872116"><ele>1282.456177</ele><time>2026-04-04T18:26:46.027Z</time></trkpt><trkpt lat="37.046909" lon="-111.871857"><ele>1281.061157</ele><time>2026-04-04T18:26:54.028Z</time></trkpt><trkpt lat="37.046825" lon="-111.871674"><ele>1281.675903</ele><time>2026-04-04T18:27:01.028Z</time></trkpt><trkpt lat="37.046684" lon="-111.871307"><ele>1278.610718</ele><time>2026-04-04T18:27:31.027Z</time></trkpt><trkpt lat="37.046707" lon="-111.871201"><ele>1278.479858</ele><time>2026-04-04T18:27:49.026Z</time></trkpt><trkpt lat="37.04652" lon="-111.870819"><ele>1281.130737</ele><time>2026-04-04T18:27:57.029Z</time></trkpt><trkpt lat="37.046249" lon="-111.870422"><ele>1280.896362</ele><time>2026-04-04T18:28:06.026Z</time></trkpt><trkpt lat="37.046207" lon="-111.870331"><ele>1279.86145</ele><time>2026-04-04T18:28:25.033Z</time></trkpt><trkpt lat="37.046074" lon="-111.869789"><ele>1278.447998</ele><time>2026-04-04T18:28:34.036Z</time></trkpt><trkpt lat="37.045925" lon="-111.869591"><ele>1278.544678</ele><time>2026-04-04T18:28:42.030Z</time></trkpt><trkpt lat="37.045929" lon="-111.869453"><ele>1278.248779</ele><time>2026-04-04T18:29:08.027Z</time></trkpt><trkpt lat="37.045883" lon="-111.869331"><ele>1278.257202</ele><time>2026-04-04T18:29:28.028Z</time></trkpt><trkpt lat="37.045807" lon="-111.869225"><ele>1279.041016</ele><time>2026-04-04T18:29:48.027Z</time></trkpt><trkpt lat="37.045307" lon="-111.868996"><ele>1286.187622</ele><time>2026-04-04T18:29:57.033Z</time></trkpt><trkpt lat="37.045231" lon="-111.869041"><ele>1283.970459</ele><time>2026-04-04T18:30:13.028Z</time></trkpt><trkpt lat="37.045086" lon="-111.869003"><ele>1284.978394</ele><time>2026-04-04T18:30:42.029Z</time></trkpt><trkpt lat="37.04488" lon="-111.869049"><ele>1281.520996</ele><time>2026-04-04T18:31:02.028Z</time></trkpt><trkpt lat="37.044632" lon="-111.86908"><ele>1279.975464</ele><time>2026-04-04T18:31:19.040Z</time></trkpt><trkpt lat="37.044426" lon="-111.869064"><ele>1278.125488</ele><time>2026-04-04T18:31:28.029Z</time></trkpt><trkpt lat="37.044277" lon="-111.869019"><ele>1278.603149</ele><time>2026-04-04T18:31:46.039Z</time></trkpt><trkpt lat="37.044083" lon="-111.868996"><ele>1278.702881</ele><time>2026-04-04T18:31:55.025Z</time></trkpt><trkpt lat="37.043842" lon="-111.86908"><ele>1277.94873</ele><time>2026-04-04T18:32:02.027Z</time></trkpt><trkpt lat="37.043694" lon="-111.869041"><ele>1278.093384</ele><time>2026-04-04T18:32:06.038Z</time></trkpt><trkpt lat="37.043533" lon="-111.868889"><ele>1281.058105</ele><time>2026-04-04T18:32:20.027Z</time></trkpt><trkpt lat="37.043453" lon="-111.868912"><ele>1280.165771</ele><time>2026-04-04T18:32:35.025Z</time></trkpt><trkpt lat="37.043385" lon="-111.868958"><ele>1280.758057</ele><time>2026-04-04T18:32:41.037Z</time></trkpt><trkpt lat="37.043354" lon="-111.869041"><ele>1279.990234</ele><time>2026-04-04T18:32:48.038Z</time></trkpt><trkpt lat="37.043228" lon="-111.869095"><ele>1280.75769</ele><time>2026-04-04T18:33:10.027Z</time></trkpt><trkpt lat="37.043076" lon="-111.869133"><ele>1279.250488</ele><time>2026-04-04T18:33:16.027Z</time></trkpt><trkpt lat="37.04295" lon="-111.869026"><ele>1279.579224</ele><time>2026-04-04T18:33:29.028Z</time></trkpt><trkpt lat="37.042877" lon="-111.868988"><ele>1280.412598</ele><time>2026-04-04T18:33:38.028Z</time></trkpt><trkpt lat="37.042828" lon="-111.869049"><ele>1280.566528</ele><time>2026-04-04T18:33:46.039Z</time></trkpt><trkpt lat="37.042622" lon="-111.869133"><ele>1280.281372</ele><time>2026-04-04T18:33:55.036Z</time></trkpt><trkpt lat="37.042477" lon="-111.869125"><ele>1281.123657</ele><time>2026-04-04T18:34:01.036Z</time></trkpt><trkpt lat="37.042439" lon="-111.869209"><ele>1280.240723</ele><time>2026-04-04T18:34:37.039Z</time></trkpt><trkpt lat="37.042305" lon="-111.869247"><ele>1279.439209</ele><time>2026-04-04T18:34:42.037Z</time></trkpt><trkpt lat="37.042229" lon="-111.869225"><ele>1279.750122</ele><time>2026-04-04T18:34:57.036Z</time></trkpt><trkpt lat="37.042095" lon="-111.869301"><ele>1278.778076</ele><time>2026-04-04T18:35:06.038Z</time></trkpt><trkpt lat="37.041969" lon="-111.869179"><ele>1280.363037</ele><time>2026-04-04T18:35:16.028Z</time></trkpt><trkpt lat="37.041851" lon="-111.869286"><ele>1279.47876</ele><time>2026-04-04T18:35:28.038Z</time></trkpt><trkpt lat="37.041763" lon="-111.869286"><ele>1279.747559</ele><time>2026-04-04T18:35:38.038Z</time></trkpt><trkpt lat="37.04171" lon="-111.869347"><ele>1278.998657</ele><time>2026-04-04T18:35:45.038Z</time></trkpt><trkpt lat="37.041641" lon="-111.86937"><ele>1279.181152</ele><time>2026-04-04T18:35:53.034Z</time></trkpt><trkpt lat="37.041569" lon="-111.869347"><ele>1279.095337</ele><time>2026-04-04T18:36:06.036Z</time></trkpt><trkpt lat="37.041378" lon="-111.8694"><ele>1276.72876</ele><time>2026-04-04T18:36:13.033Z</time></trkpt><trkpt lat="37.04105" lon="-111.869339"><ele>1277.557251</ele><time>2026-04-04T18:36:30.039Z</time></trkpt><trkpt lat="37.040825" lon="-111.869194"><ele>1279.494995</ele><time>2026-04-04T18:36:52.037Z</time></trkpt><trkpt lat="37.040768" lon="-111.869225"><ele>1279.09729</ele><time>2026-04-04T18:37:10.027Z</time></trkpt><trkpt lat="37.04071" lon="-111.869202"><ele>1279.426636</ele><time>2026-04-04T18:37:20.027Z</time></trkpt><trkpt lat="37.040596" lon="-111.869225"><ele>1278.797607</ele><time>2026-04-04T18:37:29.025Z</time></trkpt><trkpt lat="37.040279" lon="-111.869064"><ele>1276.307617</ele><time>2026-04-04T18:37:42.031Z</time></trkpt><trkpt lat="37.04015" lon="-111.869019"><ele>1276.994141</ele><time>2026-04-04T18:37:45.025Z</time></trkpt><trkpt lat="37.039677" lon="-111.86869"><ele>1276.464478</ele><time>2026-04-04T18:37:55.040Z</time></trkpt><trkpt lat="37.039608" lon="-111.868744"><ele>1276.889893</ele><time>2026-04-04T18:38:04.037Z</time></trkpt><trkpt lat="37.039455" lon="-111.868729"><ele>1276.016724</ele><time>2026-04-04T18:38:12.036Z</time></trkpt><trkpt lat="37.039074" lon="-111.868576"><ele>1276.179688</ele><time>2026-04-04T18:38:20.037Z</time></trkpt><trkpt lat="37.038731" lon="-111.868507"><ele>1275.64502</ele><time>2026-04-04T18:38:34.039Z</time></trkpt><trkpt lat="37.038654" lon="-111.868477"><ele>1275.461182</ele><time>2026-04-04T18:38:45.027Z</time></trkpt><trkpt lat="37.038425" lon="-111.86834"><ele>1274.831909</ele><time>2026-04-04T18:39:03.032Z</time></trkpt><trkpt lat="37.038246" lon="-111.868301"><ele>1275.888672</ele><time>2026-04-04T18:39:12.040Z</time></trkpt><trkpt lat="37.038074" lon="-111.868332"><ele>1274.723022</ele><time>2026-04-04T18:39:23.032Z</time></trkpt><trkpt lat="37.038006" lon="-111.868324"><ele>1275.203491</ele><time>2026-04-04T18:39:47.029Z</time></trkpt><trkpt lat="37.037403" lon="-111.868507"><ele>1277.296753</ele><time>2026-04-04T18:41:50.038Z</time></trkpt><trkpt lat="37.037262" lon="-111.868607"><ele>1276.760986</ele><time>2026-04-04T18:42:40.039Z</time></trkpt><trkpt lat="37.036869" lon="-111.868652"><ele>1279.085571</ele><time>2026-04-04T18:42:46.037Z</time></trkpt><trkpt lat="37.036785" lon="-111.868706"><ele>1279.062012</ele><time>2026-04-04T18:42:58.029Z</time></trkpt><trkpt lat="37.036263" lon="-111.86895"><ele>1276.534058</ele><time>2026-04-04T18:43:03.041Z</time></trkpt><trkpt lat="37.035839" lon="-111.868881"><ele>1276.000366</ele><time>2026-04-04T18:43:09.031Z</time></trkpt><trkpt lat="37.035702" lon="-111.868874"><ele>1275.458496</ele><time>2026-04-04T18:43:37.028Z</time></trkpt><trkpt lat="37.03548" lon="-111.868828"><ele>1277.425781</ele><time>2026-04-04T18:43:41.034Z</time></trkpt><trkpt lat="37.035263" lon="-111.868744"><ele>1279.511108</ele><time>2026-04-04T18:43:45.038Z</time></trkpt><trkpt lat="37.034943" lon="-111.868744"><ele>1280.812866</ele><time>2026-04-04T18:43:48.034Z</time></trkpt><trkpt lat="37.03463" lon="-111.868698"><ele>1280.958008</ele><time>2026-04-04T18:43:52.027Z</time></trkpt><trkpt lat="37.034523" lon="-111.868706"><ele>1278.5177</ele><time>2026-04-04T18:43:56.027Z</time></trkpt><trkpt lat="37.034328" lon="-111.868675"><ele>1277.573486</ele><time>2026-04-04T18:44:03.030Z</time></trkpt><trkpt lat="37.034233" lon="-111.868629"><ele>1277.778931</ele><time>2026-04-04T18:44:14.029Z</time></trkpt><trkpt lat="37.034138" lon="-111.868614"><ele>1276.341187</ele><time>2026-04-04T18:44:19.029Z</time></trkpt><trkpt lat="37.034035" lon="-111.868645"><ele>1278.796387</ele><time>2026-04-04T18:44:24.040Z</time></trkpt><trkpt lat="37.033939" lon="-111.868629"><ele>1277.16748</ele><time>2026-04-04T18:44:46.036Z</time></trkpt><trkpt lat="37.034008" lon="-111.868721"><ele>1279.58252</ele><time>2026-04-04T18:45:01.028Z</time></trkpt><trkpt lat="37.033745" lon="-111.868912"><ele>1276.782349</ele><time>2026-04-04T18:45:23.029Z</time></trkpt><trkpt lat="37.033524" lon="-111.868988"><ele>1279.198608</ele><time>2026-04-04T18:45:36.028Z</time></trkpt><trkpt lat="37.033344" lon="-111.86908"><ele>1284.213257</ele><time>2026-04-04T18:46:05.028Z</time></trkpt><trkpt lat="37.033398" lon="-111.869179"><ele>1278.364502</ele><time>2026-04-04T18:46:56.028Z</time></trkpt><trkpt lat="37.033318" lon="-111.869453"><ele>1278.54895</ele><time>2026-04-04T18:47:04.027Z</time></trkpt><trkpt lat="37.033218" lon="-111.869629"><ele>1278.976807</ele><time>2026-04-04T18:47:10.039Z</time></trkpt><trkpt lat="37.033112" lon="-111.869743"><ele>1277.294556</ele><time>2026-04-04T18:47:29.029Z</time></trkpt><trkpt lat="37.033039" lon="-111.869987"><ele>1276.105225</ele><time>2026-04-04T18:47:39.028Z</time></trkpt><trkpt lat="37.032871" lon="-111.870247"><ele>1278.964844</ele><time>2026-04-04T18:47:43.034Z</time></trkpt><trkpt lat="37.0327" lon="-111.870346"><ele>1274.769775</ele><time>2026-04-04T18:47:55.038Z</time></trkpt><trkpt lat="37.032619" lon="-111.870415"><ele>1276.909668</ele><time>2026-04-04T18:48:18.027Z</time></trkpt><trkpt lat="37.032314" lon="-111.870758"><ele>1280.851196</ele><time>2026-04-04T18:48:23.041Z</time></trkpt><trkpt lat="37.032234" lon="-111.870911"><ele>1277.591431</ele><time>2026-04-04T18:48:28.031Z</time></trkpt><trkpt lat="37.031998" lon="-111.871048"><ele>1280.469849</ele><time>2026-04-04T18:48:43.029Z</time></trkpt><trkpt lat="37.031952" lon="-111.871155"><ele>1278.101196</ele><time>2026-04-04T18:48:58.025Z</time></trkpt><trkpt lat="37.0317" lon="-111.87146"><ele>1280.152588</ele><time>2026-04-04T18:50:28.028Z</time></trkpt><trkpt lat="37.031448" lon="-111.871674"><ele>1282.768799</ele><time>2026-04-04T18:51:30.028Z</time></trkpt><trkpt lat="37.031143" lon="-111.871696"><ele>1275.810913</ele><time>2026-04-04T18:51:37.037Z</time></trkpt><trkpt lat="37.03109" lon="-111.871674"><ele>1276.584595</ele><time>2026-04-04T18:52:23.028Z</time></trkpt><trkpt lat="37.030933" lon="-111.871521"><ele>1283.512207</ele><time>2026-04-04T18:52:50.031Z</time></trkpt><trkpt lat="37.030727" lon="-111.871368"><ele>1280.339111</ele><time>2026-04-04T18:53:00.037Z</time></trkpt><trkpt lat="37.030708" lon="-111.871292"><ele>1284.150757</ele><time>2026-04-04T18:53:33.037Z</time></trkpt><trkpt lat="37.030716" lon="-111.871193"><ele>1284.675537</ele><time>2026-04-04T18:53:42.027Z</time></trkpt><trkpt lat="37.03067" lon="-111.87101"><ele>1283.113525</ele><time>2026-04-04T18:54:09.027Z</time></trkpt><trkpt lat="37.030571" lon="-111.870888"><ele>1283.096802</ele><time>2026-04-04T18:54:30.027Z</time></trkpt><trkpt lat="37.030491" lon="-111.870705"><ele>1285.734985</ele><time>2026-04-04T18:54:46.028Z</time></trkpt><trkpt lat="37.03051" lon="-111.870567"><ele>1284.874756</ele><time>2026-04-04T18:54:52.031Z</time></trkpt><trkpt lat="37.030453" lon="-111.870445"><ele>1287.68335</ele><time>2026-04-04T18:55:38.028Z</time></trkpt><trkpt lat="37.030262" lon="-111.870285"><ele>1289.540039</ele><time>2026-04-04T18:55:45.028Z</time></trkpt><trkpt lat="37.0299" lon="-111.87011"><ele>1280.271973</ele><time>2026-04-04T18:56:05.028Z</time></trkpt><trkpt lat="37.029839" lon="-111.870041"><ele>1280.829712</ele><time>2026-04-04T18:56:11.043Z</time></trkpt><trkpt lat="37.02972" lon="-111.869881"><ele>1276.049438</ele><time>2026-04-04T18:56:17.029Z</time></trkpt><trkpt lat="37.029564" lon="-111.869591"><ele>1282.422729</ele><time>2026-04-04T18:56:24.030Z</time></trkpt><trkpt lat="37.029514" lon="-111.869293"><ele>1276.7229</ele><time>2026-04-04T18:57:12.034Z</time></trkpt><trkpt lat="37.02943" lon="-111.869263"><ele>1273.448486</ele><time>2026-04-04T18:57:18.029Z</time></trkpt><trkpt lat="37.029213" lon="-111.868904"><ele>1281.147217</ele><time>2026-04-04T18:57:30.033Z</time></trkpt><trkpt lat="37.029167" lon="-111.868446"><ele>1268.637939</ele><time>2026-04-04T18:57:50.030Z</time></trkpt><trkpt lat="37.029079" lon="-111.868004"><ele>1281.922363</ele><time>2026-04-04T18:58:44.029Z</time></trkpt><trkpt lat="37.028877" lon="-111.867409"><ele>1268.902466</ele><time>2026-04-04T18:58:50.030Z</time></trkpt><trkpt lat="37.028782" lon="-111.866966"><ele>1278.150024</ele><time>2026-04-04T18:59:01.033Z</time></trkpt><trkpt lat="37.028847" lon="-111.866829"><ele>1275.782837</ele><time>2026-04-04T18:59:14.021Z</time></trkpt><trkpt lat="37.028782" lon="-111.866859"><ele>1278.953369</ele><time>2026-04-04T18:59:24.030Z</time></trkpt><trkpt lat="37.028828" lon="-111.866394"><ele>1282.440063</ele><time>2026-04-04T18:59:28.029Z</time></trkpt><trkpt lat="37.028606" lon="-111.866081"><ele>1277.738037</ele><time>2026-04-04T18:59:34.038Z</time></trkpt><trkpt lat="37.028427" lon="-111.865913"><ele>1277.649658</ele><time>2026-04-04T18:59:46.029Z</time></trkpt><trkpt lat="37.028542" lon="-111.865898"><ele>1277.625</ele><time>2026-04-04T18:59:52.027Z</time></trkpt><trkpt lat="37.028496" lon="-111.865982"><ele>1278.978638</ele><time>2026-04-04T18:59:58.031Z</time></trkpt><trkpt lat="37.028187" lon="-111.865417"><ele>1283.12854</ele><time>2026-04-04T19:00:19.029Z</time></trkpt><trkpt lat="37.028198" lon="-111.865318"><ele>1282.882446</ele><time>2026-04-04T19:00:27.027Z</time></trkpt><trkpt lat="37.028175" lon="-111.86515"><ele>1283.44397</ele><time>2026-04-04T19:00:33.037Z</time></trkpt><trkpt lat="37.028088" lon="-111.864937"><ele>1272.628662</ele><time>2026-04-04T19:00:38.029Z</time></trkpt><trkpt lat="37.028072" lon="-111.864838"><ele>1272.52124</ele><time>2026-04-04T19:00:51.036Z</time></trkpt><trkpt lat="37.028072" lon="-111.864754"><ele>1273.618652</ele><time>2026-04-04T19:01:08.029Z</time></trkpt><trkpt lat="37.028118" lon="-111.864632"><ele>1273.099731</ele><time>2026-04-04T19:01:17.027Z</time></trkpt><trkpt lat="37.028103" lon="-111.864334"><ele>1273.328003</ele><time>2026-04-04T19:01:23.040Z</time></trkpt><trkpt lat="37.028164" lon="-111.863991"><ele>1285.889648</ele><time>2026-04-04T19:01:30.038Z</time></trkpt><trkpt lat="37.027897" lon="-111.864105"><ele>1288.835083</ele><time>2026-04-04T19:01:35.021Z</time></trkpt><trkpt lat="37.027809" lon="-111.864212"><ele>1288.884277</ele><time>2026-04-04T19:01:57.029Z</time></trkpt><trkpt lat="37.027748" lon="-111.864258"><ele>1287.032959</ele><time>2026-04-04T19:02:18.038Z</time></trkpt><trkpt lat="37.02776" lon="-111.864151"><ele>1287.13855</ele><time>2026-04-04T19:02:25.027Z</time></trkpt><trkpt lat="37.027622" lon="-111.864029"><ele>1288.317871</ele><time>2026-04-04T19:02:42.037Z</time></trkpt><trkpt lat="37.027519" lon="-111.863983"><ele>1291.270264</ele><time>2026-04-04T19:02:48.037Z</time></trkpt><trkpt lat="37.027454" lon="-111.863907"><ele>1290.194214</ele><time>2026-04-04T19:03:05.037Z</time></trkpt><trkpt lat="37.02739" lon="-111.863792"><ele>1298.442261</ele><time>2026-04-04T19:03:20.038Z</time></trkpt><trkpt lat="37.027309" lon="-111.863907"><ele>1301.374756</ele><time>2026-04-04T19:03:36.031Z</time></trkpt><trkpt lat="37.027355" lon="-111.863815"><ele>1300.468384</ele><time>2026-04-04T19:03:45.034Z</time></trkpt><trkpt lat="37.027431" lon="-111.863564"><ele>1310.805054</ele><time>2026-04-04T19:03:54.037Z</time></trkpt><trkpt lat="37.027382" lon="-111.86364"><ele>1312.564697</ele><time>2026-04-04T19:04:02.026Z</time></trkpt><trkpt lat="37.027344" lon="-111.863754"><ele>1309.664063</ele><time>2026-04-04T19:04:16.036Z</time></trkpt><trkpt lat="37.027153" lon="-111.863953"><ele>1307.397461</ele><time>2026-04-04T19:04:39.026Z</time></trkpt><trkpt lat="37.027115" lon="-111.863579"><ele>1296.225098</ele><time>2026-04-04T19:05:00.033Z</time></trkpt><trkpt lat="37.026993" lon="-111.863701"><ele>1298.4729</ele><time>2026-04-04T19:05:14.037Z</time></trkpt><trkpt lat="37.026947" lon="-111.863846"><ele>1297.426636</ele><time>2026-04-04T19:05:38.037Z</time></trkpt><trkpt lat="37.026867" lon="-111.863853"><ele>1292.535522</ele><time>2026-04-04T19:05:44.030Z</time></trkpt><trkpt lat="37.026779" lon="-111.863762"><ele>1291.53125</ele><time>2026-04-04T19:05:48.038Z</time></trkpt><trkpt lat="37.026623" lon="-111.863518"><ele>1301.217163</ele><time>2026-04-04T19:05:59.026Z</time></trkpt><trkpt lat="37.02636" lon="-111.863724"><ele>1313.295288</ele><time>2026-04-04T19:06:36.040Z</time></trkpt><trkpt lat="37.026176" lon="-111.86396"><ele>1306.552002</ele><time>2026-04-04T19:06:52.038Z</time></trkpt><trkpt lat="37.026161" lon="-111.864105"><ele>1292.936035</ele><time>2026-04-04T19:07:08.037Z</time></trkpt><trkpt lat="37.026276" lon="-111.86425"><ele>1290.732788</ele><time>2026-04-04T19:07:30.029Z</time></trkpt><trkpt lat="37.026165" lon="-111.864227"><ele>1291.296387</ele><time>2026-04-04T19:07:35.037Z</time></trkpt><trkpt lat="37.026001" lon="-111.864059"><ele>1279.853394</ele><time>2026-04-04T19:07:44.036Z</time></trkpt><trkpt lat="37.02589" lon="-111.864151"><ele>1278.909424</ele><time>2026-04-04T19:08:11.030Z</time></trkpt><trkpt lat="37.02578" lon="-111.864197"><ele>1272.019531</ele><time>2026-04-04T19:08:25.039Z</time></trkpt><trkpt lat="37.025608" lon="-111.86441"><ele>1280.350586</ele><time>2026-04-04T19:08:50.038Z</time></trkpt><trkpt lat="37.025352" lon="-111.864334"><ele>1287.226074</ele><time>2026-04-04T19:08:56.039Z</time></trkpt><trkpt lat="37.025372" lon="-111.864487"><ele>1286.431274</ele><time>2026-04-04T19:09:01.038Z</time></trkpt><trkpt lat="37.025257" lon="-111.864449"><ele>1288.99939</ele><time>2026-04-04T19:09:21.038Z</time></trkpt><trkpt lat="37.025276" lon="-111.864326"><ele>1289.217041</ele><time>2026-04-04T19:09:34.039Z</time></trkpt><trkpt lat="37.024929" lon="-111.864159"><ele>1278.337646</ele><time>2026-04-04T19:09:40.038Z</time></trkpt><trkpt lat="37.024803" lon="-111.864044"><ele>1281.862549</ele><time>2026-04-04T19:09:45.037Z</time></trkpt><trkpt lat="37.024773" lon="-111.86396"><ele>1281.540161</ele><time>2026-04-04T19:10:03.038Z</time></trkpt><trkpt lat="37.02467" lon="-111.86396"><ele>1271.423828</ele><time>2026-04-04T19:10:20.039Z</time></trkpt><trkpt lat="37.02457" lon="-111.863808"><ele>1270.484009</ele><time>2026-04-04T19:10:39.038Z</time></trkpt><trkpt lat="37.024414" lon="-111.863678"><ele>1285.031006</ele><time>2026-04-04T19:10:46.039Z</time></trkpt><trkpt lat="37.024441" lon="-111.863564"><ele>1286.448486</ele><time>2026-04-04T19:10:59.040Z</time></trkpt><trkpt lat="37.02441" lon="-111.863174"><ele>1271.053223</ele><time>2026-04-04T19:11:39.036Z</time></trkpt><trkpt lat="37.024494" lon="-111.862991"><ele>1271.187622</ele><time>2026-04-04T19:11:53.037Z</time></trkpt><trkpt lat="37.024445" lon="-111.862671"><ele>1274.478516</ele><time>2026-04-04T19:12:32.036Z</time></trkpt><trkpt lat="37.024487" lon="-111.862564"><ele>1279.302612</ele><time>2026-04-04T19:12:42.036Z</time></trkpt><trkpt lat="37.024418" lon="-111.862335"><ele>1282.192871</ele><time>2026-04-04T19:12:51.036Z</time></trkpt><trkpt lat="37.024731" lon="-111.861847"><ele>1290.208984</ele><time>2026-04-04T19:13:33.036Z</time></trkpt><trkpt lat="37.02457" lon="-111.861778"><ele>1296.233521</ele><time>2026-04-04T19:13:48.036Z</time></trkpt><trkpt lat="37.024464" lon="-111.86171"><ele>1296.339478</ele><time>2026-04-04T19:14:04.039Z</time></trkpt><trkpt lat="37.024532" lon="-111.861549"><ele>1309.379028</ele><time>2026-04-04T19:14:12.042Z</time></trkpt><trkpt lat="37.024338" lon="-111.861488"><ele>1306.417725</ele><time>2026-04-04T19:14:25.036Z</time></trkpt><trkpt lat="37.024223" lon="-111.861229"><ele>1290.945068</ele><time>2026-04-04T19:14:43.037Z</time></trkpt><trkpt lat="37.024212" lon="-111.861107"><ele>1288.937744</ele><time>2026-04-04T19:14:51.034Z</time></trkpt><trkpt lat="37.02404" lon="-111.860924"><ele>1293.493286</ele><time>2026-04-04T19:15:07.026Z</time></trkpt><trkpt lat="37.023872" lon="-111.860893"><ele>1291.367676</ele><time>2026-04-04T19:15:13.030Z</time></trkpt><trkpt lat="37.023815" lon="-111.86071"><ele>1286.760742</ele><time>2026-04-04T19:15:33.036Z</time></trkpt><trkpt lat="37.023762" lon="-111.860344"><ele>1290.98291</ele><time>2026-04-04T19:15:54.037Z</time></trkpt><trkpt lat="37.023682" lon="-111.860382"><ele>1295.129395</ele><time>2026-04-04T19:16:03.030Z</time></trkpt><trkpt lat="37.023232" lon="-111.860306"><ele>1276.488403</ele><time>2026-04-04T19:16:16.037Z</time></trkpt><trkpt lat="37.02301" lon="-111.860237"><ele>1275.919922</ele><time>2026-04-04T19:16:37.033Z</time></trkpt><trkpt lat="37.022945" lon="-111.860161"><ele>1278.455933</ele><time>2026-04-04T19:16:46.036Z</time></trkpt><trkpt lat="37.022911" lon="-111.860039"><ele>1276.713013</ele><time>2026-04-04T19:16:53.037Z</time></trkpt><trkpt lat="37.022945" lon="-111.859825"><ele>1280.76123</ele><time>2026-04-04T19:17:00.037Z</time></trkpt><trkpt lat="37.022934" lon="-111.859543"><ele>1278.744263</ele><time>2026-04-04T19:17:11.039Z</time></trkpt><trkpt lat="37.022762" lon="-111.859047"><ele>1282.391968</ele><time>2026-04-04T19:17:38.036Z</time></trkpt><trkpt lat="37.022686" lon="-111.858917"><ele>1311.557251</ele><time>2026-04-04T19:18:59.036Z</time></trkpt><trkpt lat="37.022346" lon="-111.859016"><ele>1313.524902</ele><time>2026-04-04T19:19:35.037Z</time></trkpt><trkpt lat="37.022236" lon="-111.858894"><ele>1310.272705</ele><time>2026-04-04T19:19:57.036Z</time></trkpt><trkpt lat="37.022224" lon="-111.859077"><ele>1306.58252</ele><time>2026-04-04T19:20:29.024Z</time></trkpt><trkpt lat="37.022148" lon="-111.858917"><ele>1302.973633</ele><time>2026-04-04T19:50:33.027Z</time></trkpt><trkpt lat="37.022038" lon="-111.85907"><ele>1301.258545</ele><time>2026-04-04T19:50:48.037Z</time></trkpt><trkpt lat="37.021816" lon="-111.859215"><ele>1283.814209</ele><time>2026-04-04T19:51:01.028Z</time></trkpt><trkpt lat="37.021687" lon="-111.859352"><ele>1284.569946</ele><time>2026-04-04T19:51:20.028Z</time></trkpt><trkpt lat="37.021439" lon="-111.859489"><ele>1300.885254</ele><time>2026-04-04T19:51:42.031Z</time></trkpt><trkpt lat="37.020786" lon="-111.859596"><ele>1292.743286</ele><time>2026-04-04T19:52:03.037Z</time></trkpt><trkpt lat="37.020664" lon="-111.859581"><ele>1293.739624</ele><time>2026-04-04T19:52:12.029Z</time></trkpt><trkpt lat="37.020584" lon="-111.859673"><ele>1291.952881</ele><time>2026-04-04T19:52:21.027Z</time></trkpt><trkpt lat="37.020325" lon="-111.859688"><ele>1302.301758</ele><time>2026-04-04T19:52:39.027Z</time></trkpt><trkpt lat="37.02026" lon="-111.859573"><ele>1299.234619</ele><time>2026-04-04T19:53:10.027Z</time></trkpt><trkpt lat="37.019962" lon="-111.859634"><ele>1282.241821</ele><time>2026-04-04T19:53:24.036Z</time></trkpt><trkpt lat="37.019989" lon="-111.859756"><ele>1283.215088</ele><time>2026-04-04T19:53:44.039Z</time></trkpt><trkpt lat="37.020145" lon="-111.859756"><ele>1281.914673</ele><time>2026-04-04T19:53:56.038Z</time></trkpt><trkpt lat="37.020088" lon="-111.859558"><ele>1285.371338</ele><time>2026-04-04T19:54:11.037Z</time></trkpt><trkpt lat="37.019924" lon="-111.859589"><ele>1285.549072</ele><time>2026-04-04T19:54:28.038Z</time></trkpt><trkpt lat="37.019798" lon="-111.859703"><ele>1287.292969</ele><time>2026-04-04T19:54:59.029Z</time></trkpt><trkpt lat="37.019646" lon="-111.859772"><ele>1286.322144</ele><time>2026-04-04T19:55:45.037Z</time></trkpt><trkpt lat="37.019466" lon="-111.860161"><ele>1284.30249</ele><time>2026-04-04T19:55:49.028Z</time></trkpt><trkpt lat="37.019367" lon="-111.860184"><ele>1283.783447</ele><time>2026-04-04T19:55:56.037Z</time></trkpt><trkpt lat="37.019432" lon="-111.860435"><ele>1282.985596</ele><time>2026-04-04T19:56:06.038Z</time></trkpt><trkpt lat="37.019379" lon="-111.86055"><ele>1286.403687</ele><time>2026-04-04T19:56:30.039Z</time></trkpt><trkpt lat="37.019287" lon="-111.860504"><ele>1294.312012</ele><time>2026-04-04T19:56:40.036Z</time></trkpt><trkpt lat="37.019169" lon="-111.86055"><ele>1295.584106</ele><time>2026-04-04T19:56:49.037Z</time></trkpt><trkpt lat="37.019054" lon="-111.860817"><ele>1290.739624</ele><time>2026-04-04T19:56:56.040Z</time></trkpt><trkpt lat="37.018887" lon="-111.860893"><ele>1306.800293</ele><time>2026-04-04T19:57:02.039Z</time></trkpt><trkpt lat="37.018787" lon="-111.860863"><ele>1306.652832</ele><time>2026-04-04T19:57:08.039Z</time></trkpt><trkpt lat="37.018692" lon="-111.860863"><ele>1307.328979</ele><time>2026-04-04T19:57:17.039Z</time></trkpt><trkpt lat="37.018578" lon="-111.860588"><ele>1300.856323</ele><time>2026-04-04T19:57:32.027Z</time></trkpt><trkpt lat="37.018433" lon="-111.860634"><ele>1303.092896</ele><time>2026-04-04T19:57:58.038Z</time></trkpt><trkpt lat="37.018246" lon="-111.860909"><ele>1292.682251</ele><time>2026-04-04T19:58:10.039Z</time></trkpt><trkpt lat="37.017853" lon="-111.86113"><ele>1286.749634</ele><time>2026-04-04T19:58:32.038Z</time></trkpt><trkpt lat="37.017704" lon="-111.861023"><ele>1289.30835</ele><time>2026-04-04T19:58:59.028Z</time></trkpt><trkpt lat="37.017704" lon="-111.861176"><ele>1289.224243</ele><time>2026-04-04T19:59:10.038Z</time></trkpt><trkpt lat="37.017586" lon="-111.861237"><ele>1287.151855</ele><time>2026-04-04T19:59:18.038Z</time></trkpt><trkpt lat="37.017597" lon="-111.861496"><ele>1286.629517</ele><time>2026-04-04T19:59:40.040Z</time></trkpt><trkpt lat="37.017509" lon="-111.861412"><ele>1284.46875</ele><time>2026-04-04T20:00:42.026Z</time></trkpt><trkpt lat="37.017399" lon="-111.861412"><ele>1284.731079</ele><time>2026-04-04T20:01:12.025Z</time></trkpt><trkpt lat="37.017063" lon="-111.861511"><ele>1292.497314</ele><time>2026-04-04T20:01:19.028Z</time></trkpt><trkpt lat="37.016899" lon="-111.861679"><ele>1302.439453</ele><time>2026-04-04T20:01:26.028Z</time></trkpt><trkpt lat="37.016747" lon="-111.861992"><ele>1299.46582</ele><time>2026-04-04T20:01:34.029Z</time></trkpt><trkpt lat="37.016312" lon="-111.862022"><ele>1295.759644</ele><time>2026-04-04T20:02:00.029Z</time></trkpt><trkpt lat="37.016155" lon="-111.861885"><ele>1307.794189</ele><time>2026-04-04T20:02:42.028Z</time></trkpt><trkpt lat="37.016277" lon="-111.862221"><ele>1325.749268</ele><time>2026-04-04T20:03:27.029Z</time></trkpt><trkpt lat="37.0163" lon="-111.862419"><ele>1311.867676</ele><time>2026-04-04T20:04:29.026Z</time></trkpt><trkpt lat="37.016136" lon="-111.862358"><ele>1297.933228</ele><time>2026-04-04T20:05:09.028Z</time></trkpt><trkpt lat="37.015976" lon="-111.862473"><ele>1310.310059</ele><time>2026-04-04T20:05:31.026Z</time></trkpt><trkpt lat="37.015793" lon="-111.862511"><ele>1308.675537</ele><time>2026-04-04T20:05:49.037Z</time></trkpt><trkpt lat="37.015659" lon="-111.862221"><ele>1324.690552</ele><time>2026-04-04T20:06:40.028Z</time></trkpt><trkpt lat="37.015606" lon="-111.862335"><ele>1326.09082</ele><time>2026-04-04T20:06:55.029Z</time></trkpt><trkpt lat="37.015591" lon="-111.862495"><ele>1324.846313</ele><time>2026-04-04T20:07:14.029Z</time></trkpt><trkpt lat="37.015606" lon="-111.862633"><ele>1325.18811</ele><time>2026-04-04T20:07:21.027Z</time></trkpt><trkpt lat="37.015686" lon="-111.862762"><ele>1281.393311</ele><time>2026-04-04T20:07:45.027Z</time></trkpt><trkpt lat="37.015579" lon="-111.862961"><ele>1273.22229</ele><time>2026-04-04T20:08:02.027Z</time></trkpt><trkpt lat="37.015491" lon="-111.862602"><ele>1277.956055</ele><time>2026-04-04T20:08:05.027Z</time></trkpt><trkpt lat="37.015263" lon="-111.862686"><ele>1292.058228</ele><time>2026-04-04T20:08:25.028Z</time></trkpt><trkpt lat="37.015034" lon="-111.862442"><ele>1284.681641</ele><time>2026-04-04T20:09:09.028Z</time></trkpt><trkpt lat="37.014927" lon="-111.862137"><ele>1284.097534</ele><time>2026-04-04T20:09:18.028Z</time></trkpt><trkpt lat="37.014877" lon="-111.862358"><ele>1286.369019</ele><time>2026-04-04T20:09:40.027Z</time></trkpt><trkpt lat="37.01474" lon="-111.862305"><ele>1295.98291</ele><time>2026-04-04T20:10:09.027Z</time></trkpt><trkpt lat="37.014664" lon="-111.862366"><ele>1294.880493</ele><time>2026-04-04T20:10:19.027Z</time></trkpt><trkpt lat="37.0145" lon="-111.862228"><ele>1293.179443</ele><time>2026-04-04T20:10:27.037Z</time></trkpt><trkpt lat="37.014027" lon="-111.862"><ele>1298.365723</ele><time>2026-04-04T20:10:35.026Z</time></trkpt><trkpt lat="37.013958" lon="-111.862259"><ele>1303.580322</ele><time>2026-04-04T20:10:54.037Z</time></trkpt><trkpt lat="37.01384" lon="-111.862305"><ele>1308.407959</ele><time>2026-04-04T20:11:13.027Z</time></trkpt><trkpt lat="37.013664" lon="-111.862343"><ele>1308.520142</ele><time>2026-04-04T20:11:18.025Z</time></trkpt><trkpt lat="37.013615" lon="-111.862518"><ele>1318.69458</ele><time>2026-04-04T20:11:26.031Z</time></trkpt><trkpt lat="37.013538" lon="-111.862976"><ele>1305.343262</ele><time>2026-04-04T20:11:29.034Z</time></trkpt><trkpt lat="37.013447" lon="-111.863205"><ele>1287.012207</ele><time>2026-04-04T20:11:31.028Z</time></trkpt><trkpt lat="37.013554" lon="-111.863518"><ele>1285.70813</ele><time>2026-04-04T20:11:34.027Z</time></trkpt><trkpt lat="37.013432" lon="-111.863525"><ele>1285.175781</ele><time>2026-04-04T20:11:50.028Z</time></trkpt><trkpt lat="37.013454" lon="-111.863373"><ele>1280.051514</ele><time>2026-04-04T20:12:06.030Z</time></trkpt><trkpt lat="37.013115" lon="-111.863663"><ele>1287.614014</ele><time>2026-04-04T20:12:18.038Z</time></trkpt><trkpt lat="37.012764" lon="-111.864037"><ele>1282.265503</ele><time>2026-04-04T20:12:26.040Z</time></trkpt><trkpt lat="37.012676" lon="-111.864197"><ele>1284.464355</ele><time>2026-04-04T20:12:31.030Z</time></trkpt><trkpt lat="37.01252" lon="-111.864098"><ele>1284.157959</ele><time>2026-04-04T20:12:56.037Z</time></trkpt><trkpt lat="37.012241" lon="-111.863968"><ele>1252.308594</ele><time>2026-04-04T20:13:13.021Z</time></trkpt><trkpt lat="37.011936" lon="-111.864365"><ele>1294.144409</ele><time>2026-04-04T20:13:16.040Z</time></trkpt><trkpt lat="37.012074" lon="-111.86454"><ele>1296.542236</ele><time>2026-04-04T20:13:27.025Z</time></trkpt><trkpt lat="37.0121" lon="-111.864746"><ele>1295.69873</ele><time>2026-04-04T20:14:08.028Z</time></trkpt><trkpt lat="37.012234" lon="-111.864937"><ele>1287.171997</ele><time>2026-04-04T20:17:38.029Z</time></trkpt><trkpt lat="37.01189" lon="-111.865402"><ele>1280.144775</ele><time>2026-04-04T20:17:42.025Z</time></trkpt><trkpt lat="37.011703" lon="-111.865425"><ele>1282.601196</ele><time>2026-04-04T20:17:48.028Z</time></trkpt><trkpt lat="37.011562" lon="-111.865334"><ele>1282.288574</ele><time>2026-04-04T20:18:00.027Z</time></trkpt><trkpt lat="37.011585" lon="-111.865509"><ele>1281.365967</ele><time>2026-04-04T20:18:14.029Z</time></trkpt><trkpt lat="37.011684" lon="-111.865654"><ele>1282.07666</ele><time>2026-04-04T20:18:55.028Z</time></trkpt><trkpt lat="37.011536" lon="-111.865677"><ele>1270.887085</ele><time>2026-04-04T20:19:26.030Z</time></trkpt><trkpt lat="37.011143" lon="-111.865776"><ele>1304.370361</ele><time>2026-04-04T20:19:39.029Z</time></trkpt><trkpt lat="37.011143" lon="-111.86599"><ele>1323.22998</ele><time>2026-04-04T20:20:01.028Z</time></trkpt><trkpt lat="37.01088" lon="-111.866089"><ele>1320.338501</ele><time>2026-04-04T20:20:03.029Z</time></trkpt><trkpt lat="37.010563" lon="-111.865913"><ele>1324.615479</ele><time>2026-04-04T20:20:34.027Z</time></trkpt><trkpt lat="37.010784" lon="-111.866562"><ele>1246.156128</ele><time>2026-04-04T20:20:54.032Z</time></trkpt><trkpt lat="37.010487" lon="-111.86586"><ele>1325.491455</ele><time>2026-04-04T20:21:11.029Z</time></trkpt><trkpt lat="37.010246" lon="-111.86615"><ele>1329.043457</ele><time>2026-04-04T20:21:27.029Z</time></trkpt><trkpt lat="37.010628" lon="-111.866684"><ele>1246.655396</ele><time>2026-04-04T20:21:51.030Z</time></trkpt><trkpt lat="37.010311" lon="-111.866081"><ele>1327.934082</ele><time>2026-04-04T20:22:40.029Z</time></trkpt><trkpt lat="37.010643" lon="-111.866707"><ele>1242.894653</ele><time>2026-04-04T20:22:50.030Z</time></trkpt><trkpt lat="37.010418" lon="-111.866058"><ele>1326.983032</ele><time>2026-04-04T20:22:54.028Z</time></trkpt><trkpt lat="37.010292" lon="-111.86615"><ele>1325.23291</ele><time>2026-04-04T20:23:00.029Z</time></trkpt><trkpt lat="37.010429" lon="-111.866455"><ele>1309.422241</ele><time>2026-04-04T20:23:46.028Z</time></trkpt><trkpt lat="37.010342" lon="-111.866852"><ele>1308.218994</ele><time>2026-04-04T20:24:02.036Z</time></trkpt><trkpt lat="37.009953" lon="-111.866692"><ele>1314.852905</ele><time>2026-04-04T20:24:10.031Z</time></trkpt><trkpt lat="37.010036" lon="-111.866447"><ele>1315.618164</ele><time>2026-04-04T20:24:49.026Z</time></trkpt><trkpt lat="37.010075" lon="-111.866142"><ele>1308.803955</ele><time>2026-04-04T20:25:05.027Z</time></trkpt><trkpt lat="37.009945" lon="-111.866043"><ele>1308.642822</ele><time>2026-04-04T20:25:13.027Z</time></trkpt><trkpt lat="37.009773" lon="-111.866104"><ele>1292.292969</ele><time>2026-04-04T20:25:29.030Z</time></trkpt><trkpt lat="37.00951" lon="-111.865974"><ele>1290.845337</ele><time>2026-04-04T20:25:35.027Z</time></trkpt><trkpt lat="37.00927" lon="-111.866104"><ele>1303.489746</ele><time>2026-04-04T20:26:10.030Z</time></trkpt><trkpt lat="37.009144" lon="-111.86599"><ele>1301.388672</ele><time>2026-04-04T20:26:15.031Z</time></trkpt><trkpt lat="37.009071" lon="-111.866089"><ele>1304.844971</ele><time>2026-04-04T20:26:21.030Z</time></trkpt><trkpt lat="37.009056" lon="-111.866219"><ele>1304.513916</ele><time>2026-04-04T20:26:44.027Z</time></trkpt><trkpt lat="37.008991" lon="-111.866341"><ele>1300.893188</ele><time>2026-04-04T20:26:53.029Z</time></trkpt><trkpt lat="37.008862" lon="-111.866234"><ele>1291.552368</ele><time>2026-04-04T20:27:10.028Z</time></trkpt><trkpt lat="37.008713" lon="-111.866562"><ele>1291.007935</ele><time>2026-04-04T20:27:25.034Z</time></trkpt><trkpt lat="37.008648" lon="-111.866432"><ele>1290.626587</ele><time>2026-04-04T20:28:06.030Z</time></trkpt><trkpt lat="37.008564" lon="-111.866539"><ele>1285.756592</ele><time>2026-04-04T20:28:21.024Z</time></trkpt><trkpt lat="37.008705" lon="-111.866325"><ele>1286.377808</ele><time>2026-04-04T20:28:32.027Z</time></trkpt><trkpt lat="37.008698" lon="-111.866463"><ele>1285.570679</ele><time>2026-04-04T20:28:49.026Z</time></trkpt><trkpt lat="37.008495" lon="-111.866257"><ele>1284.8125</ele><time>2026-04-04T20:29:01.028Z</time></trkpt><trkpt lat="37.008598" lon="-111.866096"><ele>1285.185791</ele><time>2026-04-04T20:29:33.027Z</time></trkpt><trkpt lat="37.008724" lon="-111.866127"><ele>1285.610474</ele><time>2026-04-04T20:29:48.027Z</time></trkpt><trkpt lat="37.008682" lon="-111.866325"><ele>1289.907959</ele><time>2026-04-04T20:30:10.025Z</time></trkpt><trkpt lat="37.008732" lon="-111.86618"><ele>1292.460449</ele><time>2026-04-04T20:30:21.026Z</time></trkpt><trkpt lat="37.008663" lon="-111.866074"><ele>1292.434082</ele><time>2026-04-04T20:30:26.037Z</time></trkpt><trkpt lat="37.008816" lon="-111.866226"><ele>1315.325562</ele><time>2026-04-04T20:30:30.034Z</time></trkpt><trkpt lat="37.008659" lon="-111.866104"><ele>1304.662476</ele><time>2026-04-04T20:30:45.041Z</time></trkpt><trkpt lat="37.008701" lon="-111.865814"><ele>1314.013306</ele><time>2026-04-04T20:30:57.029Z</time></trkpt><trkpt lat="37.008694" lon="-111.86615"><ele>1323.28125</ele><time>2026-04-04T20:31:33.038Z</time></trkpt><trkpt lat="37.008427" lon="-111.866249"><ele>1300.603394</ele><time>2026-04-04T20:31:41.027Z</time></trkpt><trkpt lat="37.008404" lon="-111.866104"><ele>1289.444092</ele><time>2026-04-04T20:32:11.027Z</time></trkpt><trkpt lat="37.008141" lon="-111.865845"><ele>1287.642456</ele><time>2026-04-04T20:32:17.026Z</time></trkpt><trkpt lat="37.008022" lon="-111.865662"><ele>1287.930542</ele><time>2026-04-04T20:32:25.028Z</time></trkpt><trkpt lat="37.007904" lon="-111.865273"><ele>1297.734741</ele><time>2026-04-04T20:32:47.039Z</time></trkpt><trkpt lat="37.007721" lon="-111.865372"><ele>1297.346069</ele><time>2026-04-04T20:33:13.041Z</time></trkpt><trkpt lat="37.007652" lon="-111.865547"><ele>1309.543701</ele><time>2026-04-04T20:33:47.036Z</time></trkpt><trkpt lat="37.007149" lon="-111.865952"><ele>1304.570435</ele><time>2026-04-04T20:34:00.027Z</time></trkpt><trkpt lat="37.007164" lon="-111.865822"><ele>1304.800171</ele><time>2026-04-04T20:34:05.036Z</time></trkpt><trkpt lat="37.007179" lon="-111.865967"><ele>1304.966431</ele><time>2026-04-04T20:34:11.036Z</time></trkpt><trkpt lat="37.007046" lon="-111.865837"><ele>1292.331299</ele><time>2026-04-04T20:34:20.037Z</time></trkpt><trkpt lat="37.006836" lon="-111.865509"><ele>1295.364014</ele><time>2026-04-04T20:34:36.039Z</time></trkpt><trkpt lat="37.006771" lon="-111.865852"><ele>1305.428833</ele><time>2026-04-04T20:34:44.037Z</time></trkpt><trkpt lat="37.006084" lon="-111.866394"><ele>1302.147339</ele><time>2026-04-04T20:34:58.038Z</time></trkpt><trkpt lat="37.005615" lon="-111.866615"><ele>1317.799561</ele><time>2026-04-04T20:35:22.039Z</time></trkpt><trkpt lat="37.005669" lon="-111.86628"><ele>1342.004028</ele><time>2026-04-04T20:35:39.024Z</time></trkpt><trkpt lat="37.00639" lon="-111.865944"><ele>1298.38147</ele><time>2026-04-04T20:36:09.027Z</time></trkpt><trkpt lat="37.006104" lon="-111.865784"><ele>1341.063477</ele><time>2026-04-04T20:37:07.036Z</time></trkpt><trkpt lat="37.005798" lon="-111.865944"><ele>1340.383057</ele><time>2026-04-04T20:37:14.037Z</time></trkpt><trkpt lat="37.005959" lon="-111.865509"><ele>1340.473755</ele><time>2026-04-04T20:37:27.039Z</time></trkpt><trkpt lat="37.005993" lon="-111.865074"><ele>1338.799316</ele><time>2026-04-04T20:37:52.026Z</time></trkpt><trkpt lat="37.005836" lon="-111.865074"><ele>1337.25415</ele><time>2026-04-04T20:37:58.026Z</time></trkpt><trkpt lat="37.00568" lon="-111.865646"><ele>1314.700684</ele><time>2026-04-04T20:38:42.038Z</time></trkpt><trkpt lat="37.00555" lon="-111.865677"><ele>1314.617188</ele><time>2026-04-04T20:39:08.036Z</time></trkpt><trkpt lat="37.005562" lon="-111.86586"><ele>1311.909912</ele><time>2026-04-04T20:40:28.037Z</time></trkpt><trkpt lat="37.005386" lon="-111.865929"><ele>1321.471924</ele><time>2026-04-04T20:41:16.037Z</time></trkpt><trkpt lat="37.005211" lon="-111.865898"><ele>1318.391479</ele><time>2026-04-04T20:41:23.038Z</time></trkpt><trkpt lat="37.00523" lon="-111.866112"><ele>1315.309082</ele><time>2026-04-04T20:41:35.036Z</time></trkpt><trkpt lat="37.005043" lon="-111.865952"><ele>1321.111084</ele><time>2026-04-04T20:41:44.034Z</time></trkpt><trkpt lat="37.004883" lon="-111.866035"><ele>1309.115845</ele><time>2026-04-04T20:41:53.028Z</time></trkpt><trkpt lat="37.004787" lon="-111.865952"><ele>1308.914185</ele><time>2026-04-04T20:42:08.038Z</time></trkpt><trkpt lat="37.00457" lon="-111.865952"><ele>1295.578125</ele><time>2026-04-04T20:42:24.038Z</time></trkpt><trkpt lat="37.00444" lon="-111.865623"><ele>1274.093628</ele><time>2026-04-04T20:42:38.038Z</time></trkpt><trkpt lat="37.004234" lon="-111.865906"><ele>1288.440308</ele><time>2026-04-04T20:42:49.037Z</time></trkpt><trkpt lat="37.004173" lon="-111.865654"><ele>1290.086548</ele><time>2026-04-04T20:43:02.038Z</time></trkpt><trkpt lat="37.004078" lon="-111.865395"><ele>1288.316772</ele><time>2026-04-04T20:43:10.039Z</time></trkpt><trkpt lat="37.001358" lon="-111.866051"><ele>1313.172485</ele><time>2026-04-04T20:43:21.038Z</time></trkpt><trkpt lat="37.001606" lon="-111.86599"><ele>1293.721802</ele><time>2026-04-04T20:43:48.036Z</time></trkpt><trkpt lat="37.001286" lon="-111.866096"><ele>1316.548706</ele><time>2026-04-04T20:44:05.036Z</time></trkpt><trkpt lat="37.002083" lon="-111.865967"><ele>1301.780029</ele><time>2026-04-04T20:44:11.036Z</time></trkpt><trkpt lat="37.00172" lon="-111.865837"><ele>1283.845337</ele><time>2026-04-04T20:44:17.037Z</time></trkpt><trkpt lat="37.001232" lon="-111.866074"><ele>1318.770874</ele><time>2026-04-04T20:44:20.037Z</time></trkpt><trkpt lat="37.001415" lon="-111.865746"><ele>1324.527344</ele><time>2026-04-04T20:44:34.039Z</time></trkpt><trkpt lat="37.001549" lon="-111.86573"><ele>1324.664917</ele><time>2026-04-04T20:45:00.040Z</time></trkpt><trkpt lat="37.001499" lon="-111.86544"><ele>1309.786255</ele><time>2026-04-04T20:45:20.038Z</time></trkpt><trkpt lat="37.001095" lon="-111.86525"><ele>1305.524902</ele><time>2026-04-04T20:45:41.038Z</time></trkpt><trkpt lat="37.001041" lon="-111.865028"><ele>1304.654053</ele><time>2026-04-04T20:46:07.038Z</time></trkpt><trkpt lat="37.001011" lon="-111.864754"><ele>1304.940918</ele><time>2026-04-04T20:46:27.037Z</time></trkpt><trkpt lat="37.000561" lon="-111.864861"><ele>1306.572021</ele><time>2026-04-04T20:46:35.036Z</time></trkpt><trkpt lat="37.000374" lon="-111.864799"><ele>1291.977417</ele><time>2026-04-04T20:46:49.036Z</time></trkpt><trkpt lat="36.999985" lon="-111.865013"><ele>1292.69812</ele><time>2026-04-04T20:47:13.038Z</time></trkpt><trkpt lat="36.999687" lon="-111.865089"><ele>1306.617188</ele><time>2026-04-04T20:47:21.037Z</time></trkpt><trkpt lat="36.999352" lon="-111.864792"><ele>1341.644409</ele><time>2026-04-04T20:47:32.034Z</time></trkpt><trkpt lat="36.999363" lon="-111.864555"><ele>1344.080322</ele><time>2026-04-04T20:47:59.037Z</time></trkpt><trkpt lat="36.999413" lon="-111.864357"><ele>1343.528442</ele><time>2026-04-04T20:48:21.037Z</time></trkpt><trkpt lat="36.999275" lon="-111.864388"><ele>1339.264038</ele><time>2026-04-04T20:48:54.037Z</time></trkpt><trkpt lat="36.998997" lon="-111.864288"><ele>1336.939453</ele><time>2026-04-04T20:49:20.037Z</time></trkpt><trkpt lat="36.999035" lon="-111.864006"><ele>1337.818115</ele><time>2026-04-04T20:49:28.038Z</time></trkpt><trkpt lat="36.999054" lon="-111.863251"><ele>1322.955933</ele><time>2026-04-04T20:49:40.036Z</time></trkpt><trkpt lat="36.999046" lon="-111.863487"><ele>1312.016235</ele><time>2026-04-04T20:49:51.029Z</time></trkpt><trkpt lat="36.999264" lon="-111.862938"><ele>1313.186401</ele><time>2026-04-04T20:50:19.038Z</time></trkpt><trkpt lat="36.999454" lon="-111.862892"><ele>1312.605225</ele><time>2026-04-04T20:50:40.038Z</time></trkpt><trkpt lat="36.999619" lon="-111.862885"><ele>1312.991577</ele><time>2026-04-04T20:51:02.030Z</time></trkpt><trkpt lat="36.999752" lon="-111.862976"><ele>1294.072876</ele><time>2026-04-04T20:51:26.037Z</time></trkpt><trkpt lat="37.000214" lon="-111.862579"><ele>1269.613403</ele><time>2026-04-04T20:51:35.039Z</time></trkpt><trkpt lat="37.000164" lon="-111.862961"><ele>1298.0271</ele><time>2026-04-04T20:51:41.028Z</time></trkpt><trkpt lat="37.000385" lon="-111.863007"><ele>1297.948486</ele><time>2026-04-04T20:51:45.028Z</time></trkpt><trkpt lat="37.000927" lon="-111.863014"><ele>1323.984009</ele><time>2026-04-04T20:54:33.030Z</time></trkpt><trkpt lat="37.00108" lon="-111.862869"><ele>1322.698975</ele><time>2026-04-04T20:56:28.037Z</time></trkpt><trkpt lat="37.001183" lon="-111.862595"><ele>1310.663086</ele><time>2026-04-04T20:57:57.027Z</time></trkpt><trkpt lat="37.001209" lon="-111.862358"><ele>1307.24353</ele><time>2026-04-04T20:58:32.038Z</time></trkpt><trkpt lat="37.001087" lon="-111.861938"><ele>1286.3302</ele><time>2026-04-04T20:59:18.036Z</time></trkpt><trkpt lat="37.001038" lon="-111.861855"><ele>1283.473145</ele><time>2026-04-04T20:59:53.029Z</time></trkpt><trkpt lat="37.001114" lon="-111.861595"><ele>1281.904541</ele><time>2026-04-04T20:59:54.038Z</time></trkpt><trkpt lat="37.001019" lon="-111.86158"><ele>1282.687378</ele><time>2026-04-04T21:00:08.034Z</time></trkpt><trkpt lat="37.000816" lon="-111.861488"><ele>1278.947388</ele><time>2026-04-04T21:00:11.034Z</time></trkpt><trkpt lat="37.000751" lon="-111.861"><ele>1268.328247</ele><time>2026-04-04T21:00:30.038Z</time></trkpt><trkpt lat="37.000687" lon="-111.860901"><ele>1280.420776</ele><time>2026-04-04T21:00:49.029Z</time></trkpt><trkpt lat="37.000404" lon="-111.860565"><ele>1273.896484</ele><time>2026-04-04T21:01:18.037Z</time></trkpt><trkpt lat="37.00029" lon="-111.860474"><ele>1282.161743</ele><time>2026-04-04T21:01:26.037Z</time></trkpt><trkpt lat="37.000046" lon="-111.860573"><ele>1295.183594</ele><time>2026-04-04T21:01:46.039Z</time></trkpt><trkpt lat="36.999928" lon="-111.860687"><ele>1293.491577</ele><time>2026-04-04T21:01:55.034Z</time></trkpt><trkpt lat="37.000065" lon="-111.85994"><ele>1305.652954</ele><time>2026-04-04T21:02:05.038Z</time></trkpt><trkpt lat="37.000275" lon="-111.85939"><ele>1298.246704</ele><time>2026-04-04T21:02:14.038Z</time></trkpt><trkpt lat="37.00024" lon="-111.859222"><ele>1328.884521</ele><time>2026-04-04T21:02:31.038Z</time></trkpt><trkpt lat="37.000301" lon="-111.859398"><ele>1338.588379</ele><time>2026-04-04T21:03:06.034Z</time></trkpt><trkpt lat="37.000233" lon="-111.859886"><ele>1319.722412</ele><time>2026-04-04T21:03:31.031Z</time></trkpt><trkpt lat="37.000046" lon="-111.860077"><ele>1315.04834</ele><time>2026-04-04T21:03:36.036Z</time></trkpt><trkpt lat="36.999855" lon="-111.860191"><ele>1315.119263</ele><time>2026-04-04T21:03:48.034Z</time></trkpt><trkpt lat="36.999405" lon="-111.860229"><ele>1329.244751</ele><time>2026-04-04T21:05:13.038Z</time></trkpt><trkpt lat="36.999718" lon="-111.859756"><ele>1332.752197</ele><time>2026-04-04T21:06:04.038Z</time></trkpt><trkpt lat="36.999763" lon="-111.859543"><ele>1329.740601</ele><time>2026-04-04T21:06:21.036Z</time></trkpt><trkpt lat="36.999985" lon="-111.859535"><ele>1327.87793</ele><time>2026-04-04T21:06:25.037Z</time></trkpt><trkpt lat="36.999958" lon="-111.859787"><ele>1318.415161</ele><time>2026-04-04T21:06:35.028Z</time></trkpt><trkpt lat="36.999817" lon="-111.860008"><ele>1315.197998</ele><time>2026-04-04T21:07:28.036Z</time></trkpt><trkpt lat="36.999802" lon="-111.860336"><ele>1314.085449</ele><time>2026-04-04T21:07:32.034Z</time></trkpt><trkpt lat="36.999969" lon="-111.860504"><ele>1329.210693</ele><time>2026-04-04T21:07:44.042Z</time></trkpt><trkpt lat="37.000015" lon="-111.860291"><ele>1329.985107</ele><time>2026-04-04T21:08:11.034Z</time></trkpt><trkpt lat="36.999981" lon="-111.859924"><ele>1329.21582</ele><time>2026-04-04T21:08:23.036Z</time></trkpt><trkpt lat="37.000099" lon="-111.859642"><ele>1326.684204</ele><time>2026-04-04T21:08:29.036Z</time></trkpt><trkpt lat="37.000076" lon="-111.859337"><ele>1322.310303</ele><time>2026-04-04T21:09:04.034Z</time></trkpt><trkpt lat="36.999805" lon="-111.859268"><ele>1319.280884</ele><time>2026-04-04T21:09:20.034Z</time></trkpt><trkpt lat="36.999626" lon="-111.859329"><ele>1315.487915</ele><time>2026-04-04T21:09:34.036Z</time></trkpt><trkpt lat="36.999435" lon="-111.859322"><ele>1295.255127</ele><time>2026-04-04T21:09:46.036Z</time></trkpt><trkpt lat="36.999451" lon="-111.859543"><ele>1284.711182</ele><time>2026-04-04T21:09:59.036Z</time></trkpt><trkpt lat="36.999508" lon="-111.859894"><ele>1282.915649</ele><time>2026-04-04T21:10:37.039Z</time></trkpt><trkpt lat="36.999763" lon="-111.859306"><ele>1276.075928</ele><time>2026-04-04T21:11:14.038Z</time></trkpt><trkpt lat="36.999485" lon="-111.859627"><ele>1272.074951</ele><time>2026-04-04T21:12:17.036Z</time></trkpt><trkpt lat="36.999557" lon="-111.85981"><ele>1275.72998</ele><time>2026-04-04T21:12:32.028Z</time></trkpt><trkpt lat="36.99955" lon="-111.859695"><ele>1268.013062</ele><time>2026-04-04T21:13:19.036Z</time></trkpt><trkpt lat="36.999451" lon="-111.859703"><ele>1282.681641</ele><time>2026-04-04T21:13:20.029Z</time></trkpt><trkpt lat="36.999352" lon="-111.859604"><ele>1281.740356</ele><time>2026-04-04T21:13:21.037Z</time></trkpt><trkpt lat="36.999516" lon="-111.859741"><ele>1279.313843</ele><time>2026-04-04T21:13:31.034Z</time></trkpt><trkpt lat="36.999493" lon="-111.860001"><ele>1284.963501</ele><time>2026-04-04T21:13:43.032Z</time></trkpt><trkpt lat="36.999439" lon="-111.860268"><ele>1317.507813</ele><time>2026-04-04T21:13:53.032Z</time></trkpt><trkpt lat="36.999302" lon="-111.860069"><ele>1330.781494</ele><time>2026-04-04T21:13:56.040Z</time></trkpt><trkpt lat="36.99934" lon="-111.860252"><ele>1331.914673</ele><time>2026-04-04T21:14:08.034Z</time></trkpt><trkpt lat="36.999298" lon="-111.860565"><ele>1347.603271</ele><time>2026-04-04T21:14:09.034Z</time></trkpt><trkpt lat="36.999691" lon="-111.859459"><ele>1264.023926</ele><time>2026-04-04T21:14:40.031Z</time></trkpt><trkpt lat="36.999557" lon="-111.859634"><ele>1265.349976</ele><time>2026-04-04T21:15:30.034Z</time></trkpt><trkpt lat="36.999928" lon="-111.859085"><ele>1257.855713</ele><time>2026-04-04T21:15:46.037Z</time></trkpt><trkpt lat="36.999729" lon="-111.859528"><ele>1262.48938</ele><time>2026-04-04T21:17:36.036Z</time></trkpt><trkpt lat="36.999546" lon="-111.859726"><ele>1261.913208</ele><time>2026-04-04T21:17:41.036Z</time></trkpt><trkpt lat="36.99963" lon="-111.859482"><ele>1259.941895</ele><time>2026-04-04T21:17:49.028Z</time></trkpt><trkpt lat="36.999596" lon="-111.859627"><ele>1266.988037</ele><time>2026-04-04T21:17:59.034Z</time></trkpt><trkpt lat="36.99971" lon="-111.859428"><ele>1267.549927</ele><time>2026-04-04T21:18:24.037Z</time></trkpt><trkpt lat="36.999588" lon="-111.859634"><ele>1275.658813</ele><time>2026-04-04T21:18:44.037Z</time></trkpt><trkpt lat="36.999516" lon="-111.859108"><ele>1275.55188</ele><time>2026-04-04T21:19:10.037Z</time></trkpt><trkpt lat="36.999821" lon="-111.858818"><ele>1272.87561</ele><time>2026-04-04T21:19:20.036Z</time></trkpt><trkpt lat="36.99976" lon="-111.859154"><ele>1261.986572</ele><time>2026-04-04T21:19:29.036Z</time></trkpt><trkpt lat="36.999916" lon="-111.859543"><ele>1281.333618</ele><time>2026-04-04T21:19:32.036Z</time></trkpt><trkpt lat="36.999878" lon="-111.859818"><ele>1281.969971</ele><time>2026-04-04T21:19:41.029Z</time></trkpt><trkpt lat="36.999905" lon="-111.860275"><ele>1320.605103</ele><time>2026-04-04T21:19:55.036Z</time></trkpt><trkpt lat="36.999969" lon="-111.86058"><ele>1331.227173</ele><time>2026-04-04T21:20:04.037Z</time></trkpt><trkpt lat="36.999901" lon="-111.860786"><ele>1333.779297</ele><time>2026-04-04T21:20:10.038Z</time></trkpt><trkpt lat="37.000053" lon="-111.860931"><ele>1339.285645</ele><time>2026-04-04T21:20:22.036Z</time></trkpt><trkpt lat="37.000084" lon="-111.861183"><ele>1339.695801</ele><time>2026-04-04T21:20:44.036Z</time></trkpt><trkpt lat="37.00029" lon="-111.861237"><ele>1338.230713</ele><time>2026-04-04T21:20:52.030Z</time></trkpt><trkpt lat="37.000862" lon="-111.861107"><ele>1318.009033</ele><time>2026-04-04T21:20:57.037Z</time></trkpt><trkpt lat="37.000725" lon="-111.861519"><ele>1298.637695</ele><time>2026-04-04T21:21:11.037Z</time></trkpt><trkpt lat="37.000736" lon="-111.861847"><ele>1293.99646</ele><time>2026-04-04T21:21:29.037Z</time></trkpt><trkpt lat="37.000599" lon="-111.862022"><ele>1298.172241</ele><time>2026-04-04T21:23:02.038Z</time></trkpt><trkpt lat="37.000507" lon="-111.862213"><ele>1310.385864</ele><time>2026-04-04T21:27:03.030Z</time></trkpt><trkpt lat="37.000721" lon="-111.862129"><ele>1307.801025</ele><time>2026-04-04T21:28:49.037Z</time></trkpt><trkpt lat="37.000828" lon="-111.862495"><ele>1292.213989</ele><time>2026-04-04T21:29:32.036Z</time></trkpt><trkpt lat="37.000805" lon="-111.862701"><ele>1283.597656</ele><time>2026-04-04T21:34:08.036Z</time></trkpt><trkpt lat="37.00066" lon="-111.862976"><ele>1281.795532</ele><time>2026-04-04T21:35:07.036Z</time></trkpt><trkpt lat="37.000404" lon="-111.863235"><ele>1305.747192</ele><time>2026-04-04T21:36:52.034Z</time></trkpt><trkpt lat="37.000237" lon="-111.863052"><ele>1322.860718</ele><time>2026-04-04T21:38:03.039Z</time></trkpt><trkpt lat="36.999832" lon="-111.862854"><ele>1320.966675</ele><time>2026-04-04T21:38:09.038Z</time></trkpt><trkpt lat="36.999832" lon="-111.863136"><ele>1315.108765</ele><time>2026-04-04T21:38:19.039Z</time></trkpt><trkpt lat="36.999722" lon="-111.863113"><ele>1314.510986</ele><time>2026-04-04T21:38:38.038Z</time></trkpt><trkpt lat="36.999527" lon="-111.862953"><ele>1299.297485</ele><time>2026-04-04T21:39:08.034Z</time></trkpt><trkpt lat="36.999386" lon="-111.862968"><ele>1298.032349</ele><time>2026-04-04T21:39:24.038Z</time></trkpt><trkpt lat="36.999313" lon="-111.862694"><ele>1298.757935</ele><time>2026-04-04T21:39:36.034Z</time></trkpt><trkpt lat="36.999317" lon="-111.862923"><ele>1306.74585</ele><time>2026-04-04T21:39:49.038Z</time></trkpt><trkpt lat="36.999096" lon="-111.863342"><ele>1309.53418</ele><time>2026-04-04T21:39:57.029Z</time></trkpt><trkpt lat="36.998806" lon="-111.863823"><ele>1309.969971</ele><time>2026-04-04T21:40:42.037Z</time></trkpt><trkpt lat="36.998718" lon="-111.86441"><ele>1333.429688</ele><time>2026-04-04T21:40:47.038Z</time></trkpt><trkpt lat="36.998917" lon="-111.86454"><ele>1344.651855</ele><time>2026-04-04T21:40:51.037Z</time></trkpt><trkpt lat="36.999088" lon="-111.864487"><ele>1356.027588</ele><time>2026-04-04T21:41:26.036Z</time></trkpt><trkpt lat="36.999207" lon="-111.86441"><ele>1353.750122</ele><time>2026-04-04T21:42:30.038Z</time></trkpt><trkpt lat="36.99958" lon="-111.864578"><ele>1338.986084</ele><time>2026-04-04T21:42:38.038Z</time></trkpt><trkpt lat="36.999851" lon="-111.864555"><ele>1332.747803</ele><time>2026-04-04T21:42:49.036Z</time></trkpt><trkpt lat="36.999901" lon="-111.864807"><ele>1326.354492</ele><time>2026-04-04T21:43:56.034Z</time></trkpt><trkpt lat="37.000191" lon="-111.864952"><ele>1327.296265</ele><time>2026-04-04T21:44:05.034Z</time></trkpt><trkpt lat="37.00037" lon="-111.864914"><ele>1324.993652</ele><time>2026-04-04T21:44:14.036Z</time></trkpt><trkpt lat="37.000507" lon="-111.86512"><ele>1308.625366</ele><time>2026-04-04T21:44:32.038Z</time></trkpt><trkpt lat="37.000675" lon="-111.86515"><ele>1310.055542</ele><time>2026-04-04T21:44:33.037Z</time></trkpt><trkpt lat="37.000874" lon="-111.865097"><ele>1306.21521</ele><time>2026-04-04T21:44:46.037Z</time></trkpt><trkpt lat="37.000954" lon="-111.865211"><ele>1303.314819</ele><time>2026-04-04T21:45:03.036Z</time></trkpt><trkpt lat="37.001068" lon="-111.865181"><ele>1303.588379</ele><time>2026-04-04T21:45:05.034Z</time></trkpt><trkpt lat="37.001163" lon="-111.865067"><ele>1302.481567</ele><time>2026-04-04T21:45:24.034Z</time></trkpt><trkpt lat="37.00169" lon="-111.865776"><ele>1317.710205</ele><time>2026-04-04T21:45:53.036Z</time></trkpt><trkpt lat="37.001339" lon="-111.866669"><ele>1230.45105</ele><time>2026-04-04T21:46:03.029Z</time></trkpt><trkpt lat="37.002083" lon="-111.866722"><ele>1295.278931</ele><time>2026-04-04T21:46:11.034Z</time></trkpt><trkpt lat="37.001873" lon="-111.867348"><ele>1315.279175</ele><time>2026-04-04T21:46:24.030Z</time></trkpt><trkpt lat="37.001602" lon="-111.867661"><ele>1313.897705</ele><time>2026-04-04T21:46:37.034Z</time></trkpt><trkpt lat="37.001701" lon="-111.868172"><ele>1358.286377</ele><time>2026-04-04T21:46:42.031Z</time></trkpt><trkpt lat="37.001823" lon="-111.868256"><ele>1372.629272</ele><time>2026-04-04T21:46:52.037Z</time></trkpt><trkpt lat="37.002148" lon="-111.867554"><ele>1261.332397</ele><time>2026-04-04T21:47:13.036Z</time></trkpt><trkpt lat="37.001862" lon="-111.86834"><ele>1371.568604</ele><time>2026-04-04T21:47:19.034Z</time></trkpt><trkpt lat="37.001953" lon="-111.86866"><ele>1376.437134</ele><time>2026-04-04T21:47:58.036Z</time></trkpt><trkpt lat="37.002144" lon="-111.86869"><ele>1383.55542</ele><time>2026-04-04T21:48:19.034Z</time></trkpt><trkpt lat="37.001995" lon="-111.868874"><ele>1383.951904</ele><time>2026-04-04T21:48:34.036Z</time></trkpt><trkpt lat="37.002151" lon="-111.868904"><ele>1395.3927</ele><time>2026-04-04T21:48:46.034Z</time></trkpt><trkpt lat="37.002312" lon="-111.868912"><ele>1391.581665</ele><time>2026-04-04T21:48:55.037Z</time></trkpt><trkpt lat="37.002205" lon="-111.869171"><ele>1381.172119</ele><time>2026-04-04T21:49:15.037Z</time></trkpt><trkpt lat="37.002392" lon="-111.869164"><ele>1388.529419</ele><time>2026-04-04T21:59:09.047Z</time></trkpt><trkpt lat="37.002613" lon="-111.869637"><ele>1265.206787</ele><time>2026-04-04T22:00:08.036Z</time></trkpt><trkpt lat="37.002468" lon="-111.869415"><ele>1389.755981</ele><time>2026-04-04T22:00:10.038Z</time></trkpt><trkpt lat="37.002522" lon="-111.869621"><ele>1389.899902</ele><time>2026-04-04T22:00:59.037Z</time></trkpt><trkpt lat="37.002541" lon="-111.869797"><ele>1395.703369</ele><time>2026-04-04T22:01:03.029Z</time></trkpt><trkpt lat="37.00267" lon="-111.869812"><ele>1399.289673</ele><time>2026-04-04T22:01:17.037Z</time></trkpt><trkpt lat="37.002804" lon="-111.869942"><ele>1395.704834</ele><time>2026-04-04T22:02:54.037Z</time></trkpt><trkpt lat="37.002975" lon="-111.869835"><ele>1397.319946</ele><time>2026-04-04T22:03:06.036Z</time></trkpt><trkpt lat="37.003136" lon="-111.869637"><ele>1395.061523</ele><time>2026-04-04T22:03:08.029Z</time></trkpt><trkpt lat="37.003338" lon="-111.869675"><ele>1392.078369</ele><time>2026-04-04T22:03:20.034Z</time></trkpt><trkpt lat="37.003483" lon="-111.869781"><ele>1383.971558</ele><time>2026-04-04T22:03:49.036Z</time></trkpt><trkpt lat="37.003784" lon="-111.869728"><ele>1362.020264</ele><time>2026-04-04T22:03:54.037Z</time></trkpt><trkpt lat="37.003853" lon="-111.869904"><ele>1356.695923</ele><time>2026-04-04T22:04:05.036Z</time></trkpt><trkpt lat="37.003845" lon="-111.87014"><ele>1356.499878</ele><time>2026-04-04T22:04:33.034Z</time></trkpt><trkpt lat="37.003933" lon="-111.870499"><ele>1369.217651</ele><time>2026-04-04T22:05:10.028Z</time></trkpt><trkpt lat="37.004021" lon="-111.870338"><ele>1368.799683</ele><time>2026-04-04T22:05:28.047Z</time></trkpt><trkpt lat="37.004086" lon="-111.870514"><ele>1366.730713</ele><time>2026-04-04T22:05:48.038Z</time></trkpt><trkpt lat="37.004444" lon="-111.870476"><ele>1363.860596</ele><time>2026-04-04T22:06:17.038Z</time></trkpt><trkpt lat="37.00457" lon="-111.870552"><ele>1361.425293</ele><time>2026-04-04T22:06:28.036Z</time></trkpt><trkpt lat="37.004669" lon="-111.870674"><ele>1382.128174</ele><time>2026-04-04T22:06:32.039Z</time></trkpt><trkpt lat="37.004822" lon="-111.870674"><ele>1388.873291</ele><time>2026-04-04T22:06:45.036Z</time></trkpt><trkpt lat="37.00489" lon="-111.869667"><ele>1223.586792</ele><time>2026-04-04T22:07:30.030Z</time></trkpt><trkpt lat="37.006111" lon="-111.871101"><ele>1236.452393</ele><time>2026-04-04T22:07:38.037Z</time></trkpt><trkpt lat="37.006451" lon="-111.870682"><ele>1229.960083</ele><time>2026-04-04T22:08:17.032Z</time></trkpt><trkpt lat="37.006786" lon="-111.87088"><ele>1210.368042</ele><time>2026-04-04T22:08:34.037Z</time></trkpt><trkpt lat="37.007053" lon="-111.87085"><ele>1204.301514</ele><time>2026-04-04T22:08:51.036Z</time></trkpt><trkpt lat="37.00737" lon="-111.870956"><ele>1234.102661</ele><time>2026-04-04T22:09:15.037Z</time></trkpt><trkpt lat="37.009079" lon="-111.871719"><ele>1347.769287</ele><time>2026-04-04T22:09:29.034Z</time></trkpt><trkpt lat="37.010914" lon="-111.873566"><ele>1219.139404</ele><time>2026-04-04T22:09:35.037Z</time></trkpt><trkpt lat="37.010975" lon="-111.872704"><ele>1361.639893</ele><time>2026-04-04T22:09:40.037Z</time></trkpt><trkpt lat="37.011284" lon="-111.871994"><ele>1357.624146</ele><time>2026-04-04T22:09:53.034Z</time></trkpt><trkpt lat="37.011311" lon="-111.871811"><ele>1343.106812</ele><time>2026-04-04T22:10:19.037Z</time></trkpt><trkpt lat="37.011044" lon="-111.872017"><ele>1320.735596</ele><time>2026-04-04T22:11:08.027Z</time></trkpt><trkpt lat="37.010967" lon="-111.871819"><ele>1323.831787</ele><time>2026-04-04T22:11:15.037Z</time></trkpt><trkpt lat="37.010967" lon="-111.871674"><ele>1332.975464</ele><time>2026-04-04T22:11:59.037Z</time></trkpt><trkpt lat="37.011066" lon="-111.871567"><ele>1332.384644</ele><time>2026-04-04T22:12:12.028Z</time></trkpt><trkpt lat="37.011227" lon="-111.871552"><ele>1328.0625</ele><time>2026-04-04T22:12:37.037Z</time></trkpt><trkpt lat="37.011318" lon="-111.871513"><ele>1317.832397</ele><time>2026-04-04T22:12:54.029Z</time></trkpt><trkpt lat="37.01149" lon="-111.871483"><ele>1315.277588</ele><time>2026-04-04T22:13:28.031Z</time></trkpt><trkpt lat="37.01157" lon="-111.871506"><ele>1315.75354</ele><time>2026-04-04T22:13:32.030Z</time></trkpt><trkpt lat="37.011532" lon="-111.871399"><ele>1242.671997</ele><time>2026-04-04T22:13:42.029Z</time></trkpt><trkpt lat="37.013401" lon="-111.871445"><ele>1272.739014</ele><time>2026-04-04T22:13:48.027Z</time></trkpt><trkpt lat="37.013321" lon="-111.871544"><ele>1318.818848</ele><time>2026-04-04T22:14:23.031Z</time></trkpt><trkpt lat="37.013206" lon="-111.871605"><ele>1318.234375</ele><time>2026-04-04T22:14:53.038Z</time></trkpt><trkpt lat="37.012867" lon="-111.871956"><ele>1339.96814</ele><time>2026-04-04T22:15:03.039Z</time></trkpt><trkpt lat="37.012817" lon="-111.87233"><ele>1339.796509</ele><time>2026-04-04T22:15:10.031Z</time></trkpt><trkpt lat="37.013008" lon="-111.872398"><ele>1339.925781</ele><time>2026-04-04T22:15:41.037Z</time></trkpt><trkpt lat="37.012939" lon="-111.872696"><ele>1339.608032</ele><time>2026-04-04T22:15:52.029Z</time></trkpt><trkpt lat="37.012669" lon="-111.872879"><ele>1339.081299</ele><time>2026-04-04T22:16:01.038Z</time></trkpt><trkpt lat="37.012749" lon="-111.873055"><ele>1345.035889</ele><time>2026-04-04T22:16:08.030Z</time></trkpt><trkpt lat="37.012878" lon="-111.873199"><ele>1346.380493</ele><time>2026-04-04T22:16:12.032Z</time></trkpt><trkpt lat="37.012947" lon="-111.87339"><ele>1343.041504</ele><time>2026-04-04T22:16:43.038Z</time></trkpt><trkpt lat="37.013485" lon="-111.873611"><ele>1335.594116</ele><time>2026-04-04T22:16:45.029Z</time></trkpt><trkpt lat="37.013966" lon="-111.87368"><ele>1346.794556</ele><time>2026-04-04T22:17:01.039Z</time></trkpt><trkpt lat="37.014141" lon="-111.873871"><ele>1352.608887</ele><time>2026-04-04T22:18:08.028Z</time></trkpt><trkpt lat="37.01437" lon="-111.874062"><ele>1355.504761</ele><time>2026-04-04T22:18:13.030Z</time></trkpt><trkpt lat="37.014576" lon="-111.874115"><ele>1360.755493</ele><time>2026-04-04T22:18:59.027Z</time></trkpt><trkpt lat="37.014397" lon="-111.874252"><ele>1362.134521</ele><time>2026-04-04T22:19:04.027Z</time></trkpt><trkpt lat="37.014214" lon="-111.874313"><ele>1362.35498</ele><time>2026-04-04T22:19:08.026Z</time></trkpt><trkpt lat="37.014137" lon="-111.874458"><ele>1363.430298</ele><time>2026-04-04T22:19:20.036Z</time></trkpt><trkpt lat="37.013996" lon="-111.874428"><ele>1363.349365</ele><time>2026-04-04T22:19:25.034Z</time></trkpt><trkpt lat="37.014111" lon="-111.874519"><ele>1363.25769</ele><time>2026-04-04T22:19:29.039Z</time></trkpt><trkpt lat="37.013168" lon="-111.874611"><ele>1255.516602</ele><time>2026-04-04T22:19:57.036Z</time></trkpt><trkpt lat="37.014282" lon="-111.874863"><ele>1363.613647</ele><time>2026-04-04T22:20:39.037Z</time></trkpt><trkpt lat="37.013546" lon="-111.875015"><ele>1359.315186</ele><time>2026-04-04T22:20:42.039Z</time></trkpt><trkpt lat="37.013111" lon="-111.874931"><ele>1250.672974</ele><time>2026-04-04T22:20:54.038Z</time></trkpt><trkpt lat="37.013542" lon="-111.874786"><ele>1355.102539</ele><time>2026-04-04T22:21:14.033Z</time></trkpt><trkpt lat="37.013828" lon="-111.874794"><ele>1349.634155</ele><time>2026-04-04T22:21:17.024Z</time></trkpt><trkpt lat="37.013996" lon="-111.874893"><ele>1361.186523</ele><time>2026-04-04T22:21:23.040Z</time></trkpt><trkpt lat="37.014103" lon="-111.874504"><ele>1363.425171</ele><time>2026-04-04T22:21:26.026Z</time></trkpt><trkpt lat="37.014198" lon="-111.874321"><ele>1362.371094</ele><time>2026-04-04T22:21:39.026Z</time></trkpt><trkpt lat="37.013947" lon="-111.8741"><ele>1360.322266</ele><time>2026-04-04T22:21:50.040Z</time></trkpt><trkpt lat="37.013832" lon="-111.873711"><ele>1354.794312</ele><time>2026-04-04T22:21:54.038Z</time></trkpt><trkpt lat="37.01392" lon="-111.87355"><ele>1350.419067</ele><time>2026-04-04T22:22:01.038Z</time></trkpt><trkpt lat="37.013275" lon="-111.873177"><ele>1344.226685</ele><time>2026-04-04T22:22:15.030Z</time></trkpt><trkpt lat="37.013336" lon="-111.872978"><ele>1332.655518</ele><time>2026-04-04T22:22:22.028Z</time></trkpt><trkpt lat="37.013199" lon="-111.872375"><ele>1327.706299</ele><time>2026-04-04T22:22:53.037Z</time></trkpt><trkpt lat="37.013317" lon="-111.872475"><ele>1322.665649</ele><time>2026-04-04T22:23:25.028Z</time></trkpt><trkpt lat="37.013218" lon="-111.872284"><ele>1321.722046</ele><time>2026-04-04T22:24:40.037Z</time></trkpt><trkpt lat="37.013035" lon="-111.871429"><ele>1334.560303</ele><time>2026-04-04T22:25:05.039Z</time></trkpt><trkpt lat="37.012756" lon="-111.87146"><ele>1321.904907</ele><time>2026-04-04T22:25:10.038Z</time></trkpt><trkpt lat="37.013073" lon="-111.871361"><ele>1312.042603</ele><time>2026-04-04T22:25:14.037Z</time></trkpt><trkpt lat="37.013184" lon="-111.871361"><ele>1312.01416</ele><time>2026-04-04T22:25:45.037Z</time></trkpt><trkpt lat="37.01326" lon="-111.871284"><ele>1312.629883</ele><time>2026-04-04T22:29:56.037Z</time></trkpt><trkpt lat="37.013378" lon="-111.871361"><ele>1310.00708</ele><time>2026-04-04T22:31:06.039Z</time></trkpt><trkpt lat="37.013454" lon="-111.871391"><ele>1311.934082</ele><time>2026-04-04T22:31:26.039Z</time></trkpt><trkpt lat="37.012516" lon="-111.870422"><ele>1318.282227</ele><time>2026-04-04T22:31:39.039Z</time></trkpt><trkpt lat="37.012413" lon="-111.870399"><ele>1302.184326</ele><time>2026-04-04T22:32:05.037Z</time></trkpt><trkpt lat="37.011814" lon="-111.87114"><ele>1319.338013</ele><time>2026-04-04T22:32:55.036Z</time></trkpt><trkpt lat="37.0112" lon="-111.871582"><ele>1333.666016</ele><time>2026-04-04T22:33:19.034Z</time></trkpt><trkpt lat="37.011158" lon="-111.871452"><ele>1333.193481</ele><time>2026-04-04T22:36:02.028Z</time></trkpt><trkpt lat="37.011299" lon="-111.871536"><ele>1328.142944</ele><time>2026-04-04T22:36:48.039Z</time></trkpt><trkpt lat="37.011311" lon="-111.871643"><ele>1295.997925</ele><time>2026-04-04T22:37:03.038Z</time></trkpt><trkpt lat="37.01123" lon="-111.871742"><ele>1296.921021</ele><time>2026-04-04T22:42:20.034Z</time></trkpt><trkpt lat="37.011211" lon="-111.871895"><ele>1322.952637</ele><time>2026-04-04T22:42:31.039Z</time></trkpt><trkpt lat="37.01112" lon="-111.872162"><ele>1320.717529</ele><time>2026-04-04T22:58:57.028Z</time></trkpt><trkpt lat="37.011044" lon="-111.872284"><ele>1287.101074</ele><time>2026-04-04T23:01:14.039Z</time></trkpt><trkpt lat="37.010941" lon="-111.872307"><ele>1327.104858</ele><time>2026-04-04T23:01:59.039Z</time></trkpt><trkpt lat="37.010738" lon="-111.872223"><ele>1341.928589</ele><time>2026-04-04T23:02:10.038Z</time></trkpt><trkpt lat="37.010647" lon="-111.872238"><ele>1287.809692</ele><time>2026-04-04T23:02:20.036Z</time></trkpt><trkpt lat="37.010479" lon="-111.872429"><ele>1288.523682</ele><time>2026-04-04T23:02:43.043Z</time></trkpt><trkpt lat="37.008202" lon="-111.871147"><ele>1326.443115</ele><time>2026-04-04T23:02:59.029Z</time></trkpt><trkpt lat="37.008224" lon="-111.870949"><ele>1325.420044</ele><time>2026-04-04T23:03:04.030Z</time></trkpt><trkpt lat="37.006901" lon="-111.870872"><ele>1340.893677</ele><time>2026-04-04T23:03:07.028Z</time></trkpt><trkpt lat="37.004391" lon="-111.869484"><ele>1338.095459</ele><time>2026-04-04T23:03:10.030Z</time></trkpt><trkpt lat="37.004082" lon="-111.869164"><ele>1351.414795</ele><time>2026-04-04T23:03:37.040Z</time></trkpt><trkpt lat="37.003948" lon="-111.869179"><ele>1353.633301</ele><time>2026-04-04T23:04:03.028Z</time></trkpt><trkpt lat="37.00388" lon="-111.869202"><ele>1351.80481</ele><time>2026-04-04T23:04:09.038Z</time></trkpt><trkpt lat="37.00354" lon="-111.869354"><ele>1348.40564</ele><time>2026-04-04T23:04:19.029Z</time></trkpt><trkpt lat="37.00351" lon="-111.869598"><ele>1331.052979</ele><time>2026-04-04T23:04:34.027Z</time></trkpt><trkpt lat="37.003399" lon="-111.869713"><ele>1330.045654</ele><time>2026-04-04T23:04:51.027Z</time></trkpt><trkpt lat="37.003277" lon="-111.869667"><ele>1330.151978</ele><time>2026-04-04T23:05:21.039Z</time></trkpt><trkpt lat="37.003166" lon="-111.86972"><ele>1331.898682</ele><time>2026-04-04T23:05:33.037Z</time></trkpt><trkpt lat="37.003094" lon="-111.86985"><ele>1337.441284</ele><time>2026-04-04T23:05:50.039Z</time></trkpt><trkpt lat="37.003052" lon="-111.87001"><ele>1338.144043</ele><time>2026-04-04T23:05:58.040Z</time></trkpt><trkpt lat="37.003006" lon="-111.869873"><ele>1338.184082</ele><time>2026-04-04T23:06:16.040Z</time></trkpt><trkpt lat="37.002983" lon="-111.869629"><ele>1347.773926</ele><time>2026-04-04T23:06:22.038Z</time></trkpt><trkpt lat="37.002983" lon="-111.8694"><ele>1347.156738</ele><time>2026-04-04T23:06:50.039Z</time></trkpt><trkpt lat="37.003059" lon="-111.869095"><ele>1324.921753</ele><time>2026-04-04T23:07:05.039Z</time></trkpt><trkpt lat="37.003075" lon="-111.868835"><ele>1318.552856</ele><time>2026-04-04T23:07:21.039Z</time></trkpt><trkpt lat="37.003052" lon="-111.868607"><ele>1319.326782</ele><time>2026-04-04T23:07:42.038Z</time></trkpt><trkpt lat="37.003101" lon="-111.868172"><ele>1346.628418</ele><time>2026-04-04T23:08:02.038Z</time></trkpt><trkpt lat="37.003063" lon="-111.867943"><ele>1352.413208</ele><time>2026-04-04T23:08:30.039Z</time></trkpt><trkpt lat="37.002865" lon="-111.867935"><ele>1354.028198</ele><time>2026-04-04T23:08:45.043Z</time></trkpt><trkpt lat="37.002735" lon="-111.867828"><ele>1353.40979</ele><time>2026-04-04T23:08:54.039Z</time></trkpt><trkpt lat="37.002544" lon="-111.86776"><ele>1350.707397</ele><time>2026-04-04T23:09:02.040Z</time></trkpt><trkpt lat="37.002579" lon="-111.867531"><ele>1350.01709</ele><time>2026-04-04T23:09:12.037Z</time></trkpt><trkpt lat="37.002457" lon="-111.867371"><ele>1352.930908</ele><time>2026-04-04T23:09:24.039Z</time></trkpt><trkpt lat="37.002514" lon="-111.867004"><ele>1364.597534</ele><time>2026-04-04T23:09:31.037Z</time></trkpt><trkpt lat="37.001911" lon="-111.867363"><ele>1258.222778</ele><time>2026-04-04T23:10:21.038Z</time></trkpt><trkpt lat="37.002537" lon="-111.866554"><ele>1384.484619</ele><time>2026-04-04T23:10:31.039Z</time></trkpt><trkpt lat="37.002396" lon="-111.86644"><ele>1379.665649</ele><time>2026-04-04T23:10:34.037Z</time></trkpt><trkpt lat="37.002205" lon="-111.866447"><ele>1377.946899</ele><time>2026-04-04T23:10:41.038Z</time></trkpt><trkpt lat="37.001972" lon="-111.86676"><ele>1373.215088</ele><time>2026-04-04T23:10:46.040Z</time></trkpt><trkpt lat="37.001911" lon="-111.866936"><ele>1374.049927</ele><time>2026-04-04T23:10:59.038Z</time></trkpt><trkpt lat="37.001892" lon="-111.866615"><ele>1364.591553</ele><time>2026-04-04T23:11:07.037Z</time></trkpt><trkpt lat="37.002007" lon="-111.866142"><ele>1359.944458</ele><time>2026-04-04T23:11:45.038Z</time></trkpt><trkpt lat="37.001453" lon="-111.866394"><ele>1248.277954</ele><time>2026-04-04T23:12:06.029Z</time></trkpt><trkpt lat="37.001644" lon="-111.866196"><ele>1251.386475</ele><time>2026-04-04T23:12:17.040Z</time></trkpt><trkpt lat="37.001591" lon="-111.865929"><ele>1331.065918</ele><time>2026-04-04T23:12:35.038Z</time></trkpt><trkpt lat="37.001465" lon="-111.865814"><ele>1331.315063</ele><time>2026-04-04T23:12:46.040Z</time></trkpt><trkpt lat="37.001316" lon="-111.865761"><ele>1330.566162</ele><time>2026-04-04T23:13:08.036Z</time></trkpt><trkpt lat="37.001263" lon="-111.865593"><ele>1322.979126</ele><time>2026-04-04T23:13:22.031Z</time></trkpt><trkpt lat="37.001415" lon="-111.865395"><ele>1306.786987</ele><time>2026-04-04T23:13:41.031Z</time></trkpt><trkpt lat="37.001225" lon="-111.865112"><ele>1304.911743</ele><time>2026-04-04T23:13:50.037Z</time></trkpt><trkpt lat="37.001263" lon="-111.864838"><ele>1311.33606</ele><time>2026-04-04T23:13:56.037Z</time></trkpt><trkpt lat="37.00127" lon="-111.86454"><ele>1332.629761</ele><time>2026-04-04T23:13:57.037Z</time></trkpt><trkpt lat="37.001217" lon="-111.864349"><ele>1331.022217</ele><time>2026-04-04T23:14:45.039Z</time></trkpt><trkpt lat="37.000877" lon="-111.864197"><ele>1329.159058</ele><time>2026-04-04T23:16:07.038Z</time></trkpt><trkpt lat="37.000935" lon="-111.863968"><ele>1327.502441</ele><time>2026-04-04T23:16:10.038Z</time></trkpt><trkpt lat="37.000797" lon="-111.864212"><ele>1326.023438</ele><time>2026-04-04T23:16:19.037Z</time></trkpt><trkpt lat="37.000568" lon="-111.86425"><ele>1350.786133</ele><time>2026-04-04T23:16:40.040Z</time></trkpt><trkpt lat="37.000397" lon="-111.864143"><ele>1348.063354</ele><time>2026-04-04T23:16:45.038Z</time></trkpt><trkpt lat="37.000248" lon="-111.863983"><ele>1349.067627</ele><time>2026-04-04T23:17:09.037Z</time></trkpt><trkpt lat="36.999943" lon="-111.864288"><ele>1347.370972</ele><time>2026-04-04T23:17:19.039Z</time></trkpt><trkpt lat="36.999809" lon="-111.864334"><ele>1342.912354</ele><time>2026-04-04T23:17:25.037Z</time></trkpt><trkpt lat="36.99971" lon="-111.864258"><ele>1309.085327</ele><time>2026-04-04T23:17:27.039Z</time></trkpt><trkpt lat="36.999634" lon="-111.864136"><ele>1304.38562</ele><time>2026-04-04T23:17:36.039Z</time></trkpt><trkpt lat="36.999519" lon="-111.864098"><ele>1303.857178</ele><time>2026-04-04T23:17:45.039Z</time></trkpt><trkpt lat="36.999397" lon="-111.86422"><ele>1291.226563</ele><time>2026-04-04T23:17:52.038Z</time></trkpt><trkpt lat="36.999287" lon="-111.864082"><ele>1289.816895</ele><time>2026-04-04T23:18:08.038Z</time></trkpt><trkpt lat="36.999149" lon="-111.864182"><ele>1296.245605</ele><time>2026-04-04T23:18:20.038Z</time></trkpt><trkpt lat="36.998985" lon="-111.864227"><ele>1296.754272</ele><time>2026-04-04T23:18:44.039Z</time></trkpt><trkpt lat="36.998905" lon="-111.864075"><ele>1298.076172</ele><time>2026-04-04T23:18:55.037Z</time></trkpt><trkpt lat="36.998989" lon="-111.863937"><ele>1302.431641</ele><time>2026-04-04T23:19:02.040Z</time></trkpt><trkpt lat="36.999065" lon="-111.863319"><ele>1300.004883</ele><time>2026-04-04T23:19:07.034Z</time></trkpt><trkpt lat="36.999268" lon="-111.863007"><ele>1309.376343</ele><time>2026-04-04T23:19:18.038Z</time></trkpt><trkpt lat="36.999371" lon="-111.862724"><ele>1313.320923</ele><time>2026-04-04T23:19:27.042Z</time></trkpt><trkpt lat="36.999474" lon="-111.862869"><ele>1314.941528</ele><time>2026-04-04T23:19:42.028Z</time></trkpt><trkpt lat="36.999619" lon="-111.862907"><ele>1314.609619</ele><time>2026-04-04T23:20:06.038Z</time></trkpt><trkpt lat="36.999828" lon="-111.862877"><ele>1288.844116</ele><time>2026-04-04T23:20:27.033Z</time></trkpt><trkpt lat="36.999958" lon="-111.863037"><ele>1288.706787</ele><time>2026-04-04T23:20:37.038Z</time></trkpt><trkpt lat="37.000065" lon="-111.862991"><ele>1292.764038</ele><time>2026-04-04T23:20:51.032Z</time></trkpt><trkpt lat="37.000256" lon="-111.862984"><ele>1292.618774</ele><time>2026-04-04T23:21:02.039Z</time></trkpt><trkpt lat="37.000374" lon="-111.863091"><ele>1294.816406</ele><time>2026-04-04T23:21:21.039Z</time></trkpt><trkpt lat="37.000778" lon="-111.862999"><ele>1304.617554</ele><time>2026-04-04T23:21:32.040Z</time></trkpt><trkpt lat="37.000885" lon="-111.86293"><ele>1304.316284</ele><time>2026-04-04T23:21:39.038Z</time></trkpt><trkpt lat="37.001194" lon="-111.86261"><ele>1297.917725</ele><time>2026-04-04T23:21:49.038Z</time></trkpt><trkpt lat="37.001293" lon="-111.862404"><ele>1296.667236</ele><time>2026-04-04T23:21:56.030Z</time></trkpt><trkpt lat="37.00135" lon="-111.862183"><ele>1298.751953</ele><time>2026-04-04T23:22:07.037Z</time></trkpt><trkpt lat="37.001335" lon="-111.862015"><ele>1303.748413</ele><time>2026-04-04T23:22:23.038Z</time></trkpt><trkpt lat="37.001236" lon="-111.861908"><ele>1303.121338</ele><time>2026-04-04T23:22:35.039Z</time></trkpt><trkpt lat="37.001125" lon="-111.861862"><ele>1297.44873</ele><time>2026-04-04T23:22:45.038Z</time></trkpt><trkpt lat="37.001129" lon="-111.861717"><ele>1287.161011</ele><time>2026-04-04T23:22:52.031Z</time></trkpt><trkpt lat="37.00098" lon="-111.861519"><ele>1286.209351</ele><time>2026-04-04T23:23:03.040Z</time></trkpt><trkpt lat="37.000748" lon="-111.86129"><ele>1277.438354</ele><time>2026-04-04T23:23:08.039Z</time></trkpt><trkpt lat="37.000637" lon="-111.861145"><ele>1284.714233</ele><time>2026-04-04T23:26:39.036Z</time></trkpt><trkpt lat="37.000572" lon="-111.860786"><ele>1284.381958</ele><time>2026-04-04T23:27:08.034Z</time></trkpt><trkpt lat="37.000431" lon="-111.86068"><ele>1282.514282</ele><time>2026-04-04T23:27:30.036Z</time></trkpt><trkpt lat="37.000427" lon="-111.860573"><ele>1282.652954</ele><time>2026-04-04T23:27:48.034Z</time></trkpt><trkpt lat="37.000393" lon="-111.860451"><ele>1282.417114</ele><time>2026-04-04T23:28:12.036Z</time></trkpt><trkpt lat="37.000282" lon="-111.860283"><ele>1292.179321</ele><time>2026-04-04T23:28:29.037Z</time></trkpt><trkpt lat="37.000225" lon="-111.859955"><ele>1286.494751</ele><time>2026-04-04T23:35:59.053Z</time></trkpt><trkpt lat="37.000259" lon="-111.85955"><ele>1282.351318</ele><time>2026-04-04T23:42:34.050Z</time></trkpt><trkpt lat="37.000248" lon="-111.859444"><ele>1289.733398</ele><time>2026-04-04T23:42:41.047Z</time></trkpt><trkpt lat="37.00021" lon="-111.859344"><ele>1289.307251</ele><time>2026-04-04T23:42:52.046Z</time></trkpt><trkpt lat="37.000084" lon="-111.859367"><ele>1297.713135</ele><time>2026-04-04T23:42:53.036Z</time></trkpt><trkpt lat="37.000004" lon="-111.859459"><ele>1298.289063</ele><time>2026-04-04T23:43:00.032Z</time></trkpt><trkpt lat="36.999863" lon="-111.859276"><ele>1298.072021</ele><time>2026-04-04T23:43:33.039Z</time></trkpt><trkpt lat="36.999828" lon="-111.859032"><ele>1298.454224</ele><time>2026-04-04T23:43:42.046Z</time></trkpt><trkpt lat="36.99995" lon="-111.859215"><ele>1325.19873</ele><time>2026-04-04T23:44:15.037Z</time></trkpt><trkpt lat="36.999962" lon="-111.859596"><ele>1320.615845</ele><time>2026-04-04T23:44:21.030Z</time></trkpt><trkpt lat="36.999794" lon="-111.85968"><ele>1306.849609</ele><time>2026-04-04T23:44:24.040Z</time></trkpt><trkpt lat="36.999783" lon="-111.85939"><ele>1307.475708</ele><time>2026-04-04T23:44:27.037Z</time></trkpt><trkpt lat="36.999588" lon="-111.859222"><ele>1295.873047</ele><time>2026-04-04T23:44:39.036Z</time></trkpt><trkpt lat="36.999752" lon="-111.859741"><ele>1273.707397</ele><time>2026-04-04T23:44:44.034Z</time></trkpt><trkpt lat="36.999928" lon="-111.859802"><ele>1276.088989</ele><time>2026-04-04T23:44:59.034Z</time></trkpt><trkpt lat="36.99984" lon="-111.860184"><ele>1303.332397</ele><time>2026-04-04T23:49:43.037Z</time></trkpt><trkpt lat="36.999889" lon="-111.859978"><ele>1302.67981</ele><time>2026-04-04T23:49:52.039Z</time></trkpt><trkpt lat="36.999588" lon="-111.859344"><ele>1286.681885</ele><time>2026-04-04T23:50:35.039Z</time></trkpt><trkpt lat="36.999664" lon="-111.859138"><ele>1287.19397</ele><time>2026-04-04T23:52:03.037Z</time></trkpt><trkpt lat="36.99979" lon="-111.858994"><ele>1286.75647</ele><time>2026-04-04T23:52:09.036Z</time></trkpt><trkpt lat="36.999641" lon="-111.859604"><ele>1271.760376</ele><time>2026-04-04T23:52:11.034Z</time></trkpt><trkpt lat="36.99963" lon="-111.859261"><ele>1262.59082</ele><time>2026-04-04T23:52:29.037Z</time></trkpt><trkpt lat="36.999691" lon="-111.85955"><ele>1271.186523</ele><time>2026-04-04T23:52:38.037Z</time></trkpt><trkpt lat="36.999561" lon="-111.859131"><ele>1228.288086</ele><time>2026-04-04T23:53:07.036Z</time></trkpt><trkpt lat="36.99971" lon="-111.859573"><ele>1282.059448</ele><time>2026-04-04T23:53:15.036Z</time></trkpt><trkpt lat="36.999699" lon="-111.859436"><ele>1267.792847</ele><time>2026-04-04T23:53:23.039Z</time></trkpt><trkpt lat="37.000031" lon="-111.859352"><ele>1291.688354</ele><time>2026-04-04T23:53:29.039Z</time></trkpt><trkpt lat="36.999527" lon="-111.859772"><ele>1274.53186</ele><time>2026-04-04T23:53:36.038Z</time></trkpt><trkpt lat="36.999928" lon="-111.859093"><ele>1278.637329</ele><time>2026-04-04T23:53:46.039Z</time></trkpt><trkpt lat="36.999706" lon="-111.858932"><ele>1276.026489</ele><time>2026-04-04T23:53:53.036Z</time></trkpt><trkpt lat="36.999275" lon="-111.858955"><ele>1280.44873</ele><time>2026-04-04T23:53:58.037Z</time></trkpt><trkpt lat="36.999245" lon="-111.859154"><ele>1281.883667</ele><time>2026-04-04T23:54:00.036Z</time></trkpt><trkpt lat="36.999447" lon="-111.859367"><ele>1276.778198</ele><time>2026-04-04T23:54:02.036Z</time></trkpt><trkpt lat="36.999405" lon="-111.859566"><ele>1275.623291</ele><time>2026-04-04T23:54:12.037Z</time></trkpt><trkpt lat="36.999126" lon="-111.859428"><ele>1276.467407</ele><time>2026-04-04T23:54:18.038Z</time></trkpt><trkpt lat="36.998993" lon="-111.859444"><ele>1271.564331</ele><time>2026-04-04T23:54:27.039Z</time></trkpt><trkpt lat="36.99889" lon="-111.859589"><ele>1270.58606</ele><time>2026-04-04T23:54:31.036Z</time></trkpt><trkpt lat="36.998787" lon="-111.85952"><ele>1273.172729</ele><time>2026-04-04T23:54:38.037Z</time></trkpt><trkpt lat="36.998703" lon="-111.859612"><ele>1273.68457</ele><time>2026-04-04T23:54:49.039Z</time></trkpt><trkpt lat="36.998569" lon="-111.859924"><ele>1273.951416</ele><time>2026-04-04T23:54:51.036Z</time></trkpt><trkpt lat="36.998482" lon="-111.860023"><ele>1275.327881</ele><time>2026-04-04T23:55:00.037Z</time></trkpt><trkpt lat="36.998226" lon="-111.860016"><ele>1275.780029</ele><time>2026-04-04T23:55:06.037Z</time></trkpt><trkpt lat="36.998161" lon="-111.860176"><ele>1274.817749</ele><time>2026-04-04T23:55:12.039Z</time></trkpt><trkpt lat="36.998238" lon="-111.860306"><ele>1274.9198</ele><time>2026-04-04T23:55:13.036Z</time></trkpt><trkpt lat="36.998207" lon="-111.860489"><ele>1274.531372</ele><time>2026-04-04T23:55:22.036Z</time></trkpt><trkpt lat="36.998028" lon="-111.860443"><ele>1275.671509</ele><time>2026-04-04T23:55:28.038Z</time></trkpt><trkpt lat="36.997746" lon="-111.860481"><ele>1270.056885</ele><time>2026-04-04T23:57:13.045Z</time></trkpt><trkpt lat="36.997513" lon="-111.860641"><ele>1267.786377</ele><time>2026-04-04T23:57:38.030Z</time></trkpt><trkpt lat="36.99725" lon="-111.860565"><ele>1271.133423</ele><time>2026-04-04T23:57:54.030Z</time></trkpt><trkpt lat="36.99707" lon="-111.860344"><ele>1274.638916</ele><time>2026-04-04T23:58:12.034Z</time></trkpt><trkpt lat="36.996964" lon="-111.860069"><ele>1263.39917</ele><time>2026-04-04T23:58:19.038Z</time></trkpt><trkpt lat="36.996819" lon="-111.859962"><ele>1262.485229</ele><time>2026-04-04T23:58:30.039Z</time></trkpt><trkpt lat="36.996674" lon="-111.860062"><ele>1262.499268</ele><time>2026-04-04T23:58:51.036Z</time></trkpt><trkpt lat="36.996578" lon="-111.860222"><ele>1262.541992</ele><time>2026-04-04T23:59:01.038Z</time></trkpt><trkpt lat="36.996319" lon="-111.860458"><ele>1265.665771</ele><time>2026-04-04T23:59:16.034Z</time></trkpt><trkpt lat="36.996227" lon="-111.860596"><ele>1264.282837</ele><time>2026-04-04T23:59:24.037Z</time></trkpt><trkpt lat="36.996307" lon="-111.860832"><ele>1264.318237</ele><time>2026-04-04T23:59:42.030Z</time></trkpt><trkpt lat="36.996143" lon="-111.861092"><ele>1265.009644</ele><time>2026-04-05T00:00:09.037Z</time></trkpt><trkpt lat="36.995689" lon="-111.860634"><ele>1264.810913</ele><time>2026-04-05T00:00:14.039Z</time></trkpt><trkpt lat="36.995731" lon="-111.860329"><ele>1271.571899</ele><time>2026-04-05T00:00:30.036Z</time></trkpt><trkpt lat="36.995678" lon="-111.860199"><ele>1270.599731</ele><time>2026-04-05T00:01:36.041Z</time></trkpt><trkpt lat="36.99572" lon="-111.860046"><ele>1270.62207</ele><time>2026-04-05T00:01:46.037Z</time></trkpt><trkpt lat="36.995731" lon="-111.859917"><ele>1270.047241</ele><time>2026-04-05T00:01:54.039Z</time></trkpt><trkpt lat="36.995609" lon="-111.859634"><ele>1279.360229</ele><time>2026-04-05T00:01:55.040Z</time></trkpt><trkpt lat="36.995346" lon="-111.859413"><ele>1286.842163</ele><time>2026-04-05T00:02:00.038Z</time></trkpt><trkpt lat="36.995197" lon="-111.859535"><ele>1284.663452</ele><time>2026-04-05T00:02:08.041Z</time></trkpt><trkpt lat="36.995338" lon="-111.859512"><ele>1281.476563</ele><time>2026-04-05T00:02:11.037Z</time></trkpt><trkpt lat="36.994976" lon="-111.859711"><ele>1271.434692</ele><time>2026-04-05T00:05:17.037Z</time></trkpt><trkpt lat="36.994511" lon="-111.859901"><ele>1268.956665</ele><time>2026-04-05T00:05:26.039Z</time></trkpt><trkpt lat="36.994381" lon="-111.860031"><ele>1295.409912</ele><time>2026-04-05T00:06:30.046Z</time></trkpt><trkpt lat="36.994396" lon="-111.860214"><ele>1302.483154</ele><time>2026-04-05T00:07:18.042Z</time></trkpt><trkpt lat="36.994289" lon="-111.860596"><ele>1297.611328</ele><time>2026-04-05T00:07:25.037Z</time></trkpt><trkpt lat="36.994308" lon="-111.860817"><ele>1280.604858</ele><time>2026-04-05T00:07:43.034Z</time></trkpt><trkpt lat="36.994007" lon="-111.860954"><ele>1275.317383</ele><time>2026-04-05T00:07:58.037Z</time></trkpt><trkpt lat="36.993973" lon="-111.86116"><ele>1270.021606</ele><time>2026-04-05T00:08:08.039Z</time></trkpt><trkpt lat="36.993595" lon="-111.861572"><ele>1258.234375</ele><time>2026-04-05T00:08:34.036Z</time></trkpt><trkpt lat="36.993355" lon="-111.861481"><ele>1260.352417</ele><time>2026-04-05T00:08:41.037Z</time></trkpt><trkpt lat="36.993164" lon="-111.861153"><ele>1259.743286</ele><time>2026-04-05T00:08:47.036Z</time></trkpt><trkpt lat="36.992935" lon="-111.860374"><ele>1255.207397</ele><time>2026-04-05T00:08:56.038Z</time></trkpt><trkpt lat="36.992928" lon="-111.860222"><ele>1254.948242</ele><time>2026-04-05T00:09:03.039Z</time></trkpt><trkpt lat="36.992886" lon="-111.8601"><ele>1253.911987</ele><time>2026-04-05T00:09:20.039Z</time></trkpt><trkpt lat="36.992901" lon="-111.85994"><ele>1253.958618</ele><time>2026-04-05T00:09:27.036Z</time></trkpt><trkpt lat="36.992767" lon="-111.859497"><ele>1260.195923</ele><time>2026-04-05T00:09:50.036Z</time></trkpt><trkpt lat="36.992672" lon="-111.859413"><ele>1259.93335</ele><time>2026-04-05T00:17:26.053Z</time></trkpt><trkpt lat="36.99229" lon="-111.859146"><ele>1267.279663</ele><time>2026-04-05T00:17:29.031Z</time></trkpt><trkpt lat="36.992191" lon="-111.859001"><ele>1266.849609</ele><time>2026-04-05T00:21:09.034Z</time></trkpt><trkpt lat="36.992096" lon="-111.858917"><ele>1267.717041</ele><time>2026-04-05T00:21:16.034Z</time></trkpt><trkpt lat="36.991989" lon="-111.859047"><ele>1278.726929</ele><time>2026-04-05T00:25:20.045Z</time></trkpt><trkpt lat="36.991795" lon="-111.858772"><ele>1283.412964</ele><time>2026-04-05T00:25:31.034Z</time></trkpt><trkpt lat="36.991543" lon="-111.859047"><ele>1293.548828</ele><time>2026-04-05T00:25:43.026Z</time></trkpt><trkpt lat="36.991486" lon="-111.859497"><ele>1297.406616</ele><time>2026-04-05T00:25:47.032Z</time></trkpt><trkpt lat="36.991558" lon="-111.859772"><ele>1293.864868</ele><time>2026-04-05T00:25:51.034Z</time></trkpt><trkpt lat="36.991444" lon="-111.85952"><ele>1293.559326</ele><time>2026-04-05T00:26:00.034Z</time></trkpt><trkpt lat="36.99107" lon="-111.859489"><ele>1262.750488</ele><time>2026-04-05T00:26:17.040Z</time></trkpt><trkpt lat="36.991066" lon="-111.859749"><ele>1248.762451</ele><time>2026-04-05T00:26:35.031Z</time></trkpt><trkpt lat="36.990952" lon="-111.859535"><ele>1247.543579</ele><time>2026-04-05T00:26:47.028Z</time></trkpt><trkpt lat="36.990833" lon="-111.859367"><ele>1248.312866</ele><time>2026-04-05T00:26:54.029Z</time></trkpt><trkpt lat="36.990864" lon="-111.859634"><ele>1249.439941</ele><time>2026-04-05T00:27:00.027Z</time></trkpt><trkpt lat="36.990814" lon="-111.859825"><ele>1248.388672</ele><time>2026-04-05T00:27:10.039Z</time></trkpt><trkpt lat="36.990688" lon="-111.859734"><ele>1249.879028</ele><time>2026-04-05T00:27:15.030Z</time></trkpt><trkpt lat="36.990555" lon="-111.859421"><ele>1248.993652</ele><time>2026-04-05T00:27:30.039Z</time></trkpt><trkpt lat="36.990726" lon="-111.859421"><ele>1248.501221</ele><time>2026-04-05T00:27:53.031Z</time></trkpt><trkpt lat="36.990856" lon="-111.859337"><ele>1249.111938</ele><time>2026-04-05T00:28:08.030Z</time></trkpt><trkpt lat="36.990753" lon="-111.858681"><ele>1269.014404</ele><time>2026-04-05T00:28:26.030Z</time></trkpt><trkpt lat="36.990669" lon="-111.858543"><ele>1268.109985</ele><time>2026-04-05T00:28:40.031Z</time></trkpt><trkpt lat="36.99044" lon="-111.858337"><ele>1273.70813</ele><time>2026-04-05T00:28:50.031Z</time></trkpt><trkpt lat="36.990276" lon="-111.858269"><ele>1273.505371</ele><time>2026-04-05T00:29:06.031Z</time></trkpt><trkpt lat="36.990101" lon="-111.858231"><ele>1271.845947</ele><time>2026-04-05T00:29:18.030Z</time></trkpt><trkpt lat="36.989803" lon="-111.857819"><ele>1287.355957</ele><time>2026-04-05T00:29:29.030Z</time></trkpt><trkpt lat="36.989559" lon="-111.858002"><ele>1289.959106</ele><time>2026-04-05T00:29:37.037Z</time></trkpt><trkpt lat="36.989559" lon="-111.857811"><ele>1288.870483</ele><time>2026-04-05T00:29:53.030Z</time></trkpt><trkpt lat="36.989174" lon="-111.858002"><ele>1252.326416</ele><time>2026-04-05T00:30:04.040Z</time></trkpt><trkpt lat="36.989128" lon="-111.85817"><ele>1251.532593</ele><time>2026-04-05T00:30:15.031Z</time></trkpt><trkpt lat="36.988998" lon="-111.858093"><ele>1251.391235</ele><time>2026-04-05T00:30:26.029Z</time></trkpt><trkpt lat="36.988995" lon="-111.857941"><ele>1252.156738</ele><time>2026-04-05T00:30:55.036Z</time></trkpt><trkpt lat="36.988811" lon="-111.857872"><ele>1251.70105</ele><time>2026-04-05T00:30:56.032Z</time></trkpt><trkpt lat="36.988781" lon="-111.857758"><ele>1252.003174</ele><time>2026-04-05T00:31:11.040Z</time></trkpt><trkpt lat="36.988674" lon="-111.857567"><ele>1254.242065</ele><time>2026-04-05T00:31:16.039Z</time></trkpt><trkpt lat="36.988609" lon="-111.857384"><ele>1248.231689</ele><time>2026-04-05T00:31:24.040Z</time></trkpt><trkpt lat="36.988499" lon="-111.857239"><ele>1250.5</ele><time>2026-04-05T00:31:27.039Z</time></trkpt><trkpt lat="36.988426" lon="-111.857185"><ele>1250.354858</ele><time>2026-04-05T00:31:51.041Z</time></trkpt><trkpt lat="36.988304" lon="-111.856773"><ele>1251.768433</ele><time>2026-04-05T00:32:07.038Z</time></trkpt><trkpt lat="36.988094" lon="-111.856743"><ele>1254.411133</ele><time>2026-04-05T00:32:30.038Z</time></trkpt><trkpt lat="36.987846" lon="-111.856827"><ele>1255.243164</ele><time>2026-04-05T00:32:37.038Z</time></trkpt><trkpt lat="36.987568" lon="-111.857002"><ele>1257.698608</ele><time>2026-04-05T00:32:44.038Z</time></trkpt><trkpt lat="36.987503" lon="-111.857201"><ele>1255.239868</ele><time>2026-04-05T00:33:18.039Z</time></trkpt><trkpt lat="36.987328" lon="-111.857277"><ele>1251.331665</ele><time>2026-04-05T00:33:32.039Z</time></trkpt><trkpt lat="36.987175" lon="-111.857307"><ele>1251.214478</ele><time>2026-04-05T00:33:46.037Z</time></trkpt><trkpt lat="36.986839" lon="-111.857574"><ele>1245.969116</ele><time>2026-04-05T00:34:09.037Z</time></trkpt><trkpt lat="36.986561" lon="-111.857231"><ele>1243.170654</ele><time>2026-04-05T00:34:20.039Z</time></trkpt><trkpt lat="36.986755" lon="-111.857025"><ele>1243.723999</ele><time>2026-04-05T00:34:26.038Z</time></trkpt><trkpt lat="36.986801" lon="-111.856918"><ele>1248.142822</ele><time>2026-04-05T00:34:33.040Z</time></trkpt><trkpt lat="36.986748" lon="-111.856804"><ele>1249.116455</ele><time>2026-04-05T00:34:44.041Z</time></trkpt><trkpt lat="36.986824" lon="-111.856026"><ele>1251.153931</ele><time>2026-04-05T00:34:52.038Z</time></trkpt><trkpt lat="36.986732" lon="-111.855774"><ele>1249.039307</ele><time>2026-04-05T00:35:07.037Z</time></trkpt><trkpt lat="36.986851" lon="-111.855743"><ele>1249.269653</ele><time>2026-04-05T00:35:20.040Z</time></trkpt><trkpt lat="36.987" lon="-111.8554"><ele>1247.678955</ele><time>2026-04-05T00:35:22.039Z</time></trkpt><trkpt lat="36.98727" lon="-111.85498"><ele>1250.626709</ele><time>2026-04-05T00:35:32.040Z</time></trkpt><trkpt lat="36.987225" lon="-111.854836"><ele>1250.673828</ele><time>2026-04-05T00:35:48.032Z</time></trkpt><trkpt lat="36.987297" lon="-111.854683"><ele>1249.437012</ele><time>2026-04-05T00:36:01.037Z</time></trkpt><trkpt lat="36.987492" lon="-111.854744"><ele>1246.454346</ele><time>2026-04-05T00:36:08.047Z</time></trkpt><trkpt lat="36.987293" lon="-111.854599"><ele>1250.887695</ele><time>2026-04-05T00:36:16.038Z</time></trkpt><trkpt lat="36.987202" lon="-111.85437"><ele>1247.555786</ele><time>2026-04-05T00:36:29.028Z</time></trkpt><trkpt lat="36.98719" lon="-111.854118"><ele>1245.929688</ele><time>2026-04-05T00:36:36.037Z</time></trkpt><trkpt lat="36.987053" lon="-111.853981"><ele>1247.247437</ele><time>2026-04-05T00:36:47.031Z</time></trkpt><trkpt lat="36.986702" lon="-111.854019"><ele>1249.095215</ele><time>2026-04-05T00:37:15.024Z</time></trkpt><trkpt lat="36.986565" lon="-111.854073"><ele>1249.204712</ele><time>2026-04-05T00:37:37.030Z</time></trkpt><trkpt lat="36.986401" lon="-111.854271"><ele>1249.836182</ele><time>2026-04-05T00:37:54.036Z</time></trkpt><trkpt lat="36.986343" lon="-111.854378"><ele>1249.793457</ele><time>2026-04-05T00:37:58.037Z</time></trkpt><trkpt lat="36.986263" lon="-111.854477"><ele>1249.854858</ele><time>2026-04-05T00:38:09.029Z</time></trkpt><trkpt lat="36.986267" lon="-111.854637"><ele>1251.600952</ele><time>2026-04-05T00:38:20.040Z</time></trkpt><trkpt lat="36.986145" lon="-111.854927"><ele>1248.942749</ele><time>2026-04-05T00:38:33.030Z</time></trkpt><trkpt lat="36.985912" lon="-111.854965"><ele>1248.039063</ele><time>2026-04-05T00:38:56.037Z</time></trkpt><trkpt lat="36.985725" lon="-111.854843"><ele>1248.021606</ele><time>2026-04-05T00:39:07.032Z</time></trkpt><trkpt lat="36.985729" lon="-111.855034"><ele>1248.002686</ele><time>2026-04-05T00:39:33.031Z</time></trkpt><trkpt lat="36.985649" lon="-111.855347"><ele>1249.717896</ele><time>2026-04-05T00:39:43.047Z</time></trkpt><trkpt lat="36.985649" lon="-111.855591"><ele>1248.517822</ele><time>2026-04-05T00:39:50.038Z</time></trkpt><trkpt lat="36.985443" lon="-111.855553"><ele>1247.907715</ele><time>2026-04-05T00:40:09.024Z</time></trkpt><trkpt lat="36.985409" lon="-111.855759"><ele>1250.39917</ele><time>2026-04-05T00:40:29.031Z</time></trkpt><trkpt lat="36.985432" lon="-111.856018"><ele>1249.600342</ele><time>2026-04-05T00:40:53.031Z</time></trkpt><trkpt lat="36.985317" lon="-111.85614"><ele>1243.133423</ele><time>2026-04-05T00:41:00.040Z</time></trkpt><trkpt lat="36.985245" lon="-111.856262"><ele>1242.786255</ele><time>2026-04-05T00:41:16.039Z</time></trkpt><trkpt lat="36.985035" lon="-111.856056"><ele>1244.316895</ele><time>2026-04-05T00:41:21.031Z</time></trkpt><trkpt lat="36.984764" lon="-111.856079"><ele>1247.109985</ele><time>2026-04-05T00:41:34.040Z</time></trkpt><trkpt lat="36.984612" lon="-111.856194"><ele>1247.07373</ele><time>2026-04-05T00:41:39.032Z</time></trkpt><trkpt lat="36.984562" lon="-111.856445"><ele>1244.060669</ele><time>2026-04-05T00:41:47.031Z</time></trkpt><trkpt lat="36.984348" lon="-111.856346"><ele>1244.325439</ele><time>2026-04-05T00:42:18.038Z</time></trkpt><trkpt lat="36.984272" lon="-111.856163"><ele>1243.753052</ele><time>2026-04-05T00:42:31.027Z</time></trkpt><trkpt lat="36.984001" lon="-111.856033"><ele>1243.422241</ele><time>2026-04-05T00:42:47.029Z</time></trkpt><trkpt lat="36.983849" lon="-111.856209"><ele>1243.515625</ele><time>2026-04-05T00:42:55.030Z</time></trkpt><trkpt lat="36.983658" lon="-111.856194"><ele>1242.969849</ele><time>2026-04-05T00:43:05.031Z</time></trkpt><trkpt lat="36.983685" lon="-111.855995"><ele>1242.672607</ele><time>2026-04-05T00:43:11.038Z</time></trkpt><trkpt lat="36.9837" lon="-111.855682"><ele>1246.10437</ele><time>2026-04-05T00:43:29.033Z</time></trkpt><trkpt lat="36.983593" lon="-111.855682"><ele>1245.904785</ele><time>2026-04-05T00:43:33.031Z</time></trkpt><trkpt lat="36.983494" lon="-111.855553"><ele>1247.599243</ele><time>2026-04-05T00:43:38.039Z</time></trkpt><trkpt lat="36.983692" lon="-111.855438"><ele>1250.703979</ele><time>2026-04-05T00:44:00.038Z</time></trkpt><trkpt lat="36.983761" lon="-111.855263"><ele>1247.825684</ele><time>2026-04-05T00:44:18.039Z</time></trkpt><trkpt lat="36.983929" lon="-111.855064"><ele>1244.826416</ele><time>2026-04-05T00:44:28.040Z</time></trkpt><trkpt lat="36.984219" lon="-111.854179"><ele>1263.336548</ele><time>2026-04-05T00:44:35.031Z</time></trkpt><trkpt lat="36.98418" lon="-111.85321"><ele>1289.790771</ele><time>2026-04-05T00:44:58.030Z</time></trkpt><trkpt lat="36.984089" lon="-111.853142"><ele>1289.93689</ele><time>2026-04-05T00:45:03.038Z</time></trkpt><trkpt lat="36.984138" lon="-111.853043"><ele>1288.690918</ele><time>2026-04-05T00:45:08.049Z</time></trkpt><trkpt lat="36.984039" lon="-111.852814"><ele>1292.67749</ele><time>2026-04-05T00:45:20.039Z</time></trkpt><trkpt lat="36.983833" lon="-111.852722"><ele>1286.091919</ele><time>2026-04-05T00:45:43.040Z</time></trkpt><trkpt lat="36.983894" lon="-111.852646"><ele>1276.491943</ele><time>2026-04-05T00:46:03.042Z</time></trkpt><trkpt lat="36.98357" lon="-111.852539"><ele>1264.873047</ele><time>2026-04-05T00:46:10.040Z</time></trkpt><trkpt lat="36.983383" lon="-111.852325"><ele>1259.634521</ele><time>2026-04-05T00:46:17.032Z</time></trkpt><trkpt lat="36.9832" lon="-111.852478"><ele>1250.304932</ele><time>2026-04-05T00:46:28.040Z</time></trkpt><trkpt lat="36.983204" lon="-111.852631"><ele>1250.168945</ele><time>2026-04-05T00:46:32.038Z</time></trkpt><trkpt lat="36.983326" lon="-111.852417"><ele>1251.78064</ele><time>2026-04-05T00:47:04.037Z</time></trkpt><trkpt lat="36.983192" lon="-111.852318"><ele>1255.026123</ele><time>2026-04-05T00:47:10.038Z</time></trkpt><trkpt lat="36.98262" lon="-111.852203"><ele>1244.733643</ele><time>2026-04-05T00:47:28.031Z</time></trkpt><trkpt lat="36.982506" lon="-111.852287"><ele>1244.892578</ele><time>2026-04-05T00:47:36.041Z</time></trkpt><trkpt lat="36.98241" lon="-111.851707"><ele>1245.309937</ele><time>2026-04-05T00:47:47.038Z</time></trkpt><trkpt lat="36.982525" lon="-111.851479"><ele>1241.841431</ele><time>2026-04-05T00:47:50.034Z</time></trkpt><trkpt lat="36.982559" lon="-111.851196"><ele>1240.336182</ele><time>2026-04-05T00:48:03.049Z</time></trkpt><trkpt lat="36.982365" lon="-111.851456"><ele>1241.423096</ele><time>2026-04-05T00:49:21.040Z</time></trkpt><trkpt lat="36.982677" lon="-111.851143"><ele>1240.659302</ele><time>2026-04-05T00:49:38.039Z</time></trkpt><trkpt lat="36.982864" lon="-111.85099"><ele>1240.284302</ele><time>2026-04-05T00:51:30.039Z</time></trkpt><trkpt lat="36.983055" lon="-111.850967"><ele>1242.713623</ele><time>2026-04-05T00:51:50.038Z</time></trkpt><trkpt lat="36.982933" lon="-111.850822"><ele>1243.658813</ele><time>2026-04-05T00:51:57.034Z</time></trkpt><trkpt lat="36.982849" lon="-111.851036"><ele>1243.527466</ele><time>2026-04-05T00:52:02.039Z</time></trkpt><trkpt lat="36.982994" lon="-111.851128"><ele>1242.738892</ele><time>2026-04-05T00:52:09.039Z</time></trkpt><trkpt lat="36.983444" lon="-111.850922"><ele>1244.750732</ele><time>2026-04-05T00:52:14.038Z</time></trkpt><trkpt lat="36.983601" lon="-111.850967"><ele>1246.370605</ele><time>2026-04-05T00:52:38.038Z</time></trkpt><trkpt lat="36.983738" lon="-111.851036"><ele>1244.28186</ele><time>2026-04-05T01:24:00.032Z</time></trkpt><trkpt lat="36.983795" lon="-111.850899"><ele>1244.277832</ele><time>2026-04-05T01:28:41.034Z</time></trkpt><trkpt lat="36.983929" lon="-111.850655"><ele>1250.932251</ele><time>2026-04-05T02:21:03.029Z</time></trkpt><trkpt lat="36.983932" lon="-111.850502"><ele>1253.02356</ele><time>2026-04-05T14:59:52.032Z</time></trkpt><trkpt lat="36.984001" lon="-111.850113"><ele>1255.059692</ele><time>2026-04-05T15:00:06.032Z</time></trkpt><trkpt lat="36.984009" lon="-111.849815"><ele>1259.220459</ele><time>2026-04-05T15:01:12.040Z</time></trkpt><trkpt lat="36.984035" lon="-111.849602"><ele>1249.554199</ele><time>2026-04-05T15:02:21.039Z</time></trkpt><trkpt lat="36.983948" lon="-111.849426"><ele>1249.672119</ele><time>2026-04-05T15:13:02.037Z</time></trkpt><trkpt lat="36.983879" lon="-111.848969"><ele>1240.405518</ele><time>2026-04-05T15:13:12.039Z</time></trkpt><trkpt lat="36.983913" lon="-111.848763"><ele>1241.904907</ele><time>2026-04-05T15:13:20.036Z</time></trkpt><trkpt lat="36.983898" lon="-111.848518"><ele>1237.971802</ele><time>2026-04-05T15:13:29.040Z</time></trkpt><trkpt lat="36.983959" lon="-111.848244"><ele>1238.690308</ele><time>2026-04-05T15:13:41.037Z</time></trkpt><trkpt lat="36.983891" lon="-111.848076"><ele>1239.898682</ele><time>2026-04-05T15:13:44.039Z</time></trkpt><trkpt lat="36.984039" lon="-111.848053"><ele>1236.922119</ele><time>2026-04-05T15:13:53.037Z</time></trkpt><trkpt lat="36.984379" lon="-111.848358"><ele>1239.755615</ele><time>2026-04-05T15:14:16.038Z</time></trkpt><trkpt lat="36.984558" lon="-111.848618"><ele>1248.807129</ele><time>2026-04-05T15:14:26.038Z</time></trkpt><trkpt lat="36.984547" lon="-111.849052"><ele>1251.942017</ele><time>2026-04-05T15:14:37.044Z</time></trkpt><trkpt lat="36.984699" lon="-111.848854"><ele>1253.348877</ele><time>2026-04-05T15:14:56.039Z</time></trkpt><trkpt lat="36.984745" lon="-111.84906"><ele>1254.071777</ele><time>2026-04-05T15:15:05.036Z</time></trkpt><trkpt lat="36.984688" lon="-111.849297"><ele>1259.244507</ele><time>2026-04-05T15:15:20.036Z</time></trkpt><trkpt lat="36.984726" lon="-111.849045"><ele>1260.011841</ele><time>2026-04-05T15:15:30.034Z</time></trkpt><trkpt lat="36.984829" lon="-111.849197"><ele>1260.184814</ele><time>2026-04-05T15:15:42.037Z</time></trkpt><trkpt lat="36.985146" lon="-111.849518"><ele>1265.17395</ele><time>2026-04-05T15:15:59.037Z</time></trkpt><trkpt lat="36.985325" lon="-111.849632"><ele>1263.825439</ele><time>2026-04-05T15:16:10.047Z</time></trkpt><trkpt lat="36.985458" lon="-111.84948"><ele>1262.720703</ele><time>2026-04-05T15:16:13.036Z</time></trkpt><trkpt lat="36.985355" lon="-111.849625"><ele>1261.323486</ele><time>2026-04-05T15:16:26.038Z</time></trkpt><trkpt lat="36.985462" lon="-111.849579"><ele>1258.972168</ele><time>2026-04-05T15:16:33.038Z</time></trkpt><trkpt lat="36.985516" lon="-111.849335"><ele>1258.439209</ele><time>2026-04-05T15:17:04.038Z</time></trkpt><trkpt lat="36.985615" lon="-111.849228"><ele>1242.831421</ele><time>2026-04-05T15:17:36.039Z</time></trkpt><trkpt lat="36.985832" lon="-111.849083"><ele>1239.850708</ele><time>2026-04-05T15:17:53.039Z</time></trkpt><trkpt lat="36.986012" lon="-111.84922"><ele>1240.107056</ele><time>2026-04-05T15:18:06.037Z</time></trkpt><trkpt lat="36.986095" lon="-111.84906"><ele>1240.056641</ele><time>2026-04-05T15:18:21.038Z</time></trkpt><trkpt lat="36.98608" lon="-111.8489"><ele>1240.158691</ele><time>2026-04-05T15:18:39.039Z</time></trkpt><trkpt lat="36.98629" lon="-111.848335"><ele>1242.158569</ele><time>2026-04-05T15:18:52.037Z</time></trkpt><trkpt lat="36.986237" lon="-111.847961"><ele>1255.028564</ele><time>2026-04-05T15:19:04.039Z</time></trkpt><trkpt lat="36.986233" lon="-111.847824"><ele>1255.945313</ele><time>2026-04-05T15:19:11.039Z</time></trkpt><trkpt lat="36.986149" lon="-111.847595"><ele>1255.886841</ele><time>2026-04-05T15:19:41.039Z</time></trkpt><trkpt lat="36.98584" lon="-111.847603"><ele>1247.541382</ele><time>2026-04-05T15:19:57.030Z</time></trkpt><trkpt lat="36.985477" lon="-111.847504"><ele>1236.376343</ele><time>2026-04-05T15:20:01.036Z</time></trkpt><trkpt lat="36.985348" lon="-111.847534"><ele>1236.59375</ele><time>2026-04-05T15:20:20.037Z</time></trkpt><trkpt lat="36.985233" lon="-111.847404"><ele>1236.436035</ele><time>2026-04-05T15:20:37.034Z</time></trkpt><trkpt lat="36.985142" lon="-111.847343"><ele>1237.578125</ele><time>2026-04-05T15:21:07.031Z</time></trkpt><trkpt lat="36.985069" lon="-111.847252"><ele>1237.519043</ele><time>2026-04-05T15:21:17.037Z</time></trkpt><trkpt lat="36.984951" lon="-111.847214"><ele>1235.376831</ele><time>2026-04-05T15:21:26.038Z</time></trkpt><trkpt lat="36.984875" lon="-111.847092"><ele>1237.375488</ele><time>2026-04-05T15:21:41.038Z</time></trkpt><trkpt lat="36.984779" lon="-111.847031"><ele>1237.433228</ele><time>2026-04-05T15:21:48.037Z</time></trkpt><trkpt lat="36.984657" lon="-111.846992"><ele>1234.605957</ele><time>2026-04-05T15:21:56.037Z</time></trkpt><trkpt lat="36.984394" lon="-111.846863"><ele>1235.28772</ele><time>2026-04-05T15:22:08.038Z</time></trkpt><trkpt lat="36.984348" lon="-111.846687"><ele>1237.272949</ele><time>2026-04-05T15:22:21.037Z</time></trkpt><trkpt lat="36.984478" lon="-111.846237"><ele>1232.056763</ele><time>2026-04-05T15:22:48.031Z</time></trkpt><trkpt lat="36.984425" lon="-111.845871"><ele>1233.205078</ele><time>2026-04-05T15:23:03.033Z</time></trkpt><trkpt lat="36.984299" lon="-111.845673"><ele>1232.91394</ele><time>2026-04-05T15:23:59.036Z</time></trkpt><trkpt lat="36.984444" lon="-111.845856"><ele>1233.817505</ele><time>2026-04-05T15:24:15.037Z</time></trkpt><trkpt lat="36.984627" lon="-111.845871"><ele>1237.102783</ele><time>2026-04-05T15:24:36.036Z</time></trkpt><trkpt lat="36.984829" lon="-111.845909"><ele>1238.158081</ele><time>2026-04-05T15:24:48.038Z</time></trkpt><trkpt lat="36.984943" lon="-111.84568"><ele>1239.047607</ele><time>2026-04-05T15:25:05.030Z</time></trkpt><trkpt lat="36.985405" lon="-111.845764"><ele>1242.662109</ele><time>2026-04-05T15:25:22.037Z</time></trkpt><trkpt lat="36.985607" lon="-111.846092"><ele>1244.015503</ele><time>2026-04-05T15:25:46.038Z</time></trkpt><trkpt lat="36.985542" lon="-111.846336"><ele>1239.696655</ele><time>2026-04-05T15:25:53.039Z</time></trkpt><trkpt lat="36.985703" lon="-111.846291"><ele>1239.853516</ele><time>2026-04-05T15:26:19.038Z</time></trkpt><trkpt lat="36.985844" lon="-111.846367"><ele>1239.101074</ele><time>2026-04-05T15:26:31.040Z</time></trkpt><trkpt lat="36.986141" lon="-111.846664"><ele>1239.485229</ele><time>2026-04-05T15:27:23.039Z</time></trkpt><trkpt lat="36.986267" lon="-111.846565"><ele>1239.372314</ele><time>2026-04-05T15:27:48.037Z</time></trkpt><trkpt lat="36.986553" lon="-111.84626"><ele>1241.127197</ele><time>2026-04-05T15:28:01.037Z</time></trkpt><trkpt lat="36.986626" lon="-111.845993"><ele>1244.715454</ele><time>2026-04-05T15:28:16.034Z</time></trkpt><trkpt lat="36.986626" lon="-111.845863"><ele>1244.88269</ele><time>2026-04-05T15:28:52.039Z</time></trkpt><trkpt lat="36.986603" lon="-111.845718"><ele>1243.987915</ele><time>2026-04-05T15:29:19.038Z</time></trkpt><trkpt lat="36.986637" lon="-111.845596"><ele>1240.636597</ele><time>2026-04-05T15:29:28.037Z</time></trkpt><trkpt lat="36.986614" lon="-111.84536"><ele>1251.338501</ele><time>2026-04-05T15:29:40.038Z</time></trkpt><trkpt lat="36.986481" lon="-111.84523"><ele>1250.967773</ele><time>2026-04-05T15:29:50.036Z</time></trkpt><trkpt lat="36.986397" lon="-111.8451"><ele>1244.293823</ele><time>2026-04-05T15:30:01.037Z</time></trkpt><trkpt lat="36.986553" lon="-111.844948"><ele>1242.572754</ele><time>2026-04-05T15:30:38.038Z</time></trkpt><trkpt lat="36.986309" lon="-111.844925"><ele>1243.186401</ele><time>2026-04-05T15:30:46.037Z</time></trkpt><trkpt lat="36.985958" lon="-111.844719"><ele>1240.190796</ele><time>2026-04-05T15:31:08.039Z</time></trkpt><trkpt lat="36.985775" lon="-111.844872"><ele>1243.121704</ele><time>2026-04-05T15:31:22.038Z</time></trkpt><trkpt lat="36.986115" lon="-111.844505"><ele>1245.463867</ele><time>2026-04-05T15:31:34.040Z</time></trkpt><trkpt lat="36.98597" lon="-111.844589"><ele>1242.089722</ele><time>2026-04-05T15:31:40.040Z</time></trkpt><trkpt lat="36.985867" lon="-111.844429"><ele>1243.259155</ele><time>2026-04-05T15:31:50.037Z</time></trkpt><trkpt lat="36.985809" lon="-111.844101"><ele>1238.457764</ele><time>2026-04-05T15:32:07.039Z</time></trkpt><trkpt lat="36.985825" lon="-111.843956"><ele>1238.17395</ele><time>2026-04-05T15:32:29.038Z</time></trkpt><trkpt lat="36.985828" lon="-111.843506"><ele>1241.997559</ele><time>2026-04-05T15:32:46.039Z</time></trkpt><trkpt lat="36.985931" lon="-111.843613"><ele>1242.493042</ele><time>2026-04-05T15:32:47.039Z</time></trkpt><trkpt lat="36.985973" lon="-111.843475"><ele>1246.052246</ele><time>2026-04-05T15:32:52.039Z</time></trkpt><trkpt lat="36.985882" lon="-111.843285"><ele>1248.624512</ele><time>2026-04-05T15:33:16.037Z</time></trkpt><trkpt lat="36.985695" lon="-111.843132"><ele>1248.896851</ele><time>2026-04-05T15:33:29.039Z</time></trkpt><trkpt lat="36.985859" lon="-111.843208"><ele>1250.327637</ele><time>2026-04-05T15:33:52.038Z</time></trkpt><trkpt lat="36.986153" lon="-111.843498"><ele>1248.121582</ele><time>2026-04-05T15:33:58.037Z</time></trkpt><trkpt lat="36.986275" lon="-111.843346"><ele>1246.175293</ele><time>2026-04-05T15:34:03.038Z</time></trkpt><trkpt lat="36.98621" lon="-111.843506"><ele>1245.434814</ele><time>2026-04-05T15:34:13.037Z</time></trkpt><trkpt lat="36.98624" lon="-111.843666"><ele>1237.44458</ele><time>2026-04-05T15:34:27.030Z</time></trkpt><trkpt lat="36.986332" lon="-111.843483"><ele>1237.498413</ele><time>2026-04-05T15:34:50.039Z</time></trkpt><trkpt lat="36.986408" lon="-111.843765"><ele>1243.783447</ele><time>2026-04-05T15:35:20.039Z</time></trkpt><trkpt lat="36.986813" lon="-111.843948"><ele>1246.018799</ele><time>2026-04-05T15:35:28.030Z</time></trkpt><trkpt lat="36.987083" lon="-111.843979"><ele>1238.017212</ele><time>2026-04-05T15:35:57.042Z</time></trkpt><trkpt lat="36.987217" lon="-111.844177"><ele>1240.170288</ele><time>2026-04-05T15:36:24.036Z</time></trkpt><trkpt lat="36.98737" lon="-111.844254"><ele>1240.211792</ele><time>2026-04-05T15:36:34.038Z</time></trkpt><trkpt lat="36.987751" lon="-111.844078"><ele>1242.473267</ele><time>2026-04-05T15:36:46.037Z</time></trkpt><trkpt lat="36.987831" lon="-111.843964"><ele>1242.159302</ele><time>2026-04-05T15:36:51.038Z</time></trkpt><trkpt lat="36.987984" lon="-111.843834"><ele>1234.168579</ele><time>2026-04-05T15:37:21.038Z</time></trkpt><trkpt lat="36.987968" lon="-111.843597"><ele>1235.278687</ele><time>2026-04-05T15:37:42.037Z</time></trkpt><trkpt lat="36.988159" lon="-111.843452"><ele>1236.996216</ele><time>2026-04-05T15:38:01.037Z</time></trkpt><trkpt lat="36.988239" lon="-111.843575"><ele>1236.741333</ele><time>2026-04-05T15:38:03.041Z</time></trkpt><trkpt lat="36.988251" lon="-111.843498"><ele>1236.21167</ele><time>2026-04-05T15:38:08.040Z</time></trkpt><trkpt lat="36.988243" lon="-111.84333"><ele>1237.861328</ele><time>2026-04-05T15:38:14.038Z</time></trkpt><trkpt lat="36.988335" lon="-111.843208"><ele>1237.328003</ele><time>2026-04-05T15:38:28.038Z</time></trkpt><trkpt lat="36.988426" lon="-111.843018"><ele>1242.316162</ele><time>2026-04-05T15:38:55.037Z</time></trkpt><trkpt lat="36.988522" lon="-111.843056"><ele>1243.995117</ele><time>2026-04-05T15:38:59.040Z</time></trkpt><trkpt lat="36.988663" lon="-111.843079"><ele>1244.116577</ele><time>2026-04-05T15:39:18.038Z</time></trkpt><trkpt lat="36.988754" lon="-111.842957"><ele>1241.548828</ele><time>2026-04-05T15:39:37.040Z</time></trkpt><trkpt lat="36.988907" lon="-111.842957"><ele>1241.716431</ele><time>2026-04-05T15:39:59.039Z</time></trkpt><trkpt lat="36.988972" lon="-111.84272"><ele>1242.379517</ele><time>2026-04-05T15:40:06.038Z</time></trkpt><trkpt lat="36.988911" lon="-111.842514"><ele>1243.771118</ele><time>2026-04-05T15:40:22.037Z</time></trkpt><trkpt lat="36.989155" lon="-111.842049"><ele>1243.147705</ele><time>2026-04-05T15:40:44.041Z</time></trkpt><trkpt lat="36.988811" lon="-111.841675"><ele>1255.85498</ele><time>2026-04-05T15:40:59.039Z</time></trkpt><trkpt lat="36.988903" lon="-111.841797"><ele>1260.624023</ele><time>2026-04-05T15:41:07.032Z</time></trkpt><trkpt lat="36.98875" lon="-111.841568"><ele>1279.630859</ele><time>2026-04-05T15:42:02.040Z</time></trkpt><trkpt lat="36.98856" lon="-111.841583"><ele>1281.619141</ele><time>2026-04-05T15:42:23.039Z</time></trkpt><trkpt lat="36.988407" lon="-111.841652"><ele>1281.859619</ele><time>2026-04-05T15:42:39.038Z</time></trkpt><trkpt lat="36.988194" lon="-111.841667"><ele>1266.90625</ele><time>2026-04-05T15:43:10.038Z</time></trkpt><trkpt lat="36.987907" lon="-111.841637"><ele>1258.104858</ele><time>2026-04-05T15:43:17.034Z</time></trkpt><trkpt lat="36.98785" lon="-111.841499"><ele>1248.849854</ele><time>2026-04-05T15:43:28.039Z</time></trkpt><trkpt lat="36.98774" lon="-111.841583"><ele>1248.828491</ele><time>2026-04-05T15:43:50.038Z</time></trkpt><trkpt lat="36.987492" lon="-111.841667"><ele>1232.806396</ele><time>2026-04-05T15:44:18.032Z</time></trkpt><trkpt lat="36.987339" lon="-111.841202"><ele>1238.380981</ele><time>2026-04-05T15:45:40.039Z</time></trkpt><trkpt lat="36.987347" lon="-111.840805"><ele>1233.402954</ele><time>2026-04-05T15:45:43.039Z</time></trkpt><trkpt lat="36.987408" lon="-111.841072"><ele>1232.693848</ele><time>2026-04-05T15:45:45.038Z</time></trkpt><trkpt lat="36.987312" lon="-111.840889"><ele>1233.367554</ele><time>2026-04-05T15:45:52.040Z</time></trkpt><trkpt lat="36.987274" lon="-111.840385"><ele>1234.731934</ele><time>2026-04-05T15:46:05.037Z</time></trkpt><trkpt lat="36.987041" lon="-111.839798"><ele>1245.295776</ele><time>2026-04-05T15:46:12.039Z</time></trkpt><trkpt lat="36.986851" lon="-111.839653"><ele>1235.149414</ele><time>2026-04-05T15:46:20.038Z</time></trkpt><trkpt lat="36.986698" lon="-111.83992"><ele>1228.905151</ele><time>2026-04-05T15:46:29.040Z</time></trkpt><trkpt lat="36.986633" lon="-111.8396"><ele>1228.728516</ele><time>2026-04-05T15:46:36.039Z</time></trkpt><trkpt lat="36.98666" lon="-111.839386"><ele>1228.998657</ele><time>2026-04-05T15:46:59.038Z</time></trkpt><trkpt lat="36.986614" lon="-111.839119"><ele>1229.303345</ele><time>2026-04-05T15:47:17.038Z</time></trkpt><trkpt lat="36.98653" lon="-111.838783"><ele>1231.843628</ele><time>2026-04-05T15:47:25.038Z</time></trkpt><trkpt lat="36.986328" lon="-111.838745"><ele>1233.083496</ele><time>2026-04-05T15:48:02.039Z</time></trkpt><trkpt lat="36.986137" lon="-111.838791"><ele>1247.194092</ele><time>2026-04-05T15:48:28.040Z</time></trkpt><trkpt lat="36.986061" lon="-111.83886"><ele>1246.969849</ele><time>2026-04-05T15:48:37.039Z</time></trkpt><trkpt lat="36.98592" lon="-111.839073"><ele>1248.510132</ele><time>2026-04-05T15:48:50.037Z</time></trkpt><trkpt lat="36.98576" lon="-111.839188"><ele>1247.429688</ele><time>2026-04-05T15:49:41.040Z</time></trkpt><trkpt lat="36.985584" lon="-111.839203"><ele>1247.971191</ele><time>2026-04-05T15:50:03.039Z</time></trkpt><trkpt lat="36.98539" lon="-111.839149"><ele>1237.592041</ele><time>2026-04-05T15:50:12.038Z</time></trkpt><trkpt lat="36.985146" lon="-111.839119"><ele>1236.632813</ele><time>2026-04-05T15:50:23.039Z</time></trkpt><trkpt lat="36.984947" lon="-111.83918"><ele>1236.954102</ele><time>2026-04-05T15:50:33.040Z</time></trkpt><trkpt lat="36.985001" lon="-111.838966"><ele>1239.011719</ele><time>2026-04-05T15:50:53.038Z</time></trkpt><trkpt lat="36.984844" lon="-111.838989"><ele>1241.275879</ele><time>2026-04-05T15:51:18.037Z</time></trkpt><trkpt lat="36.98457" lon="-111.838921"><ele>1242.371216</ele><time>2026-04-05T15:51:29.042Z</time></trkpt><trkpt lat="36.984573" lon="-111.838654"><ele>1241.369629</ele><time>2026-04-05T15:51:41.038Z</time></trkpt><trkpt lat="36.984688" lon="-111.838402"><ele>1256.857422</ele><time>2026-04-05T15:51:52.039Z</time></trkpt><trkpt lat="36.984631" lon="-111.838356"><ele>1250.873413</ele><time>2026-04-05T15:52:03.039Z</time></trkpt><trkpt lat="36.984699" lon="-111.83815"><ele>1244.72937</ele><time>2026-04-05T15:52:11.040Z</time></trkpt><trkpt lat="36.984852" lon="-111.83812"><ele>1246.697754</ele><time>2026-04-05T15:52:37.031Z</time></trkpt><trkpt lat="36.984814" lon="-111.838379"><ele>1250.324585</ele><time>2026-04-05T15:53:03.031Z</time></trkpt><trkpt lat="36.984921" lon="-111.838226"><ele>1253.737549</ele><time>2026-04-05T15:53:22.030Z</time></trkpt><trkpt lat="36.985172" lon="-111.837799"><ele>1244.284302</ele><time>2026-04-05T15:53:31.038Z</time></trkpt><trkpt lat="36.985435" lon="-111.837242"><ele>1231.237915</ele><time>2026-04-05T15:53:47.036Z</time></trkpt><trkpt lat="36.985462" lon="-111.83712"><ele>1232.295166</ele><time>2026-04-05T15:54:03.037Z</time></trkpt><trkpt lat="36.985588" lon="-111.83696"><ele>1229.696411</ele><time>2026-04-05T15:54:13.038Z</time></trkpt><trkpt lat="36.98558" lon="-111.836487"><ele>1224.925903</ele><time>2026-04-05T15:54:28.038Z</time></trkpt><trkpt lat="36.985676" lon="-111.836319"><ele>1228.327026</ele><time>2026-04-05T15:54:38.037Z</time></trkpt><trkpt lat="36.985748" lon="-111.836075"><ele>1229.666382</ele><time>2026-04-05T15:55:13.038Z</time></trkpt><trkpt lat="36.985725" lon="-111.83577"><ele>1233.802124</ele><time>2026-04-05T15:55:24.037Z</time></trkpt><trkpt lat="36.985657" lon="-111.835625"><ele>1233.69873</ele><time>2026-04-05T15:55:43.041Z</time></trkpt><trkpt lat="36.985516" lon="-111.835579"><ele>1234.267944</ele><time>2026-04-05T15:56:09.031Z</time></trkpt><trkpt lat="36.985405" lon="-111.835739"><ele>1234.558228</ele><time>2026-04-05T15:56:22.038Z</time></trkpt><trkpt lat="36.984741" lon="-111.835693"><ele>1221.694946</ele><time>2026-04-05T15:56:32.038Z</time></trkpt><trkpt lat="36.984707" lon="-111.835884"><ele>1221.573364</ele><time>2026-04-05T15:56:58.039Z</time></trkpt><trkpt lat="36.984608" lon="-111.835793"><ele>1220.249512</ele><time>2026-04-05T15:57:06.037Z</time></trkpt><trkpt lat="36.984413" lon="-111.835732"><ele>1219.97937</ele><time>2026-04-05T15:57:17.039Z</time></trkpt><trkpt lat="36.984146" lon="-111.835777"><ele>1219.747314</ele><time>2026-04-05T15:57:28.037Z</time></trkpt><trkpt lat="36.984077" lon="-111.835846"><ele>1219.509399</ele><time>2026-04-05T15:57:55.037Z</time></trkpt><trkpt lat="36.983986" lon="-111.835831"><ele>1220.904297</ele><time>2026-04-05T15:58:04.039Z</time></trkpt><trkpt lat="36.983761" lon="-111.835625"><ele>1219.281982</ele><time>2026-04-05T15:58:16.039Z</time></trkpt><trkpt lat="36.983692" lon="-111.835602"><ele>1219.358398</ele><time>2026-04-05T15:58:50.038Z</time></trkpt><trkpt lat="36.983444" lon="-111.835052"><ele>1220.851929</ele><time>2026-04-05T15:59:04.040Z</time></trkpt><trkpt lat="36.983425" lon="-111.834953"><ele>1220.147339</ele><time>2026-04-05T15:59:34.039Z</time></trkpt><trkpt lat="36.983383" lon="-111.834854"><ele>1220.306274</ele><time>2026-04-05T16:00:41.040Z</time></trkpt><trkpt lat="36.983322" lon="-111.834793"><ele>1219.062988</ele><time>2026-04-05T16:00:57.032Z</time></trkpt><trkpt lat="36.983227" lon="-111.834488"><ele>1222.200562</ele><time>2026-04-05T16:01:04.031Z</time></trkpt><trkpt lat="36.98328" lon="-111.834045"><ele>1225.816406</ele><time>2026-04-05T16:01:21.039Z</time></trkpt><trkpt lat="36.983376" lon="-111.8339"><ele>1219.11438</ele><time>2026-04-05T16:01:38.037Z</time></trkpt><trkpt lat="36.983471" lon="-111.833611"><ele>1228.11499</ele><time>2026-04-05T16:02:21.031Z</time></trkpt><trkpt lat="36.983494" lon="-111.833412"><ele>1229.987915</ele><time>2026-04-05T16:02:40.039Z</time></trkpt><trkpt lat="36.983612" lon="-111.833282"><ele>1224.439453</ele><time>2026-04-05T16:03:07.030Z</time></trkpt><trkpt lat="36.983711" lon="-111.833206"><ele>1223.408691</ele><time>2026-04-05T16:03:14.038Z</time></trkpt><trkpt lat="36.983856" lon="-111.833206"><ele>1226.161865</ele><time>2026-04-05T16:04:06.030Z</time></trkpt><trkpt lat="36.984043" lon="-111.833038"><ele>1220.096191</ele><time>2026-04-05T16:04:31.037Z</time></trkpt><trkpt lat="36.984386" lon="-111.832893"><ele>1225.658813</ele><time>2026-04-05T16:04:42.032Z</time></trkpt><trkpt lat="36.984474" lon="-111.832771"><ele>1226.128418</ele><time>2026-04-05T16:05:00.032Z</time></trkpt><trkpt lat="36.984413" lon="-111.832626"><ele>1224.029541</ele><time>2026-04-05T16:05:23.033Z</time></trkpt><trkpt lat="36.984623" lon="-111.832542"><ele>1223.839722</ele><time>2026-04-05T16:05:46.038Z</time></trkpt><trkpt lat="36.984772" lon="-111.832527"><ele>1223.856812</ele><time>2026-04-05T16:06:06.030Z</time></trkpt><trkpt lat="36.984894" lon="-111.832191"><ele>1229.034546</ele><time>2026-04-05T16:06:13.037Z</time></trkpt><trkpt lat="36.98468" lon="-111.83181"><ele>1269.765503</ele><time>2026-04-05T16:06:28.040Z</time></trkpt><trkpt lat="36.984577" lon="-111.831711"><ele>1272.900024</ele><time>2026-04-05T16:06:51.034Z</time></trkpt><trkpt lat="36.98436" lon="-111.831657"><ele>1273.338867</ele><time>2026-04-05T16:07:49.038Z</time></trkpt><trkpt lat="36.984219" lon="-111.831703"><ele>1272.134644</ele><time>2026-04-05T16:07:57.030Z</time></trkpt><trkpt lat="36.983986" lon="-111.831879"><ele>1263.548828</ele><time>2026-04-05T16:08:19.041Z</time></trkpt><trkpt lat="36.984035" lon="-111.832077"><ele>1233.671021</ele><time>2026-04-05T16:08:43.040Z</time></trkpt><trkpt lat="36.983894" lon="-111.832039"><ele>1224.576416</ele><time>2026-04-05T16:09:06.040Z</time></trkpt><trkpt lat="36.983768" lon="-111.832047"><ele>1224.290649</ele><time>2026-04-05T16:09:23.034Z</time></trkpt><trkpt lat="36.983566" lon="-111.832207"><ele>1225.239136</ele><time>2026-04-05T16:09:46.038Z</time></trkpt><trkpt lat="36.983456" lon="-111.83226"><ele>1222.951294</ele><time>2026-04-05T16:10:20.039Z</time></trkpt><trkpt lat="36.98328" lon="-111.832443"><ele>1222.405273</ele><time>2026-04-05T16:10:28.039Z</time></trkpt><trkpt lat="36.983231" lon="-111.832558"><ele>1218.619873</ele><time>2026-04-05T16:10:38.038Z</time></trkpt><trkpt lat="36.983074" lon="-111.832703"><ele>1221.937134</ele><time>2026-04-05T16:15:07.037Z</time></trkpt><trkpt lat="36.982986" lon="-111.832649"><ele>1221.792603</ele><time>2026-04-05T16:15:21.030Z</time></trkpt><trkpt lat="36.982914" lon="-111.832741"><ele>1222.712402</ele><time>2026-04-05T16:15:30.038Z</time></trkpt><trkpt lat="36.982819" lon="-111.832687"><ele>1222.733643</ele><time>2026-04-05T16:16:00.037Z</time></trkpt><trkpt lat="36.982635" lon="-111.832779"><ele>1222.467773</ele><time>2026-04-05T16:16:11.040Z</time></trkpt><trkpt lat="36.982521" lon="-111.832794"><ele>1223.064453</ele><time>2026-04-05T16:16:47.040Z</time></trkpt><trkpt lat="36.982151" lon="-111.832756"><ele>1228.212158</ele><time>2026-04-05T16:16:57.038Z</time></trkpt><trkpt lat="36.981953" lon="-111.83268"><ele>1232.901245</ele><time>2026-04-05T16:17:14.037Z</time></trkpt><trkpt lat="36.981922" lon="-111.832466"><ele>1240.235718</ele><time>2026-04-05T16:17:26.037Z</time></trkpt><trkpt lat="36.981808" lon="-111.832321"><ele>1237.086304</ele><time>2026-04-05T16:17:42.037Z</time></trkpt><trkpt lat="36.981758" lon="-111.832428"><ele>1230.896729</ele><time>2026-04-05T16:17:48.040Z</time></trkpt><trkpt lat="36.981976" lon="-111.832657"><ele>1241.808105</ele><time>2026-04-05T16:18:10.037Z</time></trkpt><trkpt lat="36.98217" lon="-111.832832"><ele>1245.873413</ele><time>2026-04-05T16:18:49.036Z</time></trkpt><trkpt lat="36.982197" lon="-111.832687"><ele>1245.170898</ele><time>2026-04-05T16:19:37.038Z</time></trkpt><trkpt lat="36.981548" lon="-111.832703"><ele>1249.327393</ele><time>2026-04-05T16:19:46.039Z</time></trkpt><trkpt lat="36.981781" lon="-111.832756"><ele>1247.936768</ele><time>2026-04-05T16:20:19.038Z</time></trkpt><trkpt lat="36.981785" lon="-111.83255"><ele>1253.69873</ele><time>2026-04-05T16:20:40.037Z</time></trkpt><trkpt lat="36.981716" lon="-111.832413"><ele>1252.8479</ele><time>2026-04-05T16:21:00.037Z</time></trkpt><trkpt lat="36.981812" lon="-111.832359"><ele>1247.670532</ele><time>2026-04-05T16:21:17.030Z</time></trkpt><trkpt lat="36.981731" lon="-111.83255"><ele>1246.199951</ele><time>2026-04-05T16:21:23.038Z</time></trkpt><trkpt lat="36.981987" lon="-111.832726"><ele>1245.199463</ele><time>2026-04-05T16:21:49.036Z</time></trkpt><trkpt lat="36.98204" lon="-111.83287"><ele>1245.024292</ele><time>2026-04-05T16:22:22.036Z</time></trkpt><trkpt lat="36.982155" lon="-111.832932"><ele>1247.822144</ele><time>2026-04-05T16:22:52.038Z</time></trkpt><trkpt lat="36.982227" lon="-111.832802"><ele>1249.41333</ele><time>2026-04-05T16:23:19.037Z</time></trkpt><trkpt lat="36.982117" lon="-111.832878"><ele>1240.223755</ele><time>2026-04-05T16:23:35.032Z</time></trkpt><trkpt lat="36.982182" lon="-111.832397"><ele>1246.144043</ele><time>2026-04-05T16:23:50.040Z</time></trkpt><trkpt lat="36.981853" lon="-111.832809"><ele>1222.970581</ele><time>2026-04-05T16:23:58.039Z</time></trkpt><trkpt lat="36.982136" lon="-111.832535"><ele>1241.251587</ele><time>2026-04-05T16:24:02.037Z</time></trkpt><trkpt lat="36.982368" lon="-111.83297"><ele>1233.025513</ele><time>2026-04-05T16:24:16.037Z</time></trkpt><trkpt lat="36.981895" lon="-111.832832"><ele>1245.731079</ele><time>2026-04-05T16:24:32.040Z</time></trkpt><trkpt lat="36.982067" lon="-111.832458"><ele>1257.011353</ele><time>2026-04-05T16:24:50.036Z</time></trkpt><trkpt lat="36.981865" lon="-111.832687"><ele>1247.927002</ele><time>2026-04-05T16:25:11.039Z</time></trkpt><trkpt lat="36.981834" lon="-111.832527"><ele>1251.327393</ele><time>2026-04-05T16:25:16.030Z</time></trkpt><trkpt lat="36.981724" lon="-111.832306"><ele>1252.5177</ele><time>2026-04-05T16:25:29.038Z</time></trkpt><trkpt lat="36.98164" lon="-111.83223"><ele>1246.953491</ele><time>2026-04-05T16:25:36.038Z</time></trkpt><trkpt lat="36.98167" lon="-111.832497"><ele>1242.588135</ele><time>2026-04-05T16:26:18.039Z</time></trkpt><trkpt lat="36.981934" lon="-111.832657"><ele>1274.355957</ele><time>2026-04-05T16:26:37.037Z</time></trkpt><trkpt lat="36.982117" lon="-111.832703"><ele>1248.769775</ele><time>2026-04-05T16:26:50.038Z</time></trkpt><trkpt lat="36.982143" lon="-111.832893"><ele>1246.62915</ele><time>2026-04-05T16:26:57.037Z</time></trkpt><trkpt lat="36.982277" lon="-111.832924"><ele>1247.07019</ele><time>2026-04-05T16:27:10.036Z</time></trkpt><trkpt lat="36.982235" lon="-111.832726"><ele>1245.709229</ele><time>2026-04-05T16:27:41.030Z</time></trkpt><trkpt lat="36.981853" lon="-111.832283"><ele>1231.976929</ele><time>2026-04-05T16:28:03.038Z</time></trkpt><trkpt lat="36.981674" lon="-111.832436"><ele>1220.060913</ele><time>2026-04-05T16:28:12.040Z</time></trkpt><trkpt lat="36.981873" lon="-111.832664"><ele>1235.276611</ele><time>2026-04-05T16:28:27.038Z</time></trkpt><trkpt lat="36.982018" lon="-111.832886"><ele>1236.009033</ele><time>2026-04-05T16:28:42.030Z</time></trkpt><trkpt lat="36.982155" lon="-111.832779"><ele>1234.762329</ele><time>2026-04-05T16:28:53.037Z</time></trkpt><trkpt lat="36.982178" lon="-111.832573"><ele>1227.35498</ele><time>2026-04-05T16:29:22.037Z</time></trkpt><trkpt lat="36.981548" lon="-111.832489"><ele>1266.157227</ele><time>2026-04-05T16:29:31.041Z</time></trkpt><trkpt lat="36.982044" lon="-111.832382"><ele>1239.02124</ele><time>2026-04-05T16:29:44.030Z</time></trkpt><trkpt lat="36.982059" lon="-111.832207"><ele>1220.096313</ele><time>2026-04-05T16:29:56.032Z</time></trkpt><trkpt lat="36.982014" lon="-111.832039"><ele>1219.890503</ele><time>2026-04-05T16:30:03.038Z</time></trkpt><trkpt lat="36.982025" lon="-111.831886"><ele>1223.598145</ele><time>2026-04-05T16:30:14.032Z</time></trkpt><trkpt lat="36.982121" lon="-111.831398"><ele>1227.49231</ele><time>2026-04-05T16:30:29.037Z</time></trkpt><trkpt lat="36.982124" lon="-111.831123"><ele>1223.64856</ele><time>2026-04-05T16:30:42.030Z</time></trkpt><trkpt lat="36.98233" lon="-111.830734"><ele>1235.786377</ele><time>2026-04-05T16:30:53.031Z</time></trkpt><trkpt lat="36.982548" lon="-111.830452"><ele>1222.683716</ele><time>2026-04-05T16:31:18.038Z</time></trkpt><trkpt lat="36.982635" lon="-111.830177"><ele>1224.61084</ele><time>2026-04-05T16:31:31.038Z</time></trkpt><trkpt lat="36.982731" lon="-111.830093"><ele>1223.175049</ele><time>2026-04-05T16:31:54.032Z</time></trkpt><trkpt lat="36.982803" lon="-111.830002"><ele>1223.129028</ele><time>2026-04-05T16:32:14.032Z</time></trkpt><trkpt lat="36.982864" lon="-111.829788"><ele>1222.307739</ele><time>2026-04-05T16:32:28.038Z</time></trkpt><trkpt lat="36.98304" lon="-111.829391"><ele>1228.630981</ele><time>2026-04-05T16:32:50.031Z</time></trkpt><trkpt lat="36.983128" lon="-111.829102"><ele>1221.493774</ele><time>2026-04-05T16:33:03.038Z</time></trkpt><trkpt lat="36.983318" lon="-111.828781"><ele>1220.974609</ele><time>2026-04-05T16:33:09.032Z</time></trkpt><trkpt lat="36.983402" lon="-111.828735"><ele>1223.587646</ele><time>2026-04-05T16:33:17.044Z</time></trkpt><trkpt lat="36.983501" lon="-111.82872"><ele>1223.797974</ele><time>2026-04-05T16:33:48.042Z</time></trkpt><trkpt lat="36.983597" lon="-111.828766"><ele>1222.63208</ele><time>2026-04-05T16:34:02.036Z</time></trkpt><trkpt lat="36.98391" lon="-111.828758"><ele>1224.501587</ele><time>2026-04-05T16:34:12.038Z</time></trkpt><trkpt lat="36.98431" lon="-111.828911"><ele>1225.976563</ele><time>2026-04-05T16:34:21.037Z</time></trkpt><trkpt lat="36.984409" lon="-111.828812"><ele>1226.228394</ele><time>2026-04-05T16:34:44.037Z</time></trkpt><trkpt lat="36.984497" lon="-111.82869"><ele>1226.221191</ele><time>2026-04-05T16:34:55.034Z</time></trkpt><trkpt lat="36.984718" lon="-111.828751"><ele>1223.616089</ele><time>2026-04-05T16:35:07.037Z</time></trkpt><trkpt lat="36.984818" lon="-111.828751"><ele>1218.655151</ele><time>2026-04-05T16:35:17.037Z</time></trkpt><trkpt lat="36.985065" lon="-111.828705"><ele>1226.719238</ele><time>2026-04-05T16:35:31.037Z</time></trkpt><trkpt lat="36.985161" lon="-111.828461"><ele>1245.191406</ele><time>2026-04-05T16:35:59.038Z</time></trkpt><trkpt lat="36.985157" lon="-111.828316"><ele>1246.230957</ele><time>2026-04-05T16:36:10.039Z</time></trkpt><trkpt lat="36.985092" lon="-111.828079"><ele>1245.266357</ele><time>2026-04-05T16:36:21.037Z</time></trkpt><trkpt lat="36.985138" lon="-111.827843"><ele>1233.015991</ele><time>2026-04-05T16:36:28.038Z</time></trkpt><trkpt lat="36.985069" lon="-111.827736"><ele>1233.306641</ele><time>2026-04-05T16:36:33.036Z</time></trkpt><trkpt lat="36.985256" lon="-111.827415"><ele>1227.389404</ele><time>2026-04-05T16:36:41.037Z</time></trkpt><trkpt lat="36.985207" lon="-111.827271"><ele>1227.652344</ele><time>2026-04-05T16:36:53.036Z</time></trkpt><trkpt lat="36.98521" lon="-111.827118"><ele>1225.811401</ele><time>2026-04-05T16:37:06.038Z</time></trkpt><trkpt lat="36.985184" lon="-111.826942"><ele>1225.409912</ele><time>2026-04-05T16:37:15.038Z</time></trkpt><trkpt lat="36.985374" lon="-111.826599"><ele>1222.758789</ele><time>2026-04-05T16:37:21.037Z</time></trkpt><trkpt lat="36.985325" lon="-111.826378"><ele>1219.325928</ele><time>2026-04-05T16:37:31.037Z</time></trkpt><trkpt lat="36.98502" lon="-111.826393"><ele>1215.067505</ele><time>2026-04-05T16:37:42.038Z</time></trkpt><trkpt lat="36.984924" lon="-111.826271"><ele>1214.050171</ele><time>2026-04-05T16:38:02.038Z</time></trkpt><trkpt lat="36.984467" lon="-111.826111"><ele>1218.481812</ele><time>2026-04-05T16:38:18.039Z</time></trkpt><trkpt lat="36.984402" lon="-111.825989"><ele>1216.881714</ele><time>2026-04-05T16:38:34.038Z</time></trkpt><trkpt lat="36.984398" lon="-111.825821"><ele>1219.69519</ele><time>2026-04-05T16:38:45.038Z</time></trkpt><trkpt lat="36.984474" lon="-111.825737"><ele>1219.632446</ele><time>2026-04-05T16:39:04.040Z</time></trkpt><trkpt lat="36.984394" lon="-111.825645"><ele>1219.353882</ele><time>2026-04-05T16:39:13.039Z</time></trkpt><trkpt lat="36.98439" lon="-111.825447"><ele>1224.15686</ele><time>2026-04-05T16:39:29.038Z</time></trkpt><trkpt lat="36.984524" lon="-111.82531"><ele>1221.357178</ele><time>2026-04-05T16:39:34.038Z</time></trkpt><trkpt lat="36.984695" lon="-111.825005"><ele>1223.799927</ele><time>2026-04-05T16:39:43.036Z</time></trkpt><trkpt lat="36.984669" lon="-111.824883"><ele>1225.378052</ele><time>2026-04-05T16:39:50.039Z</time></trkpt><trkpt lat="36.984707" lon="-111.824677"><ele>1226.082397</ele><time>2026-04-05T16:39:55.038Z</time></trkpt><trkpt lat="36.984505" lon="-111.823952"><ele>1217.631348</ele><time>2026-04-05T16:40:02.030Z</time></trkpt><trkpt lat="36.984573" lon="-111.823807"><ele>1217.915527</ele><time>2026-04-05T16:40:17.038Z</time></trkpt><trkpt lat="36.984657" lon="-111.823563"><ele>1216.826172</ele><time>2026-04-05T16:40:49.039Z</time></trkpt><trkpt lat="36.984646" lon="-111.823189"><ele>1214.786499</ele><time>2026-04-05T16:40:54.037Z</time></trkpt><trkpt lat="36.984837" lon="-111.822929"><ele>1213.84729</ele><time>2026-04-05T16:40:59.038Z</time></trkpt><trkpt lat="36.984875" lon="-111.822845"><ele>1214.305542</ele><time>2026-04-05T16:41:08.039Z</time></trkpt><trkpt lat="36.984894" lon="-111.822754"><ele>1213.933472</ele><time>2026-04-05T16:41:13.036Z</time></trkpt><trkpt lat="36.984955" lon="-111.822708"><ele>1214.318726</ele><time>2026-04-05T16:41:55.041Z</time></trkpt><trkpt lat="36.985004" lon="-111.822632"><ele>1214.262085</ele><time>2026-04-05T16:42:07.039Z</time></trkpt><trkpt lat="36.985138" lon="-111.82254"><ele>1215.749146</ele><time>2026-04-05T16:42:30.037Z</time></trkpt><trkpt lat="36.985214" lon="-111.822502"><ele>1215.607056</ele><time>2026-04-05T16:42:41.038Z</time></trkpt><trkpt lat="36.985325" lon="-111.822479"><ele>1215.663818</ele><time>2026-04-05T16:43:05.038Z</time></trkpt><trkpt lat="36.985672" lon="-111.82225"><ele>1218.735229</ele><time>2026-04-05T16:43:19.037Z</time></trkpt><trkpt lat="36.985603" lon="-111.822037"><ele>1223.935425</ele><time>2026-04-05T16:43:25.040Z</time></trkpt><trkpt lat="36.985352" lon="-111.821754"><ele>1221.293091</ele><time>2026-04-05T16:43:45.039Z</time></trkpt><trkpt lat="36.985249" lon="-111.821594"><ele>1221.885132</ele><time>2026-04-05T16:43:53.038Z</time></trkpt><trkpt lat="36.98497" lon="-111.821342"><ele>1215.313232</ele><time>2026-04-05T16:44:03.039Z</time></trkpt><trkpt lat="36.984814" lon="-111.821167"><ele>1216.484131</ele><time>2026-04-05T16:44:20.040Z</time></trkpt><trkpt lat="36.984703" lon="-111.821136"><ele>1213.703979</ele><time>2026-04-05T16:44:31.037Z</time></trkpt><trkpt lat="36.98455" lon="-111.820663"><ele>1217.89917</ele><time>2026-04-05T16:44:52.031Z</time></trkpt><trkpt lat="36.984375" lon="-111.820396"><ele>1217.29834</ele><time>2026-04-05T16:44:53.039Z</time></trkpt><trkpt lat="36.984386" lon="-111.820244"><ele>1217.802856</ele><time>2026-04-05T16:45:01.029Z</time></trkpt><trkpt lat="36.984344" lon="-111.819725"><ele>1213.039551</ele><time>2026-04-05T16:45:15.037Z</time></trkpt><trkpt lat="36.984509" lon="-111.819717"><ele>1210.943848</ele><time>2026-04-05T16:45:23.038Z</time></trkpt><trkpt lat="36.984833" lon="-111.819908"><ele>1223.959839</ele><time>2026-04-05T16:45:28.038Z</time></trkpt><trkpt lat="36.985008" lon="-111.819885"><ele>1221.069336</ele><time>2026-04-05T16:45:40.038Z</time></trkpt><trkpt lat="36.985069" lon="-111.819893"><ele>1221.213257</ele><time>2026-04-05T16:45:54.032Z</time></trkpt><trkpt lat="36.98534" lon="-111.82019"><ele>1218.157593</ele><time>2026-04-05T16:45:58.037Z</time></trkpt><trkpt lat="36.985386" lon="-111.820259"><ele>1218.619629</ele><time>2026-04-05T16:46:05.038Z</time></trkpt><trkpt lat="36.985394" lon="-111.820358"><ele>1217.744263</ele><time>2026-04-05T16:46:12.033Z</time></trkpt><trkpt lat="36.985424" lon="-111.820442"><ele>1217.877808</ele><time>2026-04-05T16:46:15.037Z</time></trkpt><trkpt lat="36.985397" lon="-111.820564"><ele>1217.380981</ele><time>2026-04-05T16:46:35.038Z</time></trkpt><trkpt lat="36.985462" lon="-111.821289"><ele>1233.868652</ele><time>2026-04-05T16:46:56.039Z</time></trkpt><trkpt lat="36.985542" lon="-111.821404"><ele>1240.717041</ele><time>2026-04-05T16:47:07.038Z</time></trkpt><trkpt lat="36.985638" lon="-111.82132"><ele>1241.872925</ele><time>2026-04-05T16:47:19.037Z</time></trkpt><trkpt lat="36.986168" lon="-111.821671"><ele>1221.420532</ele><time>2026-04-05T16:47:22.038Z</time></trkpt><trkpt lat="36.986324" lon="-111.821739"><ele>1220.916016</ele><time>2026-04-05T16:47:42.039Z</time></trkpt><trkpt lat="36.986645" lon="-111.821739"><ele>1216.890137</ele><time>2026-04-05T16:47:53.039Z</time></trkpt><trkpt lat="36.98674" lon="-111.821724"><ele>1217.97937</ele><time>2026-04-05T16:47:57.031Z</time></trkpt><trkpt lat="36.987015" lon="-111.821793"><ele>1215.842041</ele><time>2026-04-05T16:48:18.042Z</time></trkpt><trkpt lat="36.987171" lon="-111.821754"><ele>1218.27771</ele><time>2026-04-05T16:48:34.040Z</time></trkpt><trkpt lat="36.98719" lon="-111.821419"><ele>1226.123779</ele><time>2026-04-05T16:48:49.038Z</time></trkpt><trkpt lat="36.987034" lon="-111.821678"><ele>1231.166138</ele><time>2026-04-05T16:48:57.031Z</time></trkpt><trkpt lat="36.987003" lon="-111.821388"><ele>1232.736084</ele><time>2026-04-05T16:49:22.038Z</time></trkpt><trkpt lat="36.987" lon="-111.820923"><ele>1221.454346</ele><time>2026-04-05T16:53:37.038Z</time></trkpt><trkpt lat="36.987064" lon="-111.820107"><ele>1221.699951</ele><time>2026-04-05T16:54:02.038Z</time></trkpt><trkpt lat="36.986938" lon="-111.819611"><ele>1210.859863</ele><time>2026-04-05T16:54:30.038Z</time></trkpt><trkpt lat="36.986927" lon="-111.819519"><ele>1210.36731</ele><time>2026-04-05T16:54:41.038Z</time></trkpt><trkpt lat="36.986847" lon="-111.81945"><ele>1210.649414</ele><time>2026-04-05T16:54:50.039Z</time></trkpt><trkpt lat="36.986786" lon="-111.819336"><ele>1210.325806</ele><time>2026-04-05T16:55:11.038Z</time></trkpt><trkpt lat="36.986809" lon="-111.819176"><ele>1211.394409</ele><time>2026-04-05T16:55:23.038Z</time></trkpt><trkpt lat="36.986595" lon="-111.818993"><ele>1210.883911</ele><time>2026-04-05T16:55:54.038Z</time></trkpt><trkpt lat="36.986805" lon="-111.819229"><ele>1217.122192</ele><time>2026-04-05T16:56:14.038Z</time></trkpt><trkpt lat="36.987083" lon="-111.819122"><ele>1216.597534</ele><time>2026-04-05T16:56:46.028Z</time></trkpt><trkpt lat="36.987217" lon="-111.81926"><ele>1219.66333</ele><time>2026-04-05T16:56:50.039Z</time></trkpt><trkpt lat="36.987434" lon="-111.819366"><ele>1220.256958</ele><time>2026-04-05T16:56:56.037Z</time></trkpt><trkpt lat="36.987686" lon="-111.819702"><ele>1214.495972</ele><time>2026-04-05T16:57:08.039Z</time></trkpt><trkpt lat="36.987835" lon="-111.819862"><ele>1214.996094</ele><time>2026-04-05T16:57:14.039Z</time></trkpt><trkpt lat="36.987988" lon="-111.819862"><ele>1218.384521</ele><time>2026-04-05T16:57:35.036Z</time></trkpt><trkpt lat="36.988472" lon="-111.819954"><ele>1219.738525</ele><time>2026-04-05T16:57:52.038Z</time></trkpt><trkpt lat="36.9883" lon="-111.819077"><ele>1212.369263</ele><time>2026-04-05T16:58:05.038Z</time></trkpt><trkpt lat="36.988049" lon="-111.818436"><ele>1238.07373</ele><time>2026-04-05T16:58:07.036Z</time></trkpt><trkpt lat="36.987854" lon="-111.818199"><ele>1238.839478</ele><time>2026-04-05T16:58:20.039Z</time></trkpt><trkpt lat="36.987698" lon="-111.817772"><ele>1240.000854</ele><time>2026-04-05T16:58:33.029Z</time></trkpt><trkpt lat="36.98793" lon="-111.817734"><ele>1238.362061</ele><time>2026-04-05T16:58:38.038Z</time></trkpt><trkpt lat="36.988079" lon="-111.817932"><ele>1240.03064</ele><time>2026-04-05T16:58:47.033Z</time></trkpt><trkpt lat="36.988239" lon="-111.817924"><ele>1233.35022</ele><time>2026-04-05T16:58:54.037Z</time></trkpt><trkpt lat="36.988369" lon="-111.818047"><ele>1233.152222</ele><time>2026-04-05T16:59:00.039Z</time></trkpt><trkpt lat="36.988266" lon="-111.817871"><ele>1227.754517</ele><time>2026-04-05T16:59:22.036Z</time></trkpt><trkpt lat="36.988102" lon="-111.81768"><ele>1226.216553</ele><time>2026-04-05T16:59:36.039Z</time></trkpt><trkpt lat="36.988518" lon="-111.817856"><ele>1241.454102</ele><time>2026-04-05T17:00:08.031Z</time></trkpt><trkpt lat="36.988335" lon="-111.817833"><ele>1252.376587</ele><time>2026-04-05T17:00:26.039Z</time></trkpt><trkpt lat="36.988537" lon="-111.817947"><ele>1252.130615</ele><time>2026-04-05T17:00:41.031Z</time></trkpt><trkpt lat="36.988647" lon="-111.818138"><ele>1248.536499</ele><time>2026-04-05T17:00:54.037Z</time></trkpt><trkpt lat="36.988792" lon="-111.81823"><ele>1237.800903</ele><time>2026-04-05T17:01:19.032Z</time></trkpt><trkpt lat="36.9888" lon="-111.81839"><ele>1236.638672</ele><time>2026-04-05T17:01:34.037Z</time></trkpt><trkpt lat="36.988987" lon="-111.818619"><ele>1237.865234</ele><time>2026-04-05T17:02:08.045Z</time></trkpt><trkpt lat="36.989155" lon="-111.818863"><ele>1246.502563</ele><time>2026-04-05T17:02:19.036Z</time></trkpt><trkpt lat="36.989292" lon="-111.818756"><ele>1256.084961</ele><time>2026-04-05T17:02:46.039Z</time></trkpt><trkpt lat="36.989471" lon="-111.818794"><ele>1259.942139</ele><time>2026-04-05T17:02:56.038Z</time></trkpt><trkpt lat="36.989754" lon="-111.818733"><ele>1257.370728</ele><time>2026-04-05T17:03:37.033Z</time></trkpt><trkpt lat="36.990108" lon="-111.817841"><ele>1279.127441</ele><time>2026-04-05T17:03:45.030Z</time></trkpt><trkpt lat="36.989861" lon="-111.817421"><ele>1285.840088</ele><time>2026-04-05T17:04:00.040Z</time></trkpt><trkpt lat="36.989773" lon="-111.81691"><ele>1278.127319</ele><time>2026-04-05T17:04:14.038Z</time></trkpt><trkpt lat="36.989571" lon="-111.816658"><ele>1277.009888</ele><time>2026-04-05T17:04:19.038Z</time></trkpt><trkpt lat="36.989494" lon="-111.816864"><ele>1278.698975</ele><time>2026-04-05T17:04:38.038Z</time></trkpt><trkpt lat="36.989399" lon="-111.816589"><ele>1293.210938</ele><time>2026-04-05T17:04:58.040Z</time></trkpt><trkpt lat="36.989544" lon="-111.816475"><ele>1293.767212</ele><time>2026-04-05T17:05:20.041Z</time></trkpt><trkpt lat="36.989677" lon="-111.816406"><ele>1291.247925</ele><time>2026-04-05T17:05:37.044Z</time></trkpt><trkpt lat="36.9897" lon="-111.816238"><ele>1271.98645</ele><time>2026-04-05T17:05:50.039Z</time></trkpt><trkpt lat="36.989777" lon="-111.816124"><ele>1264.859863</ele><time>2026-04-05T17:06:04.039Z</time></trkpt><trkpt lat="36.989811" lon="-111.815971"><ele>1263.192139</ele><time>2026-04-05T17:06:14.040Z</time></trkpt><trkpt lat="36.989738" lon="-111.81572"><ele>1240.702759</ele><time>2026-04-05T17:06:57.039Z</time></trkpt><trkpt lat="36.989971" lon="-111.8153"><ele>1223.780396</ele><time>2026-04-05T17:07:11.032Z</time></trkpt><trkpt lat="36.990105" lon="-111.815369"><ele>1215.791382</ele><time>2026-04-05T17:07:19.038Z</time></trkpt><trkpt lat="36.990093" lon="-111.815521"><ele>1217.34375</ele><time>2026-04-05T17:07:32.038Z</time></trkpt><trkpt lat="36.990517" lon="-111.81572"><ele>1220.952026</ele><time>2026-04-05T17:07:42.033Z</time></trkpt><trkpt lat="36.990631" lon="-111.816139"><ele>1229.7146</ele><time>2026-04-05T17:07:48.039Z</time></trkpt><trkpt lat="36.990948" lon="-111.816238"><ele>1235.285156</ele><time>2026-04-05T17:08:11.038Z</time></trkpt><trkpt lat="36.99118" lon="-111.816734"><ele>1235.866943</ele><time>2026-04-05T17:08:21.041Z</time></trkpt><trkpt lat="36.991093" lon="-111.816437"><ele>1244.752441</ele><time>2026-04-05T17:08:29.038Z</time></trkpt><trkpt lat="36.991104" lon="-111.816223"><ele>1244.259644</ele><time>2026-04-05T17:08:54.039Z</time></trkpt><trkpt lat="36.991383" lon="-111.816353"><ele>1242.378662</ele><time>2026-04-05T17:09:01.037Z</time></trkpt><trkpt lat="36.991722" lon="-111.81636"><ele>1246.333496</ele><time>2026-04-05T17:09:08.042Z</time></trkpt><trkpt lat="36.991394" lon="-111.815948"><ele>1284.419678</ele><time>2026-04-05T17:09:44.039Z</time></trkpt><trkpt lat="36.992065" lon="-111.815758"><ele>1253.294189</ele><time>2026-04-05T17:09:50.036Z</time></trkpt><trkpt lat="36.991821" lon="-111.815666"><ele>1255.136353</ele><time>2026-04-05T17:09:57.036Z</time></trkpt><trkpt lat="36.991589" lon="-111.816048"><ele>1258.508057</ele><time>2026-04-05T17:10:03.037Z</time></trkpt><trkpt lat="36.99152" lon="-111.815971"><ele>1258.719604</ele><time>2026-04-05T17:10:50.040Z</time></trkpt><trkpt lat="36.991791" lon="-111.81588"><ele>1261.396606</ele><time>2026-04-05T17:11:00.037Z</time></trkpt><trkpt lat="36.991821" lon="-111.815536"><ele>1258.13855</ele><time>2026-04-05T17:11:26.040Z</time></trkpt><trkpt lat="36.991695" lon="-111.815208"><ele>1240.817993</ele><time>2026-04-05T17:11:48.036Z</time></trkpt><trkpt lat="36.991573" lon="-111.815277"><ele>1214.38562</ele><time>2026-04-05T17:12:11.041Z</time></trkpt><trkpt lat="36.991692" lon="-111.815102"><ele>1204.529541</ele><time>2026-04-05T17:12:30.037Z</time></trkpt><trkpt lat="36.991608" lon="-111.815002"><ele>1204.272949</ele><time>2026-04-05T17:12:45.030Z</time></trkpt><trkpt lat="36.991634" lon="-111.814865"><ele>1204.803833</ele><time>2026-04-05T17:12:53.039Z</time></trkpt><trkpt lat="36.991577" lon="-111.814766"><ele>1204.075073</ele><time>2026-04-05T17:13:02.032Z</time></trkpt><trkpt lat="36.991543" lon="-111.814667"><ele>1204.952393</ele><time>2026-04-05T17:13:19.034Z</time></trkpt><trkpt lat="36.991623" lon="-111.814537"><ele>1204.465942</ele><time>2026-04-05T17:13:59.041Z</time></trkpt><trkpt lat="36.991924" lon="-111.814293"><ele>1205.11438</ele><time>2026-04-05T17:14:12.036Z</time></trkpt><trkpt lat="36.99202" lon="-111.814156"><ele>1205.319336</ele><time>2026-04-05T17:14:26.033Z</time></trkpt><trkpt lat="36.992058" lon="-111.81382"><ele>1212.511108</ele><time>2026-04-05T17:14:55.039Z</time></trkpt><trkpt lat="36.99218" lon="-111.813805"><ele>1220.686401</ele><time>2026-04-05T17:15:06.038Z</time></trkpt><trkpt lat="36.992062" lon="-111.813553"><ele>1232.44397</ele><time>2026-04-05T17:15:29.038Z</time></trkpt><trkpt lat="36.992157" lon="-111.813271"><ele>1245.624512</ele><time>2026-04-05T17:15:49.031Z</time></trkpt><trkpt lat="36.992081" lon="-111.813103"><ele>1251.231201</ele><time>2026-04-05T17:15:54.033Z</time></trkpt><trkpt lat="36.991985" lon="-111.812988"><ele>1247.040527</ele><time>2026-04-05T17:16:00.036Z</time></trkpt><trkpt lat="36.99176" lon="-111.812904"><ele>1244.643921</ele><time>2026-04-05T17:16:04.036Z</time></trkpt><trkpt lat="36.991608" lon="-111.81266"><ele>1219.939697</ele><time>2026-04-05T17:16:23.045Z</time></trkpt><trkpt lat="36.991322" lon="-111.812523"><ele>1220.514404</ele><time>2026-04-05T17:16:50.031Z</time></trkpt><trkpt lat="36.991516" lon="-111.812164"><ele>1218.536743</ele><time>2026-04-05T17:17:02.039Z</time></trkpt><trkpt lat="36.991615" lon="-111.812019"><ele>1216.102905</ele><time>2026-04-05T17:17:14.028Z</time></trkpt><trkpt lat="36.991516" lon="-111.811806"><ele>1209.546875</ele><time>2026-04-05T17:17:23.029Z</time></trkpt><trkpt lat="36.991798" lon="-111.811714"><ele>1214.161743</ele><time>2026-04-05T17:17:35.029Z</time></trkpt><trkpt lat="36.992321" lon="-111.811729"><ele>1205.49646</ele><time>2026-04-05T17:17:46.026Z</time></trkpt><trkpt lat="36.992485" lon="-111.811562"><ele>1199.829224</ele><time>2026-04-05T17:17:55.031Z</time></trkpt><trkpt lat="36.992599" lon="-111.811012"><ele>1220.386597</ele><time>2026-04-05T17:18:04.031Z</time></trkpt><trkpt lat="36.99263" lon="-111.810921"><ele>1220.239258</ele><time>2026-04-05T17:18:19.040Z</time></trkpt><trkpt lat="36.992596" lon="-111.810707"><ele>1222.644531</ele><time>2026-04-05T17:18:35.029Z</time></trkpt><trkpt lat="36.99242" lon="-111.810814"><ele>1217.484741</ele><time>2026-04-05T17:18:43.038Z</time></trkpt><trkpt lat="36.992229" lon="-111.810875"><ele>1215.974731</ele><time>2026-04-05T17:18:54.042Z</time></trkpt><trkpt lat="36.992096" lon="-111.81105"><ele>1227.470215</ele><time>2026-04-05T17:19:05.038Z</time></trkpt><trkpt lat="36.992329" lon="-111.810623"><ele>1223.864624</ele><time>2026-04-05T17:19:15.038Z</time></trkpt><trkpt lat="36.992264" lon="-111.810364"><ele>1215.946777</ele><time>2026-04-05T17:19:22.039Z</time></trkpt><trkpt lat="36.992386" lon="-111.810219"><ele>1214.641235</ele><time>2026-04-05T17:19:32.029Z</time></trkpt><trkpt lat="36.992432" lon="-111.810059"><ele>1216.082275</ele><time>2026-04-05T17:21:05.039Z</time></trkpt><trkpt lat="36.992546" lon="-111.809471"><ele>1237.629395</ele><time>2026-04-05T17:21:25.037Z</time></trkpt><trkpt lat="36.992558" lon="-111.809349"><ele>1236.37915</ele><time>2026-04-05T17:21:40.031Z</time></trkpt><trkpt lat="36.992531" lon="-111.80925"><ele>1236.56189</ele><time>2026-04-05T17:21:55.038Z</time></trkpt><trkpt lat="36.992535" lon="-111.808937"><ele>1227.053223</ele><time>2026-04-05T17:22:25.040Z</time></trkpt><trkpt lat="36.992573" lon="-111.808792"><ele>1208.238892</ele><time>2026-04-05T17:22:46.038Z</time></trkpt><trkpt lat="36.992622" lon="-111.808479"><ele>1211.556641</ele><time>2026-04-05T17:23:15.038Z</time></trkpt><trkpt lat="36.99271" lon="-111.808502"><ele>1213.23877</ele><time>2026-04-05T17:23:31.037Z</time></trkpt><trkpt lat="36.992882" lon="-111.80809"><ele>1220.831421</ele><time>2026-04-05T17:28:58.039Z</time></trkpt><trkpt lat="36.993309" lon="-111.807762"><ele>1233.382202</ele><time>2026-04-05T17:29:25.030Z</time></trkpt><trkpt lat="36.993195" lon="-111.807297"><ele>1243.039673</ele><time>2026-04-05T17:29:39.031Z</time></trkpt><trkpt lat="36.993053" lon="-111.807159"><ele>1241.346802</ele><time>2026-04-05T17:29:52.037Z</time></trkpt><trkpt lat="36.993187" lon="-111.807045"><ele>1226.836304</ele><time>2026-04-05T17:30:07.023Z</time></trkpt><trkpt lat="36.992702" lon="-111.806847"><ele>1222.413452</ele><time>2026-04-05T17:30:51.039Z</time></trkpt><trkpt lat="36.992428" lon="-111.806755"><ele>1217.83313</ele><time>2026-04-05T17:31:05.029Z</time></trkpt><trkpt lat="36.992218" lon="-111.806747"><ele>1216.59436</ele><time>2026-04-05T17:31:15.030Z</time></trkpt><trkpt lat="36.992126" lon="-111.806953"><ele>1215.87207</ele><time>2026-04-05T17:31:23.044Z</time></trkpt><trkpt lat="36.991852" lon="-111.807388"><ele>1210.474609</ele><time>2026-04-05T17:31:27.031Z</time></trkpt><trkpt lat="36.991734" lon="-111.807434"><ele>1210.106445</ele><time>2026-04-05T17:31:48.039Z</time></trkpt><trkpt lat="36.991478" lon="-111.807678"><ele>1215.197632</ele><time>2026-04-05T17:34:56.031Z</time></trkpt><trkpt lat="36.991287" lon="-111.807739"><ele>1212.702637</ele><time>2026-04-05T17:36:42.032Z</time></trkpt><trkpt lat="36.991169" lon="-111.807945"><ele>1214.713867</ele><time>2026-04-05T17:38:36.032Z</time></trkpt><trkpt lat="36.991085" lon="-111.808197"><ele>1203.84314</ele><time>2026-04-05T17:42:28.039Z</time></trkpt><trkpt lat="36.990814" lon="-111.808189"><ele>1205.587891</ele><time>2026-04-05T17:45:56.034Z</time></trkpt><trkpt lat="36.990707" lon="-111.808289"><ele>1205.423828</ele><time>2026-04-05T17:48:49.038Z</time></trkpt><trkpt lat="36.990646" lon="-111.808159"><ele>1204.90564</ele><time>2026-04-05T17:49:41.039Z</time></trkpt><trkpt lat="36.990532" lon="-111.80825"><ele>1204.696045</ele><time>2026-04-05T17:49:59.038Z</time></trkpt><trkpt lat="36.990406" lon="-111.808296"><ele>1202.919556</ele><time>2026-04-05T17:50:15.037Z</time></trkpt><trkpt lat="36.990124" lon="-111.808563"><ele>1205.259399</ele><time>2026-04-05T17:50:22.038Z</time></trkpt><trkpt lat="36.990002" lon="-111.808968"><ele>1205.314087</ele><time>2026-04-05T17:50:43.040Z</time></trkpt><trkpt lat="36.988831" lon="-111.808861"><ele>1205.483643</ele><time>2026-04-05T17:52:33.038Z</time></trkpt><trkpt lat="36.988773" lon="-111.808449"><ele>1204.660767</ele><time>2026-04-05T17:52:53.039Z</time></trkpt><trkpt lat="36.989429" lon="-111.808464"><ele>1203.87793</ele><time>2026-04-05T17:53:01.038Z</time></trkpt><trkpt lat="36.989655" lon="-111.808502"><ele>1204.106323</ele><time>2026-04-05T17:53:09.037Z</time></trkpt><trkpt lat="36.989502" lon="-111.808418"><ele>1203.002808</ele><time>2026-04-05T17:53:13.039Z</time></trkpt><trkpt lat="36.989944" lon="-111.808388"><ele>1202.19043</ele><time>2026-04-05T17:53:27.038Z</time></trkpt><trkpt lat="36.989899" lon="-111.808281"><ele>1202.364624</ele><time>2026-04-05T18:11:20.042Z</time></trkpt><trkpt lat="36.989891" lon="-111.808159"><ele>1201.19873</ele><time>2026-04-05T18:11:32.037Z</time></trkpt><trkpt lat="36.989845" lon="-111.807938"><ele>1200.900391</ele><time>2026-04-05T18:12:02.040Z</time></trkpt><trkpt lat="36.989876" lon="-111.807518"><ele>1211.003174</ele><time>2026-04-05T18:12:09.038Z</time></trkpt><trkpt lat="36.989983" lon="-111.807571"><ele>1216.485962</ele><time>2026-04-05T18:12:16.040Z</time></trkpt><trkpt lat="36.989822" lon="-111.807335"><ele>1206.314453</ele><time>2026-04-05T18:12:31.038Z</time></trkpt><trkpt lat="36.98991" lon="-111.807228"><ele>1195.575195</ele><time>2026-04-05T18:12:53.029Z</time></trkpt><trkpt lat="36.989986" lon="-111.807167"><ele>1195.355469</ele><time>2026-04-05T18:13:18.039Z</time></trkpt><trkpt lat="36.9902" lon="-111.807182"><ele>1205.399048</ele><time>2026-04-05T18:16:00.032Z</time></trkpt><trkpt lat="36.990379" lon="-111.807129"><ele>1203.855835</ele><time>2026-04-05T18:19:32.039Z</time></trkpt><trkpt lat="36.99044" lon="-111.807037"><ele>1203.918213</ele><time>2026-04-05T18:20:02.030Z</time></trkpt><trkpt lat="36.990532" lon="-111.806976"><ele>1208.273682</ele><time>2026-04-05T18:20:15.036Z</time></trkpt><trkpt lat="36.990993" lon="-111.806137"><ele>1215.239868</ele><time>2026-04-05T18:20:29.037Z</time></trkpt><trkpt lat="36.991131" lon="-111.805847"><ele>1209.739868</ele><time>2026-04-05T18:20:40.038Z</time></trkpt><trkpt lat="36.991371" lon="-111.805847"><ele>1211.407959</ele><time>2026-04-05T18:21:10.026Z</time></trkpt><trkpt lat="36.99139" lon="-111.805641"><ele>1217.568848</ele><time>2026-04-05T18:21:37.034Z</time></trkpt><trkpt lat="36.991367" lon="-111.805443"><ele>1211.898682</ele><time>2026-04-05T18:22:00.041Z</time></trkpt><trkpt lat="36.9916" lon="-111.805214"><ele>1212.663696</ele><time>2026-04-05T18:22:12.039Z</time></trkpt><trkpt lat="36.991642" lon="-111.805115"><ele>1212.679443</ele><time>2026-04-05T18:22:46.028Z</time></trkpt><trkpt lat="36.991711" lon="-111.804741"><ele>1212.979614</ele><time>2026-04-05T18:23:15.036Z</time></trkpt><trkpt lat="36.991772" lon="-111.804688"><ele>1213.400513</ele><time>2026-04-05T18:23:26.034Z</time></trkpt><trkpt lat="36.992004" lon="-111.804306"><ele>1219.569946</ele><time>2026-04-05T18:23:34.037Z</time></trkpt><trkpt lat="36.992096" lon="-111.803665"><ele>1210.213379</ele><time>2026-04-05T18:23:52.034Z</time></trkpt><trkpt lat="36.99218" lon="-111.803398"><ele>1213.13269</ele><time>2026-04-05T18:24:23.033Z</time></trkpt><trkpt lat="36.992126" lon="-111.803276"><ele>1212.516602</ele><time>2026-04-05T18:24:59.026Z</time></trkpt><trkpt lat="36.992027" lon="-111.8032"><ele>1212.456665</ele><time>2026-04-05T18:25:08.029Z</time></trkpt><trkpt lat="36.991829" lon="-111.803085"><ele>1209.107422</ele><time>2026-04-05T18:25:28.027Z</time></trkpt><trkpt lat="36.991673" lon="-111.80294"><ele>1208.262451</ele><time>2026-04-05T18:25:47.027Z</time></trkpt><trkpt lat="36.991581" lon="-111.802948"><ele>1207.280762</ele><time>2026-04-05T18:25:55.026Z</time></trkpt><trkpt lat="36.991459" lon="-111.802773"><ele>1208.293457</ele><time>2026-04-05T18:26:12.039Z</time></trkpt><trkpt lat="36.991272" lon="-111.802673"><ele>1207.979004</ele><time>2026-04-05T18:26:42.033Z</time></trkpt><trkpt lat="36.991238" lon="-111.802536"><ele>1209.043091</ele><time>2026-04-05T18:26:54.034Z</time></trkpt><trkpt lat="36.99107" lon="-111.802368"><ele>1205.776733</ele><time>2026-04-05T18:27:25.031Z</time></trkpt><trkpt lat="36.990944" lon="-111.8022"><ele>1205.309937</ele><time>2026-04-05T18:27:31.028Z</time></trkpt><trkpt lat="36.990826" lon="-111.802261"><ele>1201.49353</ele><time>2026-04-05T18:27:36.038Z</time></trkpt><trkpt lat="36.990837" lon="-111.802132"><ele>1200.474731</ele><time>2026-04-05T18:28:01.034Z</time></trkpt><trkpt lat="36.990677" lon="-111.801865"><ele>1203.145142</ele><time>2026-04-05T18:28:23.041Z</time></trkpt><trkpt lat="36.990582" lon="-111.801903"><ele>1201.50415</ele><time>2026-04-05T18:28:46.038Z</time></trkpt><trkpt lat="36.990627" lon="-111.801971"><ele>1202.45166</ele><time>2026-04-05T18:29:16.037Z</time></trkpt><trkpt lat="36.990398" lon="-111.801895"><ele>1204.378052</ele><time>2026-04-05T18:29:21.037Z</time></trkpt><trkpt lat="36.990551" lon="-111.801781"><ele>1205.344604</ele><time>2026-04-05T18:29:35.027Z</time></trkpt><trkpt lat="36.990334" lon="-111.801903"><ele>1202.319458</ele><time>2026-04-05T18:29:49.036Z</time></trkpt><trkpt lat="36.990639" lon="-111.801575"><ele>1242.749634</ele><time>2026-04-05T18:30:03.029Z</time></trkpt><trkpt lat="36.990498" lon="-111.801819"><ele>1202.251465</ele><time>2026-04-05T18:30:34.038Z</time></trkpt><trkpt lat="36.990582" lon="-111.802063"><ele>1203.456543</ele><time>2026-04-05T18:30:44.036Z</time></trkpt><trkpt lat="36.990654" lon="-111.802193"><ele>1202.949585</ele><time>2026-04-05T18:30:52.037Z</time></trkpt><trkpt lat="36.990517" lon="-111.801865"><ele>1203.556641</ele><time>2026-04-05T18:31:00.037Z</time></trkpt><trkpt lat="36.990364" lon="-111.801941"><ele>1197.158813</ele><time>2026-04-05T18:31:07.026Z</time></trkpt><trkpt lat="36.99052" lon="-111.801926"><ele>1206.7052</ele><time>2026-04-05T18:31:15.037Z</time></trkpt><trkpt lat="36.990959" lon="-111.801613"><ele>1202.70105</ele><time>2026-04-05T18:31:28.039Z</time></trkpt><trkpt lat="36.990856" lon="-111.801811"><ele>1217.856812</ele><time>2026-04-05T18:31:48.040Z</time></trkpt><trkpt lat="36.990643" lon="-111.801926"><ele>1202.995239</ele><time>2026-04-05T18:31:59.038Z</time></trkpt><trkpt lat="36.990788" lon="-111.801941"><ele>1202.510376</ele><time>2026-04-05T18:32:22.037Z</time></trkpt><trkpt lat="36.990467" lon="-111.801949"><ele>1203.187866</ele><time>2026-04-05T18:32:30.036Z</time></trkpt><trkpt lat="36.990547" lon="-111.801765"><ele>1201.609619</ele><time>2026-04-05T18:32:44.039Z</time></trkpt><trkpt lat="36.990513" lon="-111.801636"><ele>1201.855835</ele><time>2026-04-05T18:32:58.036Z</time></trkpt><trkpt lat="36.990524" lon="-111.801476"><ele>1199.46521</ele><time>2026-04-05T18:33:09.039Z</time></trkpt><trkpt lat="36.990482" lon="-111.801331"><ele>1201.361572</ele><time>2026-04-05T18:33:17.032Z</time></trkpt><trkpt lat="36.990524" lon="-111.801186"><ele>1200.817749</ele><time>2026-04-05T18:33:28.038Z</time></trkpt><trkpt lat="36.990631" lon="-111.801056"><ele>1198.763428</ele><time>2026-04-05T18:34:03.037Z</time></trkpt><trkpt lat="36.990768" lon="-111.800926"><ele>1199.890625</ele><time>2026-04-05T18:34:16.028Z</time></trkpt><trkpt lat="36.990852" lon="-111.800903"><ele>1198.504883</ele><time>2026-04-05T18:34:45.039Z</time></trkpt><trkpt lat="36.991005" lon="-111.800903"><ele>1200.276611</ele><time>2026-04-05T18:34:56.039Z</time></trkpt><trkpt lat="36.991425" lon="-111.800583"><ele>1203.865723</ele><time>2026-04-05T18:35:13.038Z</time></trkpt><trkpt lat="36.991653" lon="-111.800232"><ele>1199.735718</ele><time>2026-04-05T18:36:21.028Z</time></trkpt><trkpt lat="36.991707" lon="-111.800003"><ele>1201.169678</ele><time>2026-04-05T18:36:28.029Z</time></trkpt><trkpt lat="36.991669" lon="-111.79969"><ele>1197.635742</ele><time>2026-04-05T18:36:43.029Z</time></trkpt><trkpt lat="36.991676" lon="-111.799599"><ele>1197.493652</ele><time>2026-04-05T18:37:05.029Z</time></trkpt><trkpt lat="36.991463" lon="-111.798637"><ele>1201.038574</ele><time>2026-04-05T18:37:11.029Z</time></trkpt><trkpt lat="36.991444" lon="-111.798393"><ele>1197.523071</ele><time>2026-04-05T18:37:36.033Z</time></trkpt><trkpt lat="36.991459" lon="-111.798279"><ele>1199.339478</ele><time>2026-04-05T18:37:46.028Z</time></trkpt><trkpt lat="36.991562" lon="-111.798096"><ele>1200.106201</ele><time>2026-04-05T18:37:56.032Z</time></trkpt><trkpt lat="36.991634" lon="-111.798042"><ele>1198.43396</ele><time>2026-04-05T18:38:04.030Z</time></trkpt><trkpt lat="36.99173" lon="-111.797859"><ele>1203.464844</ele><time>2026-04-05T18:38:11.025Z</time></trkpt><trkpt lat="36.99189" lon="-111.797783"><ele>1202.617676</ele><time>2026-04-05T18:38:19.037Z</time></trkpt><trkpt lat="36.991974" lon="-111.797783"><ele>1199.307983</ele><time>2026-04-05T18:38:31.030Z</time></trkpt><trkpt lat="36.992138" lon="-111.797836"><ele>1201.577026</ele><time>2026-04-05T18:38:36.028Z</time></trkpt><trkpt lat="36.992348" lon="-111.797798"><ele>1202.727905</ele><time>2026-04-05T18:38:42.030Z</time></trkpt><trkpt lat="36.992687" lon="-111.797585"><ele>1196.60376</ele><time>2026-04-05T18:39:03.026Z</time></trkpt><trkpt lat="36.992573" lon="-111.797142"><ele>1199.805298</ele><time>2026-04-05T18:39:20.033Z</time></trkpt><trkpt lat="36.992676" lon="-111.796753"><ele>1205.181274</ele><time>2026-04-05T18:39:32.028Z</time></trkpt><trkpt lat="36.992992" lon="-111.796867"><ele>1210.084473</ele><time>2026-04-05T18:39:44.030Z</time></trkpt><trkpt lat="36.993225" lon="-111.796577"><ele>1203.8927</ele><time>2026-04-05T18:40:20.030Z</time></trkpt><trkpt lat="36.993294" lon="-111.796883"><ele>1209.89209</ele><time>2026-04-05T18:40:36.031Z</time></trkpt><trkpt lat="36.99324" lon="-111.797073"><ele>1206.482422</ele><time>2026-04-05T18:40:43.030Z</time></trkpt><trkpt lat="36.993244" lon="-111.797394"><ele>1207.915405</ele><time>2026-04-05T18:41:02.030Z</time></trkpt><trkpt lat="36.993271" lon="-111.797569"><ele>1205.99585</ele><time>2026-04-05T18:41:16.029Z</time></trkpt><trkpt lat="36.993324" lon="-111.797707"><ele>1197.416748</ele><time>2026-04-05T18:41:24.038Z</time></trkpt><trkpt lat="36.993332" lon="-111.798065"><ele>1196.219604</ele><time>2026-04-05T18:41:40.038Z</time></trkpt><trkpt lat="36.993267" lon="-111.798363"><ele>1195.520386</ele><time>2026-04-05T18:41:56.036Z</time></trkpt><trkpt lat="36.993286" lon="-111.798508"><ele>1198.612549</ele><time>2026-04-05T18:42:18.030Z</time></trkpt><trkpt lat="36.993412" lon="-111.799072"><ele>1198.584229</ele><time>2026-04-05T18:42:37.027Z</time></trkpt><trkpt lat="36.99337" lon="-111.799469"><ele>1203.657715</ele><time>2026-04-05T18:42:51.027Z</time></trkpt><trkpt lat="36.993382" lon="-111.799736"><ele>1215.988647</ele><time>2026-04-05T18:42:59.036Z</time></trkpt><trkpt lat="36.993599" lon="-111.799889"><ele>1227.911743</ele><time>2026-04-05T18:43:10.027Z</time></trkpt><trkpt lat="36.993839" lon="-111.799782"><ele>1232.504272</ele><time>2026-04-05T18:43:17.037Z</time></trkpt><trkpt lat="36.99395" lon="-111.800034"><ele>1236.924683</ele><time>2026-04-05T18:43:36.027Z</time></trkpt><trkpt lat="36.994179" lon="-111.800011"><ele>1241.174316</ele><time>2026-04-05T18:43:41.028Z</time></trkpt><trkpt lat="36.994396" lon="-111.799896"><ele>1232.602417</ele><time>2026-04-05T18:44:01.030Z</time></trkpt><trkpt lat="36.99456" lon="-111.799858"><ele>1217.771729</ele><time>2026-04-05T18:44:10.032Z</time></trkpt><trkpt lat="36.994831" lon="-111.799507"><ele>1205.683594</ele><time>2026-04-05T18:44:24.031Z</time></trkpt><trkpt lat="36.994946" lon="-111.799484"><ele>1206.911621</ele><time>2026-04-05T18:44:33.031Z</time></trkpt><trkpt lat="36.995098" lon="-111.799294"><ele>1202.7771</ele><time>2026-04-05T18:44:38.042Z</time></trkpt><trkpt lat="36.995304" lon="-111.799171"><ele>1204.703613</ele><time>2026-04-05T18:44:42.037Z</time></trkpt><trkpt lat="36.99548" lon="-111.79879"><ele>1211.352417</ele><time>2026-04-05T18:44:52.039Z</time></trkpt><trkpt lat="36.99548" lon="-111.798531"><ele>1223.304321</ele><time>2026-04-05T18:45:57.038Z</time></trkpt><trkpt lat="36.99551" lon="-111.798416"><ele>1223.090088</ele><time>2026-04-05T18:46:17.030Z</time></trkpt><trkpt lat="36.995274" lon="-111.797836"><ele>1236.95874</ele><time>2026-04-05T18:46:25.037Z</time></trkpt><trkpt lat="36.995258" lon="-111.797707"><ele>1231.918457</ele><time>2026-04-05T18:47:18.037Z</time></trkpt><trkpt lat="36.995155" lon="-111.79744"><ele>1236.926758</ele><time>2026-04-05T18:47:24.027Z</time></trkpt><trkpt lat="36.9949" lon="-111.797226"><ele>1222.196411</ele><time>2026-04-05T18:47:32.039Z</time></trkpt><trkpt lat="36.994827" lon="-111.797005"><ele>1219.397827</ele><time>2026-04-05T18:47:41.032Z</time></trkpt><trkpt lat="36.994766" lon="-111.796898"><ele>1219.868896</ele><time>2026-04-05T18:48:01.029Z</time></trkpt><trkpt lat="36.994621" lon="-111.796761"><ele>1199.809448</ele><time>2026-04-05T18:48:08.036Z</time></trkpt><trkpt lat="36.994659" lon="-111.796654"><ele>1200.09082</ele><time>2026-04-05T18:48:38.039Z</time></trkpt><trkpt lat="36.994583" lon="-111.79631"><ele>1200.366211</ele><time>2026-04-05T18:48:55.040Z</time></trkpt><trkpt lat="36.994587" lon="-111.796074"><ele>1200.399536</ele><time>2026-04-05T18:49:13.040Z</time></trkpt><trkpt lat="36.994564" lon="-111.795937"><ele>1203.104858</ele><time>2026-04-05T18:49:31.036Z</time></trkpt><trkpt lat="36.994667" lon="-111.795853"><ele>1203.659058</ele><time>2026-04-05T18:49:42.039Z</time></trkpt><trkpt lat="36.994961" lon="-111.795868"><ele>1198.013062</ele><time>2026-04-05T18:49:52.039Z</time></trkpt><trkpt lat="36.99506" lon="-111.795967"><ele>1197.810547</ele><time>2026-04-05T18:50:07.027Z</time></trkpt><trkpt lat="36.995182" lon="-111.795761"><ele>1197.611694</ele><time>2026-04-05T18:50:40.021Z</time></trkpt><trkpt lat="36.995541" lon="-111.795502"><ele>1197.965698</ele><time>2026-04-05T18:51:01.037Z</time></trkpt><trkpt lat="36.995617" lon="-111.795227"><ele>1197.615601</ele><time>2026-04-05T18:51:35.029Z</time></trkpt><trkpt lat="36.995537" lon="-111.7948"><ele>1196.629517</ele><time>2026-04-05T18:51:41.031Z</time></trkpt><trkpt lat="36.995384" lon="-111.794777"><ele>1201.053345</ele><time>2026-04-05T18:51:44.038Z</time></trkpt><trkpt lat="36.995239" lon="-111.794609"><ele>1196.837646</ele><time>2026-04-05T18:51:51.026Z</time></trkpt><trkpt lat="36.995216" lon="-111.794518"><ele>1197.485229</ele><time>2026-04-05T18:51:57.037Z</time></trkpt><trkpt lat="36.995083" lon="-111.794212"><ele>1200.699463</ele><time>2026-04-05T18:52:05.025Z</time></trkpt><trkpt lat="36.994976" lon="-111.794098"><ele>1197.936279</ele><time>2026-04-05T18:53:45.029Z</time></trkpt><trkpt lat="36.994854" lon="-111.794334"><ele>1197.449829</ele><time>2026-04-05T18:54:00.042Z</time></trkpt><trkpt lat="36.994846" lon="-111.794136"><ele>1196.199097</ele><time>2026-04-05T18:54:14.034Z</time></trkpt><trkpt lat="36.994808" lon="-111.793991"><ele>1198.764893</ele><time>2026-04-05T18:54:27.027Z</time></trkpt><trkpt lat="36.994759" lon="-111.793884"><ele>1198.874878</ele><time>2026-04-05T18:54:38.037Z</time></trkpt><trkpt lat="36.994511" lon="-111.793533"><ele>1199.324219</ele><time>2026-04-05T18:54:55.027Z</time></trkpt><trkpt lat="36.994614" lon="-111.793335"><ele>1209.364502</ele><time>2026-04-05T18:55:06.041Z</time></trkpt><trkpt lat="36.994717" lon="-111.793228"><ele>1200.982666</ele><time>2026-04-05T18:55:28.038Z</time></trkpt><trkpt lat="36.99498" lon="-111.793114"><ele>1196.000977</ele><time>2026-04-05T18:55:44.038Z</time></trkpt><trkpt lat="36.995125" lon="-111.793137"><ele>1196.718994</ele><time>2026-04-05T18:56:02.037Z</time></trkpt><trkpt lat="36.995293" lon="-111.793045"><ele>1200.756836</ele><time>2026-04-05T18:56:41.038Z</time></trkpt><trkpt lat="36.995445" lon="-111.792603"><ele>1206.969116</ele><time>2026-04-05T18:57:34.038Z</time></trkpt><trkpt lat="36.995445" lon="-111.792404"><ele>1201.330688</ele><time>2026-04-05T18:57:58.037Z</time></trkpt><trkpt lat="36.995548" lon="-111.792236"><ele>1202.732666</ele><time>2026-04-05T18:58:08.032Z</time></trkpt><trkpt lat="36.995304" lon="-111.792595"><ele>1207.680908</ele><time>2026-04-05T18:58:13.036Z</time></trkpt><trkpt lat="36.995182" lon="-111.792221"><ele>1210.833862</ele><time>2026-04-05T18:58:20.027Z</time></trkpt><trkpt lat="36.994949" lon="-111.792274"><ele>1214.409058</ele><time>2026-04-05T18:58:25.028Z</time></trkpt><trkpt lat="36.994434" lon="-111.79232"><ele>1198.647827</ele><time>2026-04-05T18:58:32.039Z</time></trkpt><trkpt lat="36.994213" lon="-111.79229"><ele>1197.188965</ele><time>2026-04-05T18:58:52.038Z</time></trkpt><trkpt lat="36.994259" lon="-111.792145"><ele>1192.958618</ele><time>2026-04-05T18:58:57.036Z</time></trkpt><trkpt lat="36.994297" lon="-111.791809"><ele>1196.817261</ele><time>2026-04-05T18:59:29.039Z</time></trkpt><trkpt lat="36.994331" lon="-111.79174"><ele>1196.680908</ele><time>2026-04-05T18:59:40.036Z</time></trkpt><trkpt lat="36.994621" lon="-111.791458"><ele>1200.622681</ele><time>2026-04-05T19:01:28.037Z</time></trkpt><trkpt lat="36.994686" lon="-111.791451"><ele>1199.901123</ele><time>2026-04-05T19:03:39.037Z</time></trkpt><trkpt lat="36.995148" lon="-111.791039"><ele>1219.526245</ele><time>2026-04-05T19:04:32.036Z</time></trkpt><trkpt lat="36.995369" lon="-111.79071"><ele>1217.40979</ele><time>2026-04-05T19:04:43.036Z</time></trkpt><trkpt lat="36.995659" lon="-111.79055"><ele>1223.838501</ele><time>2026-04-05T19:04:50.038Z</time></trkpt><trkpt lat="36.995537" lon="-111.790665"><ele>1225.255249</ele><time>2026-04-05T19:05:05.037Z</time></trkpt><trkpt lat="36.99601" lon="-111.790298"><ele>1227.125488</ele><time>2026-04-05T19:05:24.036Z</time></trkpt><trkpt lat="36.996052" lon="-111.790047"><ele>1224.676514</ele><time>2026-04-05T19:05:49.040Z</time></trkpt><trkpt lat="36.996155" lon="-111.790001"><ele>1222.222778</ele><time>2026-04-05T19:06:03.030Z</time></trkpt><trkpt lat="36.996216" lon="-111.789871"><ele>1223.157593</ele><time>2026-04-05T19:06:20.034Z</time></trkpt><trkpt lat="36.996155" lon="-111.78978"><ele>1219.279175</ele><time>2026-04-05T19:07:06.034Z</time></trkpt><trkpt lat="36.99633" lon="-111.78952"><ele>1219.636108</ele><time>2026-04-05T19:08:21.036Z</time></trkpt><trkpt lat="36.996319" lon="-111.789268"><ele>1213.952637</ele><time>2026-04-05T19:08:33.037Z</time></trkpt><trkpt lat="36.996197" lon="-111.789047"><ele>1212.5625</ele><time>2026-04-05T19:08:52.037Z</time></trkpt><trkpt lat="36.996071" lon="-111.789078"><ele>1216.326782</ele><time>2026-04-05T19:09:08.033Z</time></trkpt><trkpt lat="36.995911" lon="-111.789078"><ele>1217.267456</ele><time>2026-04-05T19:09:22.034Z</time></trkpt><trkpt lat="36.995972" lon="-111.78894"><ele>1212.578857</ele><time>2026-04-05T19:09:49.036Z</time></trkpt><trkpt lat="36.995865" lon="-111.78894"><ele>1217.247314</ele><time>2026-04-05T19:10:00.039Z</time></trkpt><trkpt lat="36.995872" lon="-111.788811"><ele>1216.363037</ele><time>2026-04-05T19:10:06.037Z</time></trkpt><trkpt lat="36.995518" lon="-111.788651"><ele>1217.466919</ele><time>2026-04-05T19:10:12.040Z</time></trkpt><trkpt lat="36.995564" lon="-111.788498"><ele>1217.932495</ele><time>2026-04-05T19:10:19.038Z</time></trkpt><trkpt lat="36.995552" lon="-111.788353"><ele>1203.80481</ele><time>2026-04-05T19:10:24.038Z</time></trkpt><trkpt lat="36.995457" lon="-111.788254"><ele>1199.216431</ele><time>2026-04-05T19:10:43.037Z</time></trkpt><trkpt lat="36.995224" lon="-111.788277"><ele>1196.986816</ele><time>2026-04-05T19:11:24.037Z</time></trkpt><trkpt lat="36.995007" lon="-111.787941"><ele>1187.455933</ele><time>2026-04-05T19:11:43.040Z</time></trkpt><trkpt lat="36.994907" lon="-111.787605"><ele>1189.751465</ele><time>2026-04-05T19:11:54.039Z</time></trkpt><trkpt lat="36.994987" lon="-111.787277"><ele>1186.460327</ele><time>2026-04-05T19:12:26.040Z</time></trkpt><trkpt lat="36.994843" lon="-111.787361"><ele>1186.185547</ele><time>2026-04-05T19:13:05.038Z</time></trkpt><trkpt lat="36.99472" lon="-111.787254"><ele>1186.419556</ele><time>2026-04-05T19:13:25.039Z</time></trkpt><trkpt lat="36.994583" lon="-111.787308"><ele>1187.06311</ele><time>2026-04-05T19:13:49.037Z</time></trkpt><trkpt lat="36.99453" lon="-111.787491"><ele>1194.074097</ele><time>2026-04-05T19:14:05.037Z</time></trkpt><trkpt lat="36.994774" lon="-111.787086"><ele>1190.983643</ele><time>2026-04-05T19:14:16.037Z</time></trkpt><trkpt lat="36.994995" lon="-111.786903"><ele>1186.070679</ele><time>2026-04-05T19:14:29.037Z</time></trkpt><trkpt lat="36.995049" lon="-111.787117"><ele>1186.714966</ele><time>2026-04-05T19:14:38.036Z</time></trkpt><trkpt lat="36.995213" lon="-111.787025"><ele>1185.504517</ele><time>2026-04-05T19:14:41.037Z</time></trkpt><trkpt lat="36.995567" lon="-111.7873"><ele>1188.008301</ele><time>2026-04-05T19:15:15.038Z</time></trkpt><trkpt lat="36.995983" lon="-111.787476"><ele>1201.94397</ele><time>2026-04-05T19:15:36.036Z</time></trkpt><trkpt lat="36.996208" lon="-111.787514"><ele>1204.697754</ele><time>2026-04-05T19:15:37.034Z</time></trkpt><trkpt lat="36.996414" lon="-111.787376"><ele>1211.446045</ele><time>2026-04-05T19:15:44.038Z</time></trkpt><trkpt lat="36.99659" lon="-111.787224"><ele>1212.536621</ele><time>2026-04-05T19:16:07.036Z</time></trkpt><trkpt lat="36.996681" lon="-111.78717"><ele>1211.984741</ele><time>2026-04-05T19:16:34.036Z</time></trkpt><trkpt lat="36.9967" lon="-111.787041"><ele>1214.928345</ele><time>2026-04-05T19:16:50.037Z</time></trkpt><trkpt lat="36.996639" lon="-111.785988"><ele>1209.250488</ele><time>2026-04-05T19:17:00.038Z</time></trkpt><trkpt lat="36.996113" lon="-111.785591"><ele>1195.151001</ele><time>2026-04-05T19:17:07.038Z</time></trkpt><trkpt lat="36.996105" lon="-111.785454"><ele>1193.471313</ele><time>2026-04-05T19:17:37.038Z</time></trkpt><trkpt lat="36.996021" lon="-111.785439"><ele>1193.334717</ele><time>2026-04-05T19:17:42.037Z</time></trkpt><trkpt lat="36.99585" lon="-111.785477"><ele>1198.989868</ele><time>2026-04-05T19:17:49.037Z</time></trkpt><trkpt lat="36.995579" lon="-111.785667"><ele>1186.421997</ele><time>2026-04-05T19:17:59.036Z</time></trkpt><trkpt lat="36.99548" lon="-111.785828"><ele>1185.826294</ele><time>2026-04-05T19:18:06.038Z</time></trkpt><trkpt lat="36.995399" lon="-111.785667"><ele>1186.054077</ele><time>2026-04-05T19:18:24.036Z</time></trkpt><trkpt lat="36.995247" lon="-111.786118"><ele>1183.9021</ele><time>2026-04-05T19:18:35.037Z</time></trkpt><trkpt lat="36.995144" lon="-111.785995"><ele>1185.925171</ele><time>2026-04-05T19:19:02.037Z</time></trkpt><trkpt lat="36.994957" lon="-111.785995"><ele>1184.750488</ele><time>2026-04-05T19:19:12.038Z</time></trkpt><trkpt lat="36.994808" lon="-111.78569"><ele>1197.900513</ele><time>2026-04-05T19:19:33.037Z</time></trkpt><trkpt lat="36.994762" lon="-111.785652"><ele>1197.85376</ele><time>2026-04-05T19:19:37.038Z</time></trkpt><trkpt lat="36.994667" lon="-111.785614"><ele>1198.97876</ele><time>2026-04-05T19:19:59.042Z</time></trkpt><trkpt lat="36.994385" lon="-111.785362"><ele>1199.384155</ele><time>2026-04-05T19:20:09.038Z</time></trkpt><trkpt lat="36.994061" lon="-111.785019"><ele>1196.645752</ele><time>2026-04-05T19:20:22.033Z</time></trkpt><trkpt lat="36.993671" lon="-111.784454"><ele>1189.975708</ele><time>2026-04-05T19:20:38.039Z</time></trkpt><trkpt lat="36.993591" lon="-111.784409"><ele>1190.696655</ele><time>2026-04-05T19:20:54.040Z</time></trkpt><trkpt lat="36.993484" lon="-111.784386"><ele>1189.161133</ele><time>2026-04-05T19:21:09.038Z</time></trkpt><trkpt lat="36.993393" lon="-111.784279"><ele>1191.746216</ele><time>2026-04-05T19:21:26.040Z</time></trkpt><trkpt lat="36.99308" lon="-111.784233"><ele>1210.244385</ele><time>2026-04-05T19:21:31.038Z</time></trkpt><trkpt lat="36.99297" lon="-111.784279"><ele>1209.932007</ele><time>2026-04-05T19:21:45.038Z</time></trkpt><trkpt lat="36.992844" lon="-111.784439"><ele>1205.157837</ele><time>2026-04-05T19:21:54.039Z</time></trkpt><trkpt lat="36.992687" lon="-111.784515"><ele>1191.41272</ele><time>2026-04-05T19:21:56.039Z</time></trkpt><trkpt lat="36.992546" lon="-111.784668"><ele>1186.499634</ele><time>2026-04-05T19:22:04.038Z</time></trkpt><trkpt lat="36.992275" lon="-111.784561"><ele>1183.099365</ele><time>2026-04-05T19:22:20.038Z</time></trkpt><trkpt lat="36.992054" lon="-111.784416"><ele>1181.716064</ele><time>2026-04-05T19:23:01.040Z</time></trkpt><trkpt lat="36.992058" lon="-111.784195"><ele>1182.828979</ele><time>2026-04-05T19:23:08.040Z</time></trkpt><trkpt lat="36.991962" lon="-111.783821"><ele>1181.740967</ele><time>2026-04-05T19:23:28.040Z</time></trkpt><trkpt lat="36.99202" lon="-111.783699"><ele>1181.589844</ele><time>2026-04-05T19:24:16.036Z</time></trkpt><trkpt lat="36.992081" lon="-111.783661"><ele>1181.770996</ele><time>2026-04-05T19:24:28.040Z</time></trkpt><trkpt lat="36.992184" lon="-111.783501"><ele>1181.819824</ele><time>2026-04-05T19:24:44.037Z</time></trkpt><trkpt lat="36.992218" lon="-111.783371"><ele>1181.367554</ele><time>2026-04-05T19:24:58.027Z</time></trkpt><trkpt lat="36.992195" lon="-111.783112"><ele>1182.981323</ele><time>2026-04-05T19:25:25.029Z</time></trkpt><trkpt lat="36.99247" lon="-111.782532"><ele>1182.79834</ele><time>2026-04-05T19:25:48.030Z</time></trkpt><trkpt lat="36.992538" lon="-111.782433"><ele>1181.929688</ele><time>2026-04-05T19:26:39.029Z</time></trkpt><trkpt lat="36.99263" lon="-111.782372"><ele>1182.100586</ele><time>2026-04-05T19:26:49.030Z</time></trkpt><trkpt lat="36.992764" lon="-111.782219"><ele>1181.861938</ele><time>2026-04-05T19:26:58.028Z</time></trkpt><trkpt lat="36.992783" lon="-111.782097"><ele>1182.037109</ele><time>2026-04-05T19:27:09.029Z</time></trkpt><trkpt lat="36.993034" lon="-111.781532"><ele>1183.997803</ele><time>2026-04-05T19:28:09.028Z</time></trkpt><trkpt lat="36.993137" lon="-111.781334"><ele>1183.728882</ele><time>2026-04-05T19:28:17.038Z</time></trkpt><trkpt lat="36.993053" lon="-111.781258"><ele>1183.791748</ele><time>2026-04-05T19:28:24.028Z</time></trkpt><trkpt lat="36.992981" lon="-111.781113"><ele>1184.925537</ele><time>2026-04-05T19:28:49.028Z</time></trkpt><trkpt lat="36.992889" lon="-111.781319"><ele>1185.956299</ele><time>2026-04-05T19:29:46.246Z</time></trkpt><trkpt lat="36.992439" lon="-111.781174"><ele>1153.362549</ele><time>2026-04-05T19:30:13.028Z</time></trkpt><trkpt lat="36.992867" lon="-111.781326"><ele>1185.995972</ele><time>2026-04-05T19:30:16.029Z</time></trkpt><trkpt lat="36.992687" lon="-111.781326"><ele>1179.258179</ele><time>2026-04-05T19:30:22.030Z</time></trkpt><trkpt lat="36.992886" lon="-111.781265"><ele>1187.225952</ele><time>2026-04-05T19:30:51.026Z</time></trkpt><trkpt lat="36.992859" lon="-111.781387"><ele>1189.598511</ele><time>2026-04-05T19:31:29.033Z</time></trkpt><trkpt lat="36.992737" lon="-111.781403"><ele>1189.657349</ele><time>2026-04-05T19:31:54.030Z</time></trkpt><trkpt lat="36.992844" lon="-111.781372"><ele>1191.243774</ele><time>2026-04-05T19:32:00.027Z</time></trkpt><trkpt lat="36.993008" lon="-111.781174"><ele>1186.457764</ele><time>2026-04-05T19:32:18.029Z</time></trkpt><trkpt lat="36.992958" lon="-111.780937"><ele>1185.032349</ele><time>2026-04-05T19:32:28.028Z</time></trkpt><trkpt lat="36.992977" lon="-111.780853"><ele>1184.478638</ele><time>2026-04-05T19:32:36.030Z</time></trkpt><trkpt lat="36.992886" lon="-111.78067"><ele>1185.24292</ele><time>2026-04-05T19:32:46.027Z</time></trkpt><trkpt lat="36.992683" lon="-111.780464"><ele>1188.353394</ele><time>2026-04-05T19:32:58.029Z</time></trkpt><trkpt lat="36.992744" lon="-111.780312"><ele>1188.980835</ele><time>2026-04-05T19:33:28.039Z</time></trkpt><trkpt lat="36.992889" lon="-111.78022"><ele>1186.412964</ele><time>2026-04-05T19:33:43.028Z</time></trkpt><trkpt lat="36.992733" lon="-111.78038"><ele>1181.73938</ele><time>2026-04-05T19:34:20.038Z</time></trkpt><trkpt lat="36.992683" lon="-111.780304"><ele>1180.171753</ele><time>2026-04-05T19:34:43.045Z</time></trkpt><trkpt lat="36.992455" lon="-111.780258"><ele>1191.152832</ele><time>2026-04-05T19:35:04.037Z</time></trkpt><trkpt lat="36.9921" lon="-111.780266"><ele>1187.954956</ele><time>2026-04-05T19:35:14.040Z</time></trkpt><trkpt lat="36.991993" lon="-111.780243"><ele>1187.84436</ele><time>2026-04-05T19:35:24.041Z</time></trkpt><trkpt lat="36.991776" lon="-111.780075"><ele>1194.605835</ele><time>2026-04-05T19:35:33.032Z</time></trkpt><trkpt lat="36.991623" lon="-111.780136"><ele>1193.537109</ele><time>2026-04-05T19:35:42.037Z</time></trkpt><trkpt lat="36.991581" lon="-111.780197"><ele>1198.47229</ele><time>2026-04-05T19:35:53.038Z</time></trkpt><trkpt lat="36.991486" lon="-111.780434"><ele>1197.889404</ele><time>2026-04-05T19:35:59.028Z</time></trkpt><trkpt lat="36.991505" lon="-111.780823"><ele>1187.518799</ele><time>2026-04-05T19:36:04.028Z</time></trkpt><trkpt lat="36.991409" lon="-111.781097"><ele>1186.952515</ele><time>2026-04-05T19:36:15.037Z</time></trkpt><trkpt lat="36.991352" lon="-111.781181"><ele>1186.079102</ele><time>2026-04-05T19:36:32.029Z</time></trkpt><trkpt lat="36.99131" lon="-111.781303"><ele>1187.896851</ele><time>2026-04-05T19:36:41.038Z</time></trkpt><trkpt lat="36.991302" lon="-111.781532"><ele>1194.594238</ele><time>2026-04-05T19:36:50.044Z</time></trkpt><trkpt lat="36.991417" lon="-111.781685"><ele>1186.749023</ele><time>2026-04-05T19:36:52.036Z</time></trkpt><trkpt lat="36.99144" lon="-111.782036"><ele>1183.868286</ele><time>2026-04-05T19:37:06.028Z</time></trkpt><trkpt lat="36.991493" lon="-111.782295"><ele>1185.217773</ele><time>2026-04-05T19:37:09.040Z</time></trkpt><trkpt lat="36.991489" lon="-111.782585"><ele>1188.415649</ele><time>2026-04-05T19:37:11.030Z</time></trkpt><trkpt lat="36.991444" lon="-111.782661"><ele>1188.380615</ele><time>2026-04-05T19:37:15.029Z</time></trkpt><trkpt lat="36.991291" lon="-111.782616"><ele>1182.456299</ele><time>2026-04-05T19:37:22.030Z</time></trkpt><trkpt lat="36.991241" lon="-111.782631"><ele>1182.854858</ele><time>2026-04-05T19:37:33.028Z</time></trkpt><trkpt lat="36.990925" lon="-111.782616"><ele>1181.658813</ele><time>2026-04-05T19:37:47.030Z</time></trkpt><trkpt lat="36.990715" lon="-111.782562"><ele>1181.120483</ele><time>2026-04-05T19:38:04.029Z</time></trkpt><trkpt lat="36.990429" lon="-111.782204"><ele>1180.573364</ele><time>2026-04-05T19:38:29.030Z</time></trkpt><trkpt lat="36.990383" lon="-111.782173"><ele>1180.929321</ele><time>2026-04-05T19:38:39.032Z</time></trkpt><trkpt lat="36.990311" lon="-111.782051"><ele>1181.772095</ele><time>2026-04-05T19:40:25.030Z</time></trkpt><trkpt lat="36.990189" lon="-111.781944"><ele>1181.512573</ele><time>2026-04-05T19:43:31.030Z</time></trkpt><trkpt lat="36.989979" lon="-111.781654"><ele>1179.525391</ele><time>2026-04-05T19:43:46.039Z</time></trkpt><trkpt lat="36.989899" lon="-111.781517"><ele>1182.898438</ele><time>2026-04-05T19:43:57.029Z</time></trkpt><trkpt lat="36.989807" lon="-111.781219"><ele>1185.695068</ele><time>2026-04-05T19:44:10.027Z</time></trkpt><trkpt lat="36.989819" lon="-111.780411"><ele>1177.97998</ele><time>2026-04-05T19:44:25.029Z</time></trkpt><trkpt lat="36.989845" lon="-111.779793"><ele>1181.713257</ele><time>2026-04-05T19:44:31.030Z</time></trkpt><trkpt lat="36.989868" lon="-111.779648"><ele>1181.560181</ele><time>2026-04-05T19:44:51.030Z</time></trkpt><trkpt lat="36.989841" lon="-111.779579"><ele>1181.498657</ele><time>2026-04-05T19:45:28.037Z</time></trkpt><trkpt lat="36.989876" lon="-111.77951"><ele>1181.855347</ele><time>2026-04-05T19:45:44.039Z</time></trkpt><trkpt lat="36.989868" lon="-111.779442"><ele>1181.307373</ele><time>2026-04-05T19:46:10.037Z</time></trkpt><trkpt lat="36.989899" lon="-111.779381"><ele>1181.466064</ele><time>2026-04-05T19:46:37.036Z</time></trkpt><trkpt lat="36.989952" lon="-111.778847"><ele>1186.05835</ele><time>2026-04-05T19:46:43.027Z</time></trkpt><trkpt lat="36.989944" lon="-111.778687"><ele>1189.103882</ele><time>2026-04-05T19:47:06.029Z</time></trkpt><trkpt lat="36.989838" lon="-111.778221"><ele>1193.373535</ele><time>2026-04-05T19:47:23.029Z</time></trkpt><trkpt lat="36.989651" lon="-111.778168"><ele>1196.799194</ele><time>2026-04-05T19:47:31.029Z</time></trkpt><trkpt lat="36.989574" lon="-111.777939"><ele>1198.374023</ele><time>2026-04-05T19:47:50.028Z</time></trkpt><trkpt lat="36.989323" lon="-111.777794"><ele>1188.070557</ele><time>2026-04-05T19:47:56.027Z</time></trkpt><trkpt lat="36.989277" lon="-111.777634"><ele>1189.00354</ele><time>2026-04-05T19:48:03.040Z</time></trkpt><trkpt lat="36.989033" lon="-111.777313"><ele>1187.413574</ele><time>2026-04-05T19:48:21.027Z</time></trkpt><trkpt lat="36.988777" lon="-111.777107"><ele>1180.296753</ele><time>2026-04-05T19:48:42.026Z</time></trkpt><trkpt lat="36.98848" lon="-111.777023"><ele>1180.241455</ele><time>2026-04-05T19:48:47.028Z</time></trkpt><trkpt lat="36.988377" lon="-111.776947"><ele>1179.428955</ele><time>2026-04-05T19:49:05.028Z</time></trkpt><trkpt lat="36.988316" lon="-111.77681"><ele>1179.413452</ele><time>2026-04-05T19:49:20.029Z</time></trkpt><trkpt lat="36.988201" lon="-111.776711"><ele>1179.953247</ele><time>2026-04-05T19:50:14.026Z</time></trkpt><trkpt lat="36.988213" lon="-111.776848"><ele>1180.224487</ele><time>2026-04-05T19:50:34.027Z</time></trkpt><trkpt lat="36.9879" lon="-111.776688"><ele>1177.739868</ele><time>2026-04-05T19:50:43.030Z</time></trkpt><trkpt lat="36.987419" lon="-111.776474"><ele>1181.314819</ele><time>2026-04-05T19:50:51.028Z</time></trkpt><trkpt lat="36.98724" lon="-111.776505"><ele>1184.881104</ele><time>2026-04-05T19:51:06.027Z</time></trkpt><trkpt lat="36.987015" lon="-111.776665"><ele>1182.23877</ele><time>2026-04-05T19:51:25.027Z</time></trkpt><trkpt lat="36.986935" lon="-111.776642"><ele>1182.261963</ele><time>2026-04-05T19:51:32.029Z</time></trkpt><trkpt lat="36.986668" lon="-111.776512"><ele>1188.379517</ele><time>2026-04-05T19:51:59.029Z</time></trkpt><trkpt lat="36.986557" lon="-111.776558"><ele>1188.668823</ele><time>2026-04-05T19:52:07.034Z</time></trkpt><trkpt lat="36.98634" lon="-111.777252"><ele>1179.161865</ele><time>2026-04-05T19:52:19.027Z</time></trkpt><trkpt lat="36.986237" lon="-111.777405"><ele>1179.938354</ele><time>2026-04-05T19:52:29.028Z</time></trkpt><trkpt lat="36.986164" lon="-111.777428"><ele>1181.213379</ele><time>2026-04-05T19:52:56.030Z</time></trkpt><trkpt lat="36.985981" lon="-111.777596"><ele>1180.925903</ele><time>2026-04-05T19:53:13.031Z</time></trkpt><trkpt lat="36.985798" lon="-111.777695"><ele>1182.572876</ele><time>2026-04-05T19:53:30.036Z</time></trkpt><trkpt lat="36.985611" lon="-111.777733"><ele>1182.944214</ele><time>2026-04-05T19:53:43.030Z</time></trkpt><trkpt lat="36.985409" lon="-111.777458"><ele>1178.275757</ele><time>2026-04-05T19:54:10.027Z</time></trkpt><trkpt lat="36.985424" lon="-111.77774"><ele>1180.100708</ele><time>2026-04-05T19:54:26.028Z</time></trkpt><trkpt lat="36.985332" lon="-111.777481"><ele>1179.131836</ele><time>2026-04-05T19:55:07.027Z</time></trkpt><trkpt lat="36.984898" lon="-111.777122"><ele>1185.715576</ele><time>2026-04-05T19:57:54.036Z</time></trkpt><trkpt lat="36.984528" lon="-111.776924"><ele>1187.7771</ele><time>2026-04-05T19:58:16.038Z</time></trkpt><trkpt lat="36.984371" lon="-111.776779"><ele>1189.748657</ele><time>2026-04-05T20:00:36.166Z</time></trkpt><trkpt lat="36.984283" lon="-111.776741"><ele>1190.11377</ele><time>2026-04-05T20:05:45.028Z</time></trkpt><trkpt lat="36.983891" lon="-111.776772"><ele>1191.466797</ele><time>2026-04-05T20:07:10.037Z</time></trkpt><trkpt lat="36.983288" lon="-111.776726"><ele>1203.869751</ele><time>2026-04-05T20:11:42.031Z</time></trkpt><trkpt lat="36.983219" lon="-111.776833"><ele>1204.03125</ele><time>2026-04-05T20:11:56.029Z</time></trkpt><trkpt lat="36.982864" lon="-111.77726"><ele>1188.369141</ele><time>2026-04-05T20:13:36.030Z</time></trkpt><trkpt lat="36.982723" lon="-111.777473"><ele>1187.912964</ele><time>2026-04-05T20:13:50.029Z</time></trkpt><trkpt lat="36.982666" lon="-111.777588"><ele>1188.700073</ele><time>2026-04-05T20:20:57.029Z</time></trkpt><trkpt lat="36.9827" lon="-111.777847"><ele>1177.131958</ele><time>2026-04-05T20:21:39.031Z</time></trkpt><trkpt lat="36.982712" lon="-111.77858"><ele>1172.908447</ele><time>2026-04-05T20:23:21.030Z</time></trkpt><trkpt lat="36.982788" lon="-111.778679"><ele>1169.233521</ele><time>2026-04-05T20:31:08.030Z</time></trkpt><trkpt lat="36.982609" lon="-111.779015"><ele>1183.968018</ele><time>2026-04-05T20:32:01.028Z</time></trkpt><trkpt lat="36.982304" lon="-111.779198"><ele>1174.716187</ele><time>2026-04-05T20:32:59.036Z</time></trkpt><trkpt lat="36.982109" lon="-111.779121"><ele>1166.366699</ele><time>2026-04-05T20:33:16.028Z</time></trkpt><trkpt lat="36.981853" lon="-111.779175"><ele>1165.743774</ele><time>2026-04-05T20:33:50.041Z</time></trkpt><trkpt lat="36.981438" lon="-111.779114"><ele>1170.544067</ele><time>2026-04-05T20:34:04.029Z</time></trkpt><trkpt lat="36.98138" lon="-111.779213"><ele>1168.755127</ele><time>2026-04-05T20:34:23.039Z</time></trkpt><trkpt lat="36.981216" lon="-111.779144"><ele>1169.133057</ele><time>2026-04-05T20:34:40.028Z</time></trkpt><trkpt lat="36.980892" lon="-111.779076"><ele>1172.915405</ele><time>2026-04-05T20:34:54.028Z</time></trkpt><trkpt lat="36.980289" lon="-111.779114"><ele>1163.636719</ele><time>2026-04-05T20:35:01.038Z</time></trkpt><trkpt lat="36.97998" lon="-111.778946"><ele>1163.003784</ele><time>2026-04-05T20:35:07.028Z</time></trkpt><trkpt lat="36.979725" lon="-111.778862"><ele>1164.468018</ele><time>2026-04-05T20:35:29.040Z</time></trkpt><trkpt lat="36.979511" lon="-111.778656"><ele>1171.086914</ele><time>2026-04-05T20:35:45.037Z</time></trkpt><trkpt lat="36.979408" lon="-111.778503"><ele>1167.418823</ele><time>2026-04-05T20:36:05.026Z</time></trkpt><trkpt lat="36.979336" lon="-111.77816"><ele>1167.302368</ele><time>2026-04-05T20:36:28.029Z</time></trkpt><trkpt lat="36.979446" lon="-111.777946"><ele>1162.667358</ele><time>2026-04-05T20:36:49.037Z</time></trkpt><trkpt lat="36.979523" lon="-111.777748"><ele>1163.236206</ele><time>2026-04-05T20:36:56.039Z</time></trkpt><trkpt lat="36.979557" lon="-111.777557"><ele>1164.714233</ele><time>2026-04-05T20:37:17.027Z</time></trkpt><trkpt lat="36.97963" lon="-111.777435"><ele>1167.325684</ele><time>2026-04-05T20:37:35.039Z</time></trkpt><trkpt lat="36.979618" lon="-111.777374"><ele>1167.019653</ele><time>2026-04-05T20:37:54.027Z</time></trkpt><trkpt lat="36.979622" lon="-111.7771"><ele>1168.242065</ele><time>2026-04-05T20:38:19.027Z</time></trkpt><trkpt lat="36.979553" lon="-111.776924"><ele>1165.35022</ele><time>2026-04-05T20:38:26.026Z</time></trkpt><trkpt lat="36.979691" lon="-111.776749"><ele>1167.096924</ele><time>2026-04-05T20:39:09.036Z</time></trkpt><trkpt lat="36.979649" lon="-111.77655"><ele>1165.872803</ele><time>2026-04-05T20:39:38.030Z</time></trkpt><trkpt lat="36.979668" lon="-111.776398"><ele>1166.450562</ele><time>2026-04-05T20:39:57.036Z</time></trkpt><trkpt lat="36.97966" lon="-111.77607"><ele>1173.70105</ele><time>2026-04-05T20:40:10.028Z</time></trkpt><trkpt lat="36.979614" lon="-111.775978"><ele>1173.722168</ele><time>2026-04-05T20:40:20.030Z</time></trkpt><trkpt lat="36.979477" lon="-111.775818"><ele>1171.991821</ele><time>2026-04-05T20:40:31.029Z</time></trkpt><trkpt lat="36.979385" lon="-111.775772"><ele>1167.132935</ele><time>2026-04-05T20:40:38.029Z</time></trkpt><trkpt lat="36.979397" lon="-111.775604"><ele>1165.775879</ele><time>2026-04-05T20:40:58.029Z</time></trkpt><trkpt lat="36.979382" lon="-111.775497"><ele>1165.779785</ele><time>2026-04-05T20:41:20.026Z</time></trkpt><trkpt lat="36.979286" lon="-111.775131"><ele>1170.883911</ele><time>2026-04-05T20:41:26.028Z</time></trkpt><trkpt lat="36.979076" lon="-111.774849"><ele>1165.511597</ele><time>2026-04-05T20:41:38.030Z</time></trkpt><trkpt lat="36.97908" lon="-111.774757"><ele>1166.157227</ele><time>2026-04-05T20:41:51.029Z</time></trkpt><trkpt lat="36.979034" lon="-111.774689"><ele>1165.498901</ele><time>2026-04-05T20:42:19.028Z</time></trkpt><trkpt lat="36.979008" lon="-111.774597"><ele>1166.648193</ele><time>2026-04-05T20:42:34.028Z</time></trkpt><trkpt lat="36.978649" lon="-111.774445"><ele>1162.874756</ele><time>2026-04-05T20:42:46.025Z</time></trkpt><trkpt lat="36.978474" lon="-111.774323"><ele>1163.236328</ele><time>2026-04-05T20:43:38.028Z</time></trkpt><trkpt lat="36.978279" lon="-111.774277"><ele>1162.281006</ele><time>2026-04-05T20:44:05.037Z</time></trkpt><trkpt lat="36.97818" lon="-111.774277"><ele>1163.997925</ele><time>2026-04-05T20:44:54.038Z</time></trkpt><trkpt lat="36.977802" lon="-111.773972"><ele>1163.676636</ele><time>2026-04-05T20:45:18.038Z</time></trkpt><trkpt lat="36.977581" lon="-111.773918"><ele>1162.119507</ele><time>2026-04-05T20:45:24.028Z</time></trkpt><trkpt lat="36.977303" lon="-111.773758"><ele>1162.85022</ele><time>2026-04-05T20:45:44.028Z</time></trkpt><trkpt lat="36.977127" lon="-111.773758"><ele>1161.47229</ele><time>2026-04-05T20:46:10.026Z</time></trkpt><trkpt lat="36.976852" lon="-111.773499"><ele>1163.003174</ele><time>2026-04-05T20:46:42.031Z</time></trkpt><trkpt lat="36.976681" lon="-111.773399"><ele>1165.931274</ele><time>2026-04-05T20:47:23.028Z</time></trkpt><trkpt lat="36.976498" lon="-111.773445"><ele>1166.669434</ele><time>2026-04-05T20:47:50.027Z</time></trkpt><trkpt lat="36.97641" lon="-111.77343"><ele>1166.22644</ele><time>2026-04-05T20:48:00.027Z</time></trkpt><trkpt lat="36.976097" lon="-111.773483"><ele>1167.642334</ele><time>2026-04-05T20:48:18.038Z</time></trkpt><trkpt lat="36.976006" lon="-111.773697"><ele>1168.150635</ele><time>2026-04-05T20:48:31.038Z</time></trkpt><trkpt lat="36.975876" lon="-111.773865"><ele>1165.65625</ele><time>2026-04-05T20:48:37.036Z</time></trkpt><trkpt lat="36.975822" lon="-111.773964"><ele>1161.003296</ele><time>2026-04-05T20:48:58.027Z</time></trkpt><trkpt lat="36.97567" lon="-111.774101"><ele>1164.488403</ele><time>2026-04-05T20:49:06.027Z</time></trkpt><trkpt lat="36.975605" lon="-111.774307"><ele>1163.992188</ele><time>2026-04-05T20:49:29.037Z</time></trkpt><trkpt lat="36.975601" lon="-111.774498"><ele>1160.802612</ele><time>2026-04-05T20:49:55.042Z</time></trkpt><trkpt lat="36.975559" lon="-111.774376"><ele>1163.032593</ele><time>2026-04-05T20:50:08.041Z</time></trkpt><trkpt lat="36.97543" lon="-111.774467"><ele>1162.240112</ele><time>2026-04-05T20:50:21.036Z</time></trkpt><trkpt lat="36.975338" lon="-111.774429"><ele>1162.834473</ele><time>2026-04-05T20:50:35.038Z</time></trkpt><trkpt lat="36.97517" lon="-111.77449"><ele>1162.139282</ele><time>2026-04-05T20:50:44.038Z</time></trkpt><trkpt lat="36.974934" lon="-111.774506"><ele>1165.301514</ele><time>2026-04-05T20:50:54.029Z</time></trkpt><trkpt lat="36.974686" lon="-111.77449"><ele>1163.948608</ele><time>2026-04-05T20:51:06.028Z</time></trkpt><trkpt lat="36.974628" lon="-111.774467"><ele>1164.694702</ele><time>2026-04-05T20:51:23.034Z</time></trkpt><trkpt lat="36.974491" lon="-111.774529"><ele>1163.939697</ele><time>2026-04-05T20:51:30.026Z</time></trkpt><trkpt lat="36.974617" lon="-111.77478"><ele>1163.224121</ele><time>2026-04-05T20:51:43.030Z</time></trkpt><trkpt lat="36.974503" lon="-111.774673"><ele>1163.152954</ele><time>2026-04-05T20:51:51.027Z</time></trkpt><trkpt lat="36.974449" lon="-111.774529"><ele>1163.813477</ele><time>2026-04-05T20:52:00.040Z</time></trkpt><trkpt lat="36.974503" lon="-111.774872"><ele>1162.987915</ele><time>2026-04-05T20:52:19.038Z</time></trkpt><trkpt lat="36.974373" lon="-111.774567"><ele>1167.060791</ele><time>2026-04-05T20:52:49.038Z</time></trkpt><trkpt lat="36.974358" lon="-111.774284"><ele>1166.575073</ele><time>2026-04-05T20:53:05.037Z</time></trkpt><trkpt lat="36.974224" lon="-111.77417"><ele>1165.442627</ele><time>2026-04-05T20:53:10.038Z</time></trkpt><trkpt lat="36.973564" lon="-111.774475"><ele>1181.480347</ele><time>2026-04-05T20:53:46.029Z</time></trkpt><trkpt lat="36.973423" lon="-111.774567"><ele>1178.455688</ele><time>2026-04-05T20:54:02.030Z</time></trkpt><trkpt lat="36.973206" lon="-111.774551"><ele>1180.983154</ele><time>2026-04-05T20:54:11.030Z</time></trkpt><trkpt lat="36.97311" lon="-111.774712"><ele>1180.053711</ele><time>2026-04-05T20:54:19.030Z</time></trkpt><trkpt lat="36.97303" lon="-111.774681"><ele>1174.270142</ele><time>2026-04-05T20:54:47.029Z</time></trkpt><trkpt lat="36.972958" lon="-111.774704"><ele>1174.46875</ele><time>2026-04-05T20:55:05.030Z</time></trkpt><trkpt lat="36.97266" lon="-111.775009"><ele>1163.349609</ele><time>2026-04-05T20:55:14.172Z</time></trkpt><trkpt lat="36.972511" lon="-111.775124"><ele>1162.186523</ele><time>2026-04-05T20:55:37.030Z</time></trkpt><trkpt lat="36.972355" lon="-111.775139"><ele>1162.837158</ele><time>2026-04-05T20:55:49.032Z</time></trkpt><trkpt lat="36.972282" lon="-111.7752"><ele>1162.476807</ele><time>2026-04-05T20:55:58.030Z</time></trkpt><trkpt lat="36.972107" lon="-111.77523"><ele>1162.915283</ele><time>2026-04-05T20:56:15.029Z</time></trkpt><trkpt lat="36.972088" lon="-111.775322"><ele>1162.230225</ele><time>2026-04-05T20:56:24.030Z</time></trkpt><trkpt lat="36.971977" lon="-111.775414"><ele>1164.625244</ele><time>2026-04-05T20:56:33.040Z</time></trkpt><trkpt lat="36.971558" lon="-111.775581"><ele>1165.898804</ele><time>2026-04-05T20:56:41.027Z</time></trkpt><trkpt lat="36.971497" lon="-111.775635"><ele>1165.75708</ele><time>2026-04-05T20:57:08.034Z</time></trkpt><trkpt lat="36.971249" lon="-111.775635"><ele>1170.979126</ele><time>2026-04-05T20:57:44.029Z</time></trkpt><trkpt lat="36.971073" lon="-111.775612"><ele>1172.081055</ele><time>2026-04-05T20:57:52.030Z</time></trkpt><trkpt lat="36.970772" lon="-111.775482"><ele>1167.518555</ele><time>2026-04-05T20:58:02.031Z</time></trkpt><trkpt lat="36.970722" lon="-111.775475"><ele>1167.474609</ele><time>2026-04-05T20:58:10.029Z</time></trkpt><trkpt lat="36.970684" lon="-111.775429"><ele>1167.666992</ele><time>2026-04-05T20:58:34.029Z</time></trkpt><trkpt lat="36.97052" lon="-111.775307"><ele>1166.868408</ele><time>2026-04-05T20:58:44.029Z</time></trkpt><trkpt lat="36.970413" lon="-111.775162"><ele>1165.922363</ele><time>2026-04-05T20:58:51.029Z</time></trkpt><trkpt lat="36.970371" lon="-111.774727"><ele>1162.77478</ele><time>2026-04-05T20:59:01.029Z</time></trkpt><trkpt lat="36.97039" lon="-111.774582"><ele>1163.162964</ele><time>2026-04-05T20:59:14.028Z</time></trkpt><trkpt lat="36.970394" lon="-111.774277"><ele>1167.115723</ele><time>2026-04-05T20:59:31.029Z</time></trkpt><trkpt lat="36.970299" lon="-111.774139"><ele>1166.181885</ele><time>2026-04-05T20:59:39.031Z</time></trkpt><trkpt lat="36.969963" lon="-111.77346"><ele>1162.130615</ele><time>2026-04-05T20:59:53.029Z</time></trkpt><trkpt lat="36.96986" lon="-111.773285"><ele>1164.376465</ele><time>2026-04-05T20:59:59.026Z</time></trkpt><trkpt lat="36.969803" lon="-111.773087"><ele>1163.958008</ele><time>2026-04-05T21:00:04.031Z</time></trkpt><trkpt lat="36.969734" lon="-111.77298"><ele>1161.791626</ele><time>2026-04-05T21:00:22.028Z</time></trkpt><trkpt lat="36.969673" lon="-111.772751"><ele>1163.104492</ele><time>2026-04-05T21:00:33.029Z</time></trkpt><trkpt lat="36.969563" lon="-111.772552"><ele>1162.821777</ele><time>2026-04-05T21:00:57.030Z</time></trkpt><trkpt lat="36.969532" lon="-111.772438"><ele>1162.327515</ele><time>2026-04-05T21:01:37.042Z</time></trkpt><trkpt lat="36.969536" lon="-111.772369"><ele>1162.270386</ele><time>2026-04-05T21:01:45.028Z</time></trkpt><trkpt lat="36.96946" lon="-111.772133"><ele>1162.622314</ele><time>2026-04-05T21:01:53.033Z</time></trkpt><trkpt lat="36.969471" lon="-111.771927"><ele>1161.71814</ele><time>2026-04-05T21:01:59.028Z</time></trkpt><trkpt lat="36.96944" lon="-111.771873"><ele>1162.42395</ele><time>2026-04-05T21:02:11.030Z</time></trkpt><trkpt lat="36.969326" lon="-111.77137"><ele>1165.996948</ele><time>2026-04-05T21:02:18.029Z</time></trkpt><trkpt lat="36.969315" lon="-111.771088"><ele>1163.271606</ele><time>2026-04-05T21:02:23.031Z</time></trkpt><trkpt lat="36.969326" lon="-111.771027"><ele>1163.500244</ele><time>2026-04-05T21:02:47.030Z</time></trkpt><trkpt lat="36.96944" lon="-111.770851"><ele>1162.002075</ele><time>2026-04-05T21:03:05.033Z</time></trkpt><trkpt lat="36.969528" lon="-111.770775"><ele>1162.596069</ele><time>2026-04-05T21:03:29.029Z</time></trkpt><trkpt lat="36.969643" lon="-111.770607"><ele>1162.930054</ele><time>2026-04-05T21:03:42.029Z</time></trkpt><trkpt lat="36.969795" lon="-111.770454"><ele>1162.535278</ele><time>2026-04-05T21:04:03.031Z</time></trkpt><trkpt lat="36.969814" lon="-111.770363"><ele>1162.411133</ele><time>2026-04-05T21:04:39.028Z</time></trkpt><trkpt lat="36.969772" lon="-111.770309"><ele>1162.937256</ele><time>2026-04-05T21:05:16.032Z</time></trkpt><trkpt lat="36.969799" lon="-111.770241"><ele>1161.59021</ele><time>2026-04-05T21:05:30.029Z</time></trkpt><trkpt lat="36.969955" lon="-111.769989"><ele>1162.186401</ele><time>2026-04-05T21:07:02.027Z</time></trkpt><trkpt lat="36.970066" lon="-111.769707"><ele>1160.792603</ele><time>2026-04-05T21:07:16.032Z</time></trkpt><trkpt lat="36.970016" lon="-111.769661"><ele>1161.139526</ele><time>2026-04-05T21:07:33.030Z</time></trkpt><trkpt lat="36.969948" lon="-111.769638"><ele>1160.836914</ele><time>2026-04-05T21:07:54.029Z</time></trkpt><trkpt lat="36.969757" lon="-111.769318"><ele>1162.487915</ele><time>2026-04-05T21:08:02.030Z</time></trkpt><trkpt lat="36.969601" lon="-111.769157"><ele>1161.927246</ele><time>2026-04-05T21:08:35.032Z</time></trkpt><trkpt lat="36.969543" lon="-111.769127"><ele>1162.148193</ele><time>2026-04-05T21:09:02.027Z</time></trkpt><trkpt lat="36.969593" lon="-111.769196"><ele>1161.59314</ele><time>2026-04-05T21:09:08.030Z</time></trkpt><trkpt lat="36.969643" lon="-111.769051"><ele>1161.933105</ele><time>2026-04-05T21:09:25.029Z</time></trkpt><trkpt lat="36.969608" lon="-111.769226"><ele>1162.277222</ele><time>2026-04-05T21:09:31.023Z</time></trkpt><trkpt lat="36.969414" lon="-111.768929"><ele>1157.001587</ele><time>2026-04-05T21:09:44.031Z</time></trkpt><trkpt lat="36.969246" lon="-111.768944"><ele>1155.502197</ele><time>2026-04-05T21:09:51.039Z</time></trkpt><trkpt lat="36.969055" lon="-111.768913"><ele>1153.82019</ele><time>2026-04-05T21:10:52.040Z</time></trkpt><trkpt lat="36.968925" lon="-111.768867"><ele>1160.076416</ele><time>2026-04-05T21:11:00.026Z</time></trkpt><trkpt lat="36.968819" lon="-111.768883"><ele>1160.955566</ele><time>2026-04-05T21:11:15.028Z</time></trkpt><trkpt lat="36.968697" lon="-111.768852"><ele>1160.379028</ele><time>2026-04-05T21:11:44.037Z</time></trkpt><trkpt lat="36.968605" lon="-111.768776"><ele>1160.964844</ele><time>2026-04-05T21:12:15.026Z</time></trkpt><trkpt lat="36.968552" lon="-111.768532"><ele>1163.214111</ele><time>2026-04-05T21:13:01.040Z</time></trkpt><trkpt lat="36.968632" lon="-111.768364"><ele>1166.620483</ele><time>2026-04-05T21:13:30.027Z</time></trkpt><trkpt lat="36.968719" lon="-111.76828"><ele>1166.380371</ele><time>2026-04-05T21:13:49.028Z</time></trkpt><trkpt lat="36.968868" lon="-111.768188"><ele>1165.486572</ele><time>2026-04-05T21:14:03.028Z</time></trkpt><trkpt lat="36.96904" lon="-111.768021"><ele>1163.988525</ele><time>2026-04-05T21:14:12.028Z</time></trkpt><trkpt lat="36.969124" lon="-111.767891"><ele>1161.281372</ele><time>2026-04-05T21:14:26.029Z</time></trkpt><trkpt lat="36.969261" lon="-111.767746"><ele>1163.486938</ele><time>2026-04-05T21:15:21.024Z</time></trkpt><trkpt lat="36.969513" lon="-111.767426"><ele>1161.505005</ele><time>2026-04-05T21:15:25.028Z</time></trkpt><trkpt lat="36.969757" lon="-111.767181"><ele>1164.600098</ele><time>2026-04-05T21:15:53.030Z</time></trkpt><trkpt lat="36.969795" lon="-111.767166"><ele>1166.406494</ele><time>2026-04-05T21:16:13.027Z</time></trkpt><trkpt lat="36.970032" lon="-111.767189"><ele>1168.437988</ele><time>2026-04-05T21:16:14.029Z</time></trkpt><trkpt lat="36.970718" lon="-111.767578"><ele>1158.204834</ele><time>2026-04-05T21:16:19.027Z</time></trkpt><trkpt lat="36.971046" lon="-111.76767"><ele>1160.016602</ele><time>2026-04-05T21:16:32.027Z</time></trkpt><trkpt lat="36.971203" lon="-111.767754"><ele>1160.783081</ele><time>2026-04-05T21:16:45.028Z</time></trkpt><trkpt lat="36.971428" lon="-111.767807"><ele>1159.061523</ele><time>2026-04-05T21:16:55.031Z</time></trkpt><trkpt lat="36.971676" lon="-111.767693"><ele>1163.030151</ele><time>2026-04-05T21:17:18.032Z</time></trkpt><trkpt lat="36.971821" lon="-111.767548"><ele>1158.869751</ele><time>2026-04-05T21:17:26.028Z</time></trkpt><trkpt lat="36.971817" lon="-111.767395"><ele>1173.329102</ele><time>2026-04-05T21:17:33.028Z</time></trkpt><trkpt lat="36.971851" lon="-111.767128"><ele>1178.137085</ele><time>2026-04-05T21:17:53.032Z</time></trkpt><trkpt lat="36.971779" lon="-111.766869"><ele>1174.24231</ele><time>2026-04-05T21:18:04.034Z</time></trkpt><trkpt lat="36.971752" lon="-111.766838"><ele>1168.427979</ele><time>2026-04-05T21:18:15.030Z</time></trkpt><trkpt lat="36.971642" lon="-111.766434"><ele>1159.839478</ele><time>2026-04-05T21:18:45.029Z</time></trkpt><trkpt lat="36.971581" lon="-111.766373"><ele>1160.209473</ele><time>2026-04-05T21:18:53.029Z</time></trkpt><trkpt lat="36.971516" lon="-111.766266"><ele>1158.769409</ele><time>2026-04-05T21:19:14.029Z</time></trkpt><trkpt lat="36.971359" lon="-111.765961"><ele>1158.213989</ele><time>2026-04-05T21:19:26.029Z</time></trkpt><trkpt lat="36.971279" lon="-111.765877"><ele>1158.373657</ele><time>2026-04-05T21:19:37.028Z</time></trkpt><trkpt lat="36.971043" lon="-111.765556"><ele>1159.656006</ele><time>2026-04-05T21:19:49.032Z</time></trkpt><trkpt lat="36.970932" lon="-111.765457"><ele>1158.575073</ele><time>2026-04-05T21:19:54.038Z</time></trkpt><trkpt lat="36.97086" lon="-111.76532"><ele>1159.796875</ele><time>2026-04-05T21:20:20.028Z</time></trkpt><trkpt lat="36.970692" lon="-111.765182"><ele>1159.242676</ele><time>2026-04-05T21:20:42.029Z</time></trkpt><trkpt lat="36.970589" lon="-111.765068"><ele>1160.635376</ele><time>2026-04-05T21:21:27.032Z</time></trkpt><trkpt lat="36.970463" lon="-111.764862"><ele>1162.979858</ele><time>2026-04-05T21:22:54.038Z</time></trkpt><trkpt lat="36.970455" lon="-111.764587"><ele>1168.985474</ele><time>2026-04-05T21:23:46.038Z</time></trkpt><trkpt lat="36.970585" lon="-111.764481"><ele>1166.285767</ele><time>2026-04-05T21:24:22.029Z</time></trkpt><trkpt lat="36.970615" lon="-111.76442"><ele>1167.864624</ele><time>2026-04-05T21:25:02.030Z</time></trkpt><trkpt lat="36.970745" lon="-111.764343"><ele>1166.214233</ele><time>2026-04-05T21:25:40.028Z</time></trkpt><trkpt lat="36.970848" lon="-111.764305"><ele>1167.564819</ele><time>2026-04-05T21:25:57.027Z</time></trkpt><trkpt lat="36.970898" lon="-111.76432"><ele>1167.51123</ele><time>2026-04-05T21:26:18.037Z</time></trkpt><trkpt lat="36.971157" lon="-111.764511"><ele>1159.616211</ele><time>2026-04-05T21:26:36.036Z</time></trkpt><trkpt lat="36.971245" lon="-111.764549"><ele>1161.662109</ele><time>2026-04-05T21:26:41.037Z</time></trkpt><trkpt lat="36.971542" lon="-111.76461"><ele>1159.90979</ele><time>2026-04-05T21:26:48.039Z</time></trkpt><trkpt lat="36.971741" lon="-111.764473"><ele>1157.14856</ele><time>2026-04-05T21:27:07.036Z</time></trkpt><trkpt lat="36.971897" lon="-111.764343"><ele>1159.545654</ele><time>2026-04-05T21:27:56.040Z</time></trkpt><trkpt lat="36.972118" lon="-111.764198"><ele>1158.477783</ele><time>2026-04-05T21:28:48.027Z</time></trkpt><trkpt lat="36.972267" lon="-111.763992"><ele>1157.728882</ele><time>2026-04-05T21:28:55.026Z</time></trkpt><trkpt lat="36.972385" lon="-111.763664"><ele>1166.450195</ele><time>2026-04-05T21:29:00.028Z</time></trkpt><trkpt lat="36.972309" lon="-111.763214"><ele>1160.880615</ele><time>2026-04-05T21:29:21.038Z</time></trkpt><trkpt lat="36.972324" lon="-111.76313"><ele>1156.454956</ele><time>2026-04-05T21:29:46.036Z</time></trkpt><trkpt lat="36.972244" lon="-111.763077"><ele>1156.857178</ele><time>2026-04-05T21:29:50.038Z</time></trkpt><trkpt lat="36.972313" lon="-111.762939"><ele>1146.790771</ele><time>2026-04-05T21:29:57.034Z</time></trkpt><trkpt lat="36.971992" lon="-111.762932"><ele>1154.21875</ele><time>2026-04-05T21:30:05.036Z</time></trkpt><trkpt lat="36.97184" lon="-111.762978"><ele>1166.543945</ele><time>2026-04-05T21:30:17.037Z</time></trkpt><trkpt lat="36.971588" lon="-111.762932"><ele>1158.328247</ele><time>2026-04-05T21:30:25.027Z</time></trkpt><trkpt lat="36.971531" lon="-111.762825"><ele>1157.482056</ele><time>2026-04-05T21:30:50.036Z</time></trkpt><trkpt lat="36.971268" lon="-111.762825"><ele>1154.877319</ele><time>2026-04-05T21:31:01.029Z</time></trkpt><trkpt lat="36.970684" lon="-111.762596"><ele>1161.332031</ele><time>2026-04-05T21:31:24.037Z</time></trkpt><trkpt lat="36.970295" lon="-111.762268"><ele>1164.422363</ele><time>2026-04-05T21:31:31.028Z</time></trkpt><trkpt lat="36.970234" lon="-111.762192"><ele>1164.258179</ele><time>2026-04-05T21:31:39.029Z</time></trkpt><trkpt lat="36.969856" lon="-111.761559"><ele>1157.895996</ele><time>2026-04-05T21:31:52.037Z</time></trkpt><trkpt lat="36.969654" lon="-111.761086"><ele>1153.608521</ele><time>2026-04-05T21:32:16.038Z</time></trkpt><trkpt lat="36.969658" lon="-111.761055"><ele>1154.897583</ele><time>2026-04-05T21:32:20.030Z</time></trkpt><trkpt lat="36.96954" lon="-111.760849"><ele>1153.241699</ele><time>2026-04-05T21:32:25.038Z</time></trkpt><trkpt lat="36.96909" lon="-111.760269"><ele>1154.253418</ele><time>2026-04-05T21:32:30.036Z</time></trkpt><trkpt lat="36.969051" lon="-111.760246"><ele>1154.124023</ele><time>2026-04-05T21:32:38.037Z</time></trkpt><trkpt lat="36.968967" lon="-111.760132"><ele>1155.762207</ele><time>2026-04-05T21:32:47.026Z</time></trkpt><trkpt lat="36.968842" lon="-111.760071"><ele>1153.61792</ele><time>2026-04-05T21:32:59.038Z</time></trkpt><trkpt lat="36.968651" lon="-111.759888"><ele>1154.144043</ele><time>2026-04-05T21:36:05.028Z</time></trkpt><trkpt lat="36.968555" lon="-111.759834"><ele>1152.670776</ele><time>2026-04-05T21:36:41.040Z</time></trkpt><trkpt lat="36.968525" lon="-111.759773"><ele>1154.537109</ele><time>2026-04-05T21:36:49.036Z</time></trkpt><trkpt lat="36.968357" lon="-111.759705"><ele>1153.133179</ele><time>2026-04-05T21:36:54.034Z</time></trkpt><trkpt lat="36.968327" lon="-111.759666"><ele>1153.517334</ele><time>2026-04-05T21:37:00.036Z</time></trkpt><trkpt lat="36.968124" lon="-111.75959"><ele>1155.512329</ele><time>2026-04-05T21:37:31.038Z</time></trkpt><trkpt lat="36.968086" lon="-111.75959"><ele>1154.978516</ele><time>2026-04-05T21:37:43.032Z</time></trkpt><trkpt lat="36.967888" lon="-111.759438"><ele>1155.744019</ele><time>2026-04-05T21:37:56.037Z</time></trkpt><trkpt lat="36.967651" lon="-111.759338"><ele>1160.960815</ele><time>2026-04-05T21:38:07.039Z</time></trkpt><trkpt lat="36.967598" lon="-111.759285"><ele>1161.585083</ele><time>2026-04-05T21:38:33.037Z</time></trkpt><trkpt lat="36.967205" lon="-111.759033"><ele>1163.399048</ele><time>2026-04-05T21:38:59.038Z</time></trkpt><trkpt lat="36.967026" lon="-111.758873"><ele>1165.329102</ele><time>2026-04-05T21:39:28.038Z</time></trkpt><trkpt lat="36.966805" lon="-111.758545"><ele>1161.350342</ele><time>2026-04-05T21:39:44.037Z</time></trkpt><trkpt lat="36.966743" lon="-111.758492"><ele>1161.068726</ele><time>2026-04-05T21:39:59.039Z</time></trkpt><trkpt lat="36.966675" lon="-111.758072"><ele>1152.839478</ele><time>2026-04-05T21:40:05.038Z</time></trkpt><trkpt lat="36.966675" lon="-111.757919"><ele>1153.162476</ele><time>2026-04-05T21:40:18.032Z</time></trkpt><trkpt lat="36.966549" lon="-111.757835"><ele>1154.460815</ele><time>2026-04-05T21:40:33.037Z</time></trkpt><trkpt lat="36.966351" lon="-111.757614"><ele>1151.914185</ele><time>2026-04-05T21:40:38.037Z</time></trkpt><trkpt lat="36.965969" lon="-111.757355"><ele>1155.525269</ele><time>2026-04-05T21:40:49.027Z</time></trkpt><trkpt lat="36.965843" lon="-111.757133"><ele>1152.961548</ele><time>2026-04-05T21:40:55.038Z</time></trkpt><trkpt lat="36.965729" lon="-111.756981"><ele>1152.387207</ele><time>2026-04-05T21:41:03.034Z</time></trkpt><trkpt lat="36.965687" lon="-111.756889"><ele>1151.94397</ele><time>2026-04-05T21:41:58.027Z</time></trkpt><trkpt lat="36.965599" lon="-111.756844"><ele>1152.915405</ele><time>2026-04-05T21:42:25.036Z</time></trkpt><trkpt lat="36.965214" lon="-111.756523"><ele>1152.029419</ele><time>2026-04-05T21:43:08.027Z</time></trkpt><trkpt lat="36.964954" lon="-111.756592"><ele>1160.937012</ele><time>2026-04-05T21:43:18.025Z</time></trkpt><trkpt lat="36.964851" lon="-111.756836"><ele>1158.821411</ele><time>2026-04-05T21:43:24.036Z</time></trkpt><trkpt lat="36.964859" lon="-111.757065"><ele>1155.035034</ele><time>2026-04-05T21:43:44.031Z</time></trkpt><trkpt lat="36.964813" lon="-111.757278"><ele>1154.732666</ele><time>2026-04-05T21:43:54.036Z</time></trkpt><trkpt lat="36.964821" lon="-111.757416"><ele>1154.791626</ele><time>2026-04-05T21:44:16.027Z</time></trkpt><trkpt lat="36.964806" lon="-111.7575"><ele>1154.517334</ele><time>2026-04-05T21:44:39.037Z</time></trkpt><trkpt lat="36.96484" lon="-111.75766"><ele>1155.992432</ele><time>2026-04-05T21:44:45.029Z</time></trkpt><trkpt lat="36.964867" lon="-111.757713"><ele>1155.078369</ele><time>2026-04-05T21:44:52.037Z</time></trkpt><trkpt lat="36.964855" lon="-111.757835"><ele>1157.087036</ele><time>2026-04-05T21:44:57.034Z</time></trkpt><trkpt lat="36.96489" lon="-111.758003"><ele>1154.063477</ele><time>2026-04-05T21:45:11.036Z</time></trkpt><trkpt lat="36.964901" lon="-111.758194"><ele>1152.991577</ele><time>2026-04-05T21:45:51.036Z</time></trkpt><trkpt lat="36.964848" lon="-111.758255"><ele>1153.080688</ele><time>2026-04-05T21:46:42.031Z</time></trkpt><trkpt lat="36.964802" lon="-111.758354"><ele>1152.299072</ele><time>2026-04-05T21:46:45.037Z</time></trkpt><trkpt lat="36.964767" lon="-111.758385"><ele>1152.399414</ele><time>2026-04-05T21:47:42.037Z</time></trkpt><trkpt lat="36.964821" lon="-111.758278"><ele>1152.377319</ele><time>2026-04-05T21:48:11.037Z</time></trkpt><trkpt lat="36.96489" lon="-111.758224"><ele>1151.88147</ele><time>2026-04-05T21:48:14.036Z</time></trkpt><trkpt lat="36.964878" lon="-111.757507"><ele>1157.550415</ele><time>2026-04-05T21:53:31.037Z</time></trkpt><trkpt lat="36.964905" lon="-111.757339"><ele>1158.514893</ele><time>2026-04-05T21:58:31.038Z</time></trkpt><trkpt lat="36.964901" lon="-111.757278"><ele>1158.147095</ele><time>2026-04-05T22:01:39.039Z</time></trkpt><trkpt lat="36.964928" lon="-111.757217"><ele>1158.389771</ele><time>2026-04-05T22:02:07.039Z</time></trkpt><trkpt lat="36.964905" lon="-111.756889"><ele>1153.905396</ele><time>2026-04-05T22:02:15.042Z</time></trkpt><trkpt lat="36.96492" lon="-111.756599"><ele>1160.123901</ele><time>2026-04-05T22:02:46.030Z</time></trkpt><trkpt lat="36.964947" lon="-111.756523"><ele>1159.434326</ele><time>2026-04-05T22:07:06.037Z</time></trkpt><trkpt lat="36.964996" lon="-111.756462"><ele>1159.830811</ele><time>2026-04-05T22:07:15.038Z</time></trkpt><trkpt lat="36.96521" lon="-111.756409"><ele>1159.420654</ele><time>2026-04-05T22:07:19.037Z</time></trkpt><trkpt lat="36.965504" lon="-111.756516"><ele>1152.108276</ele><time>2026-04-05T22:07:28.037Z</time></trkpt><trkpt lat="36.965599" lon="-111.756432"><ele>1153.739624</ele><time>2026-04-05T22:07:39.034Z</time></trkpt><trkpt lat="36.965401" lon="-111.756592"><ele>1150.317017</ele><time>2026-04-05T22:07:43.032Z</time></trkpt><trkpt lat="36.965332" lon="-111.756378"><ele>1154.398926</ele><time>2026-04-05T22:07:56.039Z</time></trkpt><trkpt lat="36.964821" lon="-111.756592"><ele>1162.454956</ele><time>2026-04-05T22:08:05.036Z</time></trkpt><trkpt lat="36.964771" lon="-111.756714"><ele>1162.308838</ele><time>2026-04-05T22:08:19.026Z</time></trkpt><trkpt lat="36.964703" lon="-111.756966"><ele>1160.890991</ele><time>2026-04-05T22:08:35.027Z</time></trkpt><trkpt lat="36.964729" lon="-111.757362"><ele>1153.064209</ele><time>2026-04-05T22:08:43.034Z</time></trkpt><trkpt lat="36.964901" lon="-111.757767"><ele>1158.962158</ele><time>2026-04-05T22:09:37.039Z</time></trkpt><trkpt lat="36.964897" lon="-111.75824"><ele>1152.650269</ele><time>2026-04-05T22:09:56.025Z</time></trkpt><trkpt lat="36.964825" lon="-111.758247"><ele>1153.31665</ele><time>2026-04-05T22:10:03.027Z</time></trkpt><trkpt lat="36.964748" lon="-111.758415"><ele>1152.15625</ele><time>2026-04-05T22:10:38.037Z</time></trkpt><trkpt lat="36.96476" lon="-111.758598"><ele>1153.474487</ele><time>2026-04-05T22:10:52.030Z</time></trkpt><trkpt lat="36.964752" lon="-111.759003"><ele>1160.740723</ele><time>2026-04-05T22:11:10.042Z</time></trkpt><trkpt lat="36.964798" lon="-111.759323"><ele>1153.776489</ele><time>2026-04-05T22:11:25.033Z</time></trkpt><trkpt lat="36.964783" lon="-111.759476"><ele>1153.401489</ele><time>2026-04-05T22:11:56.028Z</time></trkpt><trkpt lat="36.964733" lon="-111.759537"><ele>1152.209839</ele><time>2026-04-05T22:12:07.028Z</time></trkpt><trkpt lat="36.964638" lon="-111.759613"><ele>1154.230225</ele><time>2026-04-05T22:12:11.029Z</time></trkpt><trkpt lat="36.964523" lon="-111.759682"><ele>1153.503784</ele><time>2026-04-05T22:12:16.026Z</time></trkpt><trkpt lat="36.964382" lon="-111.759644"><ele>1156.296997</ele><time>2026-04-05T22:12:22.028Z</time></trkpt><trkpt lat="36.964291" lon="-111.759697"><ele>1155.396118</ele><time>2026-04-05T22:12:35.039Z</time></trkpt><trkpt lat="36.963974" lon="-111.759552"><ele>1154.210693</ele><time>2026-04-05T22:12:48.029Z</time></trkpt><trkpt lat="36.963963" lon="-111.759521"><ele>1154.62207</ele><time>2026-04-05T22:12:59.028Z</time></trkpt><trkpt lat="36.963928" lon="-111.759521"><ele>1154.469604</ele><time>2026-04-05T22:13:17.034Z</time></trkpt><trkpt lat="36.96381" lon="-111.759415"><ele>1154.151978</ele><time>2026-04-05T22:13:41.027Z</time></trkpt><trkpt lat="36.963715" lon="-111.759361"><ele>1155.174316</ele><time>2026-04-05T22:14:03.041Z</time></trkpt><trkpt lat="36.963631" lon="-111.759338"><ele>1153.780762</ele><time>2026-04-05T22:14:11.037Z</time></trkpt><trkpt lat="36.963444" lon="-111.759071"><ele>1152.789185</ele><time>2026-04-05T22:14:52.030Z</time></trkpt><trkpt lat="36.963287" lon="-111.758896"><ele>1156.452515</ele><time>2026-04-05T22:15:00.026Z</time></trkpt><trkpt lat="36.963196" lon="-111.758827"><ele>1153.513672</ele><time>2026-04-05T22:15:33.029Z</time></trkpt><trkpt lat="36.963047" lon="-111.758621"><ele>1156.263062</ele><time>2026-04-05T22:15:37.030Z</time></trkpt><trkpt lat="36.962971" lon="-111.758636"><ele>1156.151001</ele><time>2026-04-05T22:15:56.028Z</time></trkpt><trkpt lat="36.962837" lon="-111.758553"><ele>1151.987915</ele><time>2026-04-05T22:16:05.026Z</time></trkpt><trkpt lat="36.962635" lon="-111.758369"><ele>1153.996948</ele><time>2026-04-05T22:16:18.028Z</time></trkpt><trkpt lat="36.962444" lon="-111.758278"><ele>1153.198608</ele><time>2026-04-05T22:16:39.029Z</time></trkpt><trkpt lat="36.962082" lon="-111.75827"><ele>1156.248413</ele><time>2026-04-05T22:17:01.028Z</time></trkpt><trkpt lat="36.961834" lon="-111.758392"><ele>1153.7052</ele><time>2026-04-05T22:17:06.028Z</time></trkpt><trkpt lat="36.961781" lon="-111.7584"><ele>1153.920898</ele><time>2026-04-05T22:17:10.029Z</time></trkpt><trkpt lat="36.961571" lon="-111.758583"><ele>1149.419678</ele><time>2026-04-05T22:17:18.029Z</time></trkpt><trkpt lat="36.961479" lon="-111.75872"><ele>1149.280151</ele><time>2026-04-05T22:17:30.028Z</time></trkpt><trkpt lat="36.961433" lon="-111.758827"><ele>1149.179443</ele><time>2026-04-05T22:17:35.030Z</time></trkpt><trkpt lat="36.961346" lon="-111.758842"><ele>1147.817383</ele><time>2026-04-05T22:17:40.030Z</time></trkpt><trkpt lat="36.96122" lon="-111.758896"><ele>1148.145874</ele><time>2026-04-05T22:17:44.038Z</time></trkpt><trkpt lat="36.961185" lon="-111.758934"><ele>1148.008911</ele><time>2026-04-05T22:17:52.030Z</time></trkpt><trkpt lat="36.960995" lon="-111.758789"><ele>1148.348511</ele><time>2026-04-05T22:17:57.029Z</time></trkpt><trkpt lat="36.960949" lon="-111.758682"><ele>1147.591675</ele><time>2026-04-05T22:18:19.029Z</time></trkpt><trkpt lat="36.960911" lon="-111.758377"><ele>1149.729126</ele><time>2026-04-05T22:18:33.030Z</time></trkpt><trkpt lat="36.960842" lon="-111.758202"><ele>1148.110107</ele><time>2026-04-05T22:19:05.030Z</time></trkpt><trkpt lat="36.960846" lon="-111.758133"><ele>1148.5177</ele><time>2026-04-05T22:20:05.032Z</time></trkpt><trkpt lat="36.960808" lon="-111.758026"><ele>1146.1875</ele><time>2026-04-05T22:20:59.030Z</time></trkpt><trkpt lat="36.960785" lon="-111.757797"><ele>1148.970215</ele><time>2026-04-05T22:21:04.027Z</time></trkpt><trkpt lat="36.960899" lon="-111.75769"><ele>1146.069702</ele><time>2026-04-05T22:21:10.033Z</time></trkpt><trkpt lat="36.961029" lon="-111.757454"><ele>1149.306763</ele><time>2026-04-05T22:21:16.028Z</time></trkpt><trkpt lat="36.961353" lon="-111.757095"><ele>1146.574097</ele><time>2026-04-05T22:21:23.034Z</time></trkpt><trkpt lat="36.961468" lon="-111.757042"><ele>1147.870361</ele><time>2026-04-05T22:21:31.028Z</time></trkpt><trkpt lat="36.96159" lon="-111.75692"><ele>1146.074829</ele><time>2026-04-05T22:21:34.029Z</time></trkpt><trkpt lat="36.961647" lon="-111.756912"><ele>1146.908081</ele><time>2026-04-05T22:22:05.029Z</time></trkpt><trkpt lat="36.961678" lon="-111.756882"><ele>1146.279175</ele><time>2026-04-05T22:23:03.041Z</time></trkpt><trkpt lat="36.961929" lon="-111.756798"><ele>1149.802246</ele><time>2026-04-05T22:23:14.028Z</time></trkpt><trkpt lat="36.962105" lon="-111.756752"><ele>1149.506958</ele><time>2026-04-05T22:23:48.027Z</time></trkpt><trkpt lat="36.962265" lon="-111.75676"><ele>1149.566406</ele><time>2026-04-05T22:24:03.027Z</time></trkpt><trkpt lat="36.962723" lon="-111.756645"><ele>1144.237915</ele><time>2026-04-05T22:24:22.027Z</time></trkpt><trkpt lat="36.962894" lon="-111.756546"><ele>1146.049561</ele><time>2026-04-05T22:24:53.028Z</time></trkpt><trkpt lat="36.963028" lon="-111.756317"><ele>1145.901001</ele><time>2026-04-05T22:25:04.033Z</time></trkpt><trkpt lat="36.963226" lon="-111.755898"><ele>1148.847168</ele><time>2026-04-05T22:25:31.032Z</time></trkpt><trkpt lat="36.963249" lon="-111.755829"><ele>1151.188965</ele><time>2026-04-05T22:25:37.031Z</time></trkpt><trkpt lat="36.963264" lon="-111.755531"><ele>1147.682739</ele><time>2026-04-05T22:26:00.042Z</time></trkpt><trkpt lat="36.963173" lon="-111.755341"><ele>1148.530151</ele><time>2026-04-05T22:26:07.030Z</time></trkpt><trkpt lat="36.962997" lon="-111.755173"><ele>1145.530151</ele><time>2026-04-05T22:26:21.029Z</time></trkpt><trkpt lat="36.962872" lon="-111.755089"><ele>1145.435059</ele><time>2026-04-05T22:26:31.030Z</time></trkpt><trkpt lat="36.962833" lon="-111.75499"><ele>1144.807007</ele><time>2026-04-05T22:26:39.028Z</time></trkpt><trkpt lat="36.962791" lon="-111.754982"><ele>1143.535156</ele><time>2026-04-05T22:26:50.027Z</time></trkpt><trkpt lat="36.962738" lon="-111.754913"><ele>1145.515869</ele><time>2026-04-05T22:27:04.029Z</time></trkpt><trkpt lat="36.962566" lon="-111.754753"><ele>1144.390259</ele><time>2026-04-05T22:27:18.030Z</time></trkpt><trkpt lat="36.962486" lon="-111.754753"><ele>1144.543091</ele><time>2026-04-05T22:27:44.028Z</time></trkpt><trkpt lat="36.962452" lon="-111.754776"><ele>1146.385864</ele><time>2026-04-05T22:27:53.030Z</time></trkpt><trkpt lat="36.962357" lon="-111.75473"><ele>1145.414307</ele><time>2026-04-05T22:28:02.031Z</time></trkpt><trkpt lat="36.962109" lon="-111.75441"><ele>1145.924194</ele><time>2026-04-05T22:28:09.031Z</time></trkpt><trkpt lat="36.962055" lon="-111.754303"><ele>1148.057373</ele><time>2026-04-05T22:28:22.031Z</time></trkpt><trkpt lat="36.961948" lon="-111.754158"><ele>1144.208862</ele><time>2026-04-05T22:28:45.030Z</time></trkpt><trkpt lat="36.961842" lon="-111.753937"><ele>1146.343018</ele><time>2026-04-05T22:29:16.026Z</time></trkpt><trkpt lat="36.961742" lon="-111.753815"><ele>1146.881104</ele><time>2026-04-05T22:29:25.030Z</time></trkpt><trkpt lat="36.961723" lon="-111.753716"><ele>1145.320801</ele><time>2026-04-05T22:29:40.028Z</time></trkpt><trkpt lat="36.9617" lon="-111.753677"><ele>1145.550171</ele><time>2026-04-05T22:29:50.028Z</time></trkpt><trkpt lat="36.961632" lon="-111.753593"><ele>1145.381348</ele><time>2026-04-05T22:30:41.031Z</time></trkpt><trkpt lat="36.961514" lon="-111.753563"><ele>1148.232544</ele><time>2026-04-05T22:30:55.037Z</time></trkpt><trkpt lat="36.961494" lon="-111.753448"><ele>1146.172241</ele><time>2026-04-05T22:31:02.027Z</time></trkpt><trkpt lat="36.961369" lon="-111.753151"><ele>1144.755249</ele><time>2026-04-05T22:31:10.029Z</time></trkpt><trkpt lat="36.961227" lon="-111.752998"><ele>1150.122437</ele><time>2026-04-05T22:31:24.029Z</time></trkpt><trkpt lat="36.961182" lon="-111.752983"><ele>1149.059692</ele><time>2026-04-05T22:31:43.028Z</time></trkpt><trkpt lat="36.961094" lon="-111.752716"><ele>1146.879883</ele><time>2026-04-05T22:31:49.030Z</time></trkpt><trkpt lat="36.960991" lon="-111.752525"><ele>1150.526611</ele><time>2026-04-05T22:31:55.032Z</time></trkpt><trkpt lat="36.960831" lon="-111.752419"><ele>1147.505371</ele><time>2026-04-05T22:32:00.028Z</time></trkpt><trkpt lat="36.960629" lon="-111.752251"><ele>1148.767578</ele><time>2026-04-05T22:32:25.031Z</time></trkpt><trkpt lat="36.960472" lon="-111.752228"><ele>1146.122559</ele><time>2026-04-05T22:33:53.029Z</time></trkpt><trkpt lat="36.960354" lon="-111.752251"><ele>1145.647217</ele><time>2026-04-05T22:34:05.027Z</time></trkpt><trkpt lat="36.960243" lon="-111.752251"><ele>1146.479492</ele><time>2026-04-05T22:34:48.028Z</time></trkpt><trkpt lat="36.959496" lon="-111.75248"><ele>1144.223633</ele><time>2026-04-05T22:35:28.028Z</time></trkpt><trkpt lat="36.959461" lon="-111.752373"><ele>1147.026733</ele><time>2026-04-05T22:35:40.030Z</time></trkpt><trkpt lat="36.959404" lon="-111.752396"><ele>1147.774292</ele><time>2026-04-05T22:35:47.028Z</time></trkpt><trkpt lat="36.959373" lon="-111.752434"><ele>1146.948853</ele><time>2026-04-05T22:35:53.029Z</time></trkpt><trkpt lat="36.959133" lon="-111.752274"><ele>1151.779663</ele><time>2026-04-05T22:35:59.028Z</time></trkpt><trkpt lat="36.958828" lon="-111.751953"><ele>1146.567627</ele><time>2026-04-05T22:36:14.032Z</time></trkpt><trkpt lat="36.958828" lon="-111.751892"><ele>1147.615601</ele><time>2026-04-05T22:36:22.039Z</time></trkpt><trkpt lat="36.95874" lon="-111.751602"><ele>1147.253418</ele><time>2026-04-05T22:36:29.040Z</time></trkpt><trkpt lat="36.958775" lon="-111.751556"><ele>1146.618896</ele><time>2026-04-05T22:37:33.037Z</time></trkpt><trkpt lat="36.958755" lon="-111.751373"><ele>1147.423218</ele><time>2026-04-05T22:37:38.038Z</time></trkpt><trkpt lat="36.958759" lon="-111.751076"><ele>1145.31897</ele><time>2026-04-05T22:38:10.034Z</time></trkpt><trkpt lat="36.958782" lon="-111.750984"><ele>1147.325928</ele><time>2026-04-05T22:38:23.040Z</time></trkpt><trkpt lat="36.958744" lon="-111.750839"><ele>1144.765015</ele><time>2026-04-05T22:38:36.038Z</time></trkpt><trkpt lat="36.958794" lon="-111.750755"><ele>1146.703979</ele><time>2026-04-05T22:38:41.030Z</time></trkpt><trkpt lat="36.958805" lon="-111.750595"><ele>1146.406372</ele><time>2026-04-05T22:39:10.029Z</time></trkpt><trkpt lat="36.958847" lon="-111.750587"><ele>1145.41394</ele><time>2026-04-05T22:39:49.029Z</time></trkpt><trkpt lat="36.958878" lon="-111.750427"><ele>1145.739014</ele><time>2026-04-05T22:40:06.030Z</time></trkpt><trkpt lat="36.958851" lon="-111.750275"><ele>1144.3479</ele><time>2026-04-05T22:40:16.039Z</time></trkpt><trkpt lat="36.958927" lon="-111.750023"><ele>1142.848877</ele><time>2026-04-05T22:41:03.041Z</time></trkpt><trkpt lat="36.958981" lon="-111.749985"><ele>1142.581299</ele><time>2026-04-05T22:41:35.026Z</time></trkpt><trkpt lat="36.959095" lon="-111.749748"><ele>1142.476563</ele><time>2026-04-05T22:41:59.023Z</time></trkpt><trkpt lat="36.959183" lon="-111.749626"><ele>1141.64624</ele><time>2026-04-05T22:42:25.029Z</time></trkpt><trkpt lat="36.959106" lon="-111.749504"><ele>1143.476074</ele><time>2026-04-05T22:43:06.029Z</time></trkpt><trkpt lat="36.959095" lon="-111.749588"><ele>1142.754517</ele><time>2026-04-05T22:43:28.028Z</time></trkpt><trkpt lat="36.958984" lon="-111.749626"><ele>1145.234375</ele><time>2026-04-05T22:43:43.029Z</time></trkpt><trkpt lat="36.958984" lon="-111.74968"><ele>1142.734619</ele><time>2026-04-05T22:43:59.033Z</time></trkpt><trkpt lat="36.959248" lon="-111.749413"><ele>1141.833496</ele><time>2026-04-05T22:44:14.041Z</time></trkpt><trkpt lat="36.95956" lon="-111.749168"><ele>1141.80481</ele><time>2026-04-05T22:45:30.038Z</time></trkpt><trkpt lat="36.959667" lon="-111.749138"><ele>1144.789063</ele><time>2026-04-05T22:48:48.031Z</time></trkpt><trkpt lat="36.959778" lon="-111.748772"><ele>1144.925903</ele><time>2026-04-05T22:49:07.031Z</time></trkpt><trkpt lat="36.960072" lon="-111.74826"><ele>1142.02771</ele><time>2026-04-05T22:49:27.032Z</time></trkpt><trkpt lat="36.960167" lon="-111.748032"><ele>1148.299438</ele><time>2026-04-05T22:49:33.031Z</time></trkpt><trkpt lat="36.960171" lon="-111.747932"><ele>1146.904541</ele><time>2026-04-05T22:50:00.030Z</time></trkpt><trkpt lat="36.960243" lon="-111.747887"><ele>1148.251709</ele><time>2026-04-05T22:50:16.031Z</time></trkpt><trkpt lat="36.960289" lon="-111.74752"><ele>1145.936646</ele><time>2026-04-05T22:50:24.030Z</time></trkpt><trkpt lat="36.960129" lon="-111.747253"><ele>1149.46228</ele><time>2026-04-05T22:50:48.036Z</time></trkpt><trkpt lat="36.960056" lon="-111.747055"><ele>1146.918457</ele><time>2026-04-05T22:51:14.029Z</time></trkpt><trkpt lat="36.960068" lon="-111.746933"><ele>1147.00061</ele><time>2026-04-05T22:51:26.031Z</time></trkpt><trkpt lat="36.960045" lon="-111.746887"><ele>1147.182251</ele><time>2026-04-05T22:51:31.031Z</time></trkpt><trkpt lat="36.960045" lon="-111.746735"><ele>1144.050415</ele><time>2026-04-05T22:51:46.030Z</time></trkpt><trkpt lat="36.96014" lon="-111.746613"><ele>1142.033447</ele><time>2026-04-05T22:51:56.032Z</time></trkpt><trkpt lat="36.960419" lon="-111.746544"><ele>1147.49939</ele><time>2026-04-05T22:52:01.031Z</time></trkpt><trkpt lat="36.960453" lon="-111.746552"><ele>1146.968628</ele><time>2026-04-05T22:52:08.030Z</time></trkpt><trkpt lat="36.96067" lon="-111.746521"><ele>1148.806396</ele><time>2026-04-05T22:52:21.032Z</time></trkpt><trkpt lat="36.960915" lon="-111.74662"><ele>1143.186279</ele><time>2026-04-05T22:52:26.029Z</time></trkpt><trkpt lat="36.960949" lon="-111.746597"><ele>1143.00061</ele><time>2026-04-05T22:52:31.031Z</time></trkpt><trkpt lat="36.961033" lon="-111.746605"><ele>1143.584839</ele><time>2026-04-05T22:53:08.031Z</time></trkpt><trkpt lat="36.961155" lon="-111.746582"><ele>1142.205811</ele><time>2026-04-05T22:53:53.041Z</time></trkpt><trkpt lat="36.961258" lon="-111.746506"><ele>1143.715332</ele><time>2026-04-05T22:55:15.030Z</time></trkpt><trkpt lat="36.961361" lon="-111.746346"><ele>1140.371094</ele><time>2026-04-05T22:55:25.029Z</time></trkpt><trkpt lat="36.961502" lon="-111.74617"><ele>1144.952515</ele><time>2026-04-05T22:55:58.041Z</time></trkpt><trkpt lat="36.961704" lon="-111.746033"><ele>1140.223145</ele><time>2026-04-05T22:56:05.038Z</time></trkpt><trkpt lat="36.96196" lon="-111.745728"><ele>1144.770874</ele><time>2026-04-05T22:56:28.038Z</time></trkpt><trkpt lat="36.962025" lon="-111.745308"><ele>1156.250854</ele><time>2026-04-05T22:56:37.032Z</time></trkpt><trkpt lat="36.961887" lon="-111.745125"><ele>1157.672852</ele><time>2026-04-05T22:56:50.040Z</time></trkpt><trkpt lat="36.961792" lon="-111.745148"><ele>1153.676147</ele><time>2026-04-05T22:56:55.038Z</time></trkpt><trkpt lat="36.96172" lon="-111.745064"><ele>1153.091431</ele><time>2026-04-05T22:57:00.028Z</time></trkpt><trkpt lat="36.96162" lon="-111.745026"><ele>1154.5625</ele><time>2026-04-05T22:57:16.038Z</time></trkpt><trkpt lat="36.961582" lon="-111.74498"><ele>1155.187988</ele><time>2026-04-05T22:57:47.027Z</time></trkpt><trkpt lat="36.960976" lon="-111.744812"><ele>1154.773438</ele><time>2026-04-05T22:57:53.030Z</time></trkpt><trkpt lat="36.960705" lon="-111.744766"><ele>1155.407104</ele><time>2026-04-05T22:57:57.029Z</time></trkpt><trkpt lat="36.96056" lon="-111.744667"><ele>1147.341431</ele><time>2026-04-05T22:58:06.027Z</time></trkpt><trkpt lat="36.960316" lon="-111.744751"><ele>1154.597534</ele><time>2026-04-05T22:58:40.032Z</time></trkpt><trkpt lat="36.960281" lon="-111.744682"><ele>1158.21582</ele><time>2026-04-05T22:58:59.032Z</time></trkpt><trkpt lat="36.959927" lon="-111.744743"><ele>1155.045288</ele><time>2026-04-05T22:59:14.029Z</time></trkpt><trkpt lat="36.959698" lon="-111.744713"><ele>1158.359375</ele><time>2026-04-05T22:59:21.032Z</time></trkpt><trkpt lat="36.959633" lon="-111.744736"><ele>1157.862427</ele><time>2026-04-05T22:59:41.021Z</time></trkpt><trkpt lat="36.959496" lon="-111.744873"><ele>1147.424072</ele><time>2026-04-05T22:59:51.031Z</time></trkpt><trkpt lat="36.959431" lon="-111.744896"><ele>1146.809448</ele><time>2026-04-05T22:59:58.028Z</time></trkpt><trkpt lat="36.959347" lon="-111.744781"><ele>1150.172852</ele><time>2026-04-05T23:00:26.028Z</time></trkpt><trkpt lat="36.959297" lon="-111.744888"><ele>1150.910034</ele><time>2026-04-05T23:01:05.027Z</time></trkpt><trkpt lat="36.959076" lon="-111.744957"><ele>1144.417969</ele><time>2026-04-05T23:01:30.042Z</time></trkpt><trkpt lat="36.958916" lon="-111.744896"><ele>1146.150635</ele><time>2026-04-05T23:01:39.038Z</time></trkpt><trkpt lat="36.958679" lon="-111.744987"><ele>1141.584595</ele><time>2026-04-05T23:01:45.030Z</time></trkpt><trkpt lat="36.958237" lon="-111.744873"><ele>1150.360352</ele><time>2026-04-05T23:02:02.031Z</time></trkpt><trkpt lat="36.958183" lon="-111.744873"><ele>1149.912231</ele><time>2026-04-05T23:02:24.040Z</time></trkpt><trkpt lat="36.958111" lon="-111.744827"><ele>1150.470459</ele><time>2026-04-05T23:02:38.040Z</time></trkpt><trkpt lat="36.957542" lon="-111.744629"><ele>1143.775146</ele><time>2026-04-05T23:02:44.034Z</time></trkpt><trkpt lat="36.957375" lon="-111.744614"><ele>1144.295288</ele><time>2026-04-05T23:03:15.039Z</time></trkpt><trkpt lat="36.957336" lon="-111.744583"><ele>1143.964478</ele><time>2026-04-05T23:03:32.038Z</time></trkpt><trkpt lat="36.957283" lon="-111.744568"><ele>1145.162476</ele><time>2026-04-05T23:03:52.038Z</time></trkpt><trkpt lat="36.957092" lon="-111.744415"><ele>1138.42688</ele><time>2026-04-05T23:04:00.040Z</time></trkpt><trkpt lat="36.957066" lon="-111.74437"><ele>1139.370117</ele><time>2026-04-05T23:04:19.031Z</time></trkpt><trkpt lat="36.956768" lon="-111.744164"><ele>1137.363525</ele><time>2026-04-05T23:04:27.028Z</time></trkpt><trkpt lat="36.956707" lon="-111.744087"><ele>1137.78418</ele><time>2026-04-05T23:04:35.036Z</time></trkpt><trkpt lat="36.956593" lon="-111.744011"><ele>1137.347534</ele><time>2026-04-05T23:04:54.029Z</time></trkpt><trkpt lat="36.956558" lon="-111.743942"><ele>1136.859741</ele><time>2026-04-05T23:05:19.039Z</time></trkpt><trkpt lat="36.956535" lon="-111.743942"><ele>1138.5979</ele><time>2026-04-05T23:05:40.030Z</time></trkpt><trkpt lat="36.956551" lon="-111.743851"><ele>1137.399292</ele><time>2026-04-05T23:05:45.039Z</time></trkpt><trkpt lat="36.956455" lon="-111.743675"><ele>1138.800781</ele><time>2026-04-05T23:06:12.029Z</time></trkpt><trkpt lat="36.956371" lon="-111.74321"><ele>1133.215454</ele><time>2026-04-05T23:06:40.039Z</time></trkpt><trkpt lat="36.956371" lon="-111.743065"><ele>1133.201904</ele><time>2026-04-05T23:07:12.038Z</time></trkpt><trkpt lat="36.956337" lon="-111.742859"><ele>1135.012573</ele><time>2026-04-05T23:07:16.028Z</time></trkpt><trkpt lat="36.956348" lon="-111.742699"><ele>1135.234131</ele><time>2026-04-05T23:07:41.027Z</time></trkpt><trkpt lat="36.956329" lon="-111.74263"><ele>1134.88208</ele><time>2026-04-05T23:08:03.043Z</time></trkpt><trkpt lat="36.956345" lon="-111.742561"><ele>1136.334961</ele><time>2026-04-05T23:08:14.030Z</time></trkpt><trkpt lat="36.956463" lon="-111.742432"><ele>1134.914063</ele><time>2026-04-05T23:08:27.040Z</time></trkpt><trkpt lat="36.956558" lon="-111.741875"><ele>1136.740479</ele><time>2026-04-05T23:09:18.027Z</time></trkpt><trkpt lat="36.956451" lon="-111.741669"><ele>1134.851685</ele><time>2026-04-05T23:10:39.029Z</time></trkpt><trkpt lat="36.956394" lon="-111.741447"><ele>1139.411987</ele><time>2026-04-05T23:10:49.041Z</time></trkpt><trkpt lat="36.95639" lon="-111.74131"><ele>1137.316772</ele><time>2026-04-05T23:11:06.040Z</time></trkpt><trkpt lat="36.956081" lon="-111.741005"><ele>1156.533691</ele><time>2026-04-05T23:11:36.038Z</time></trkpt><trkpt lat="36.955967" lon="-111.741066"><ele>1153.487915</ele><time>2026-04-05T23:11:54.040Z</time></trkpt><trkpt lat="36.955994" lon="-111.741211"><ele>1144.279907</ele><time>2026-04-05T23:12:05.034Z</time></trkpt><trkpt lat="36.955654" lon="-111.741173"><ele>1135.061768</ele><time>2026-04-05T23:12:19.038Z</time></trkpt><trkpt lat="36.955624" lon="-111.741211"><ele>1135.063965</ele><time>2026-04-05T23:12:38.030Z</time></trkpt><trkpt lat="36.955509" lon="-111.741089"><ele>1133.130981</ele><time>2026-04-05T23:12:47.039Z</time></trkpt><trkpt lat="36.955467" lon="-111.741096"><ele>1132.988403</ele><time>2026-04-05T23:12:55.039Z</time></trkpt><trkpt lat="36.955349" lon="-111.741074"><ele>1133.975342</ele><time>2026-04-05T23:13:00.039Z</time></trkpt><trkpt lat="36.955185" lon="-111.740852"><ele>1132.533691</ele><time>2026-04-05T23:13:43.029Z</time></trkpt><trkpt lat="36.955193" lon="-111.740799"><ele>1132.514526</ele><time>2026-04-05T23:14:06.037Z</time></trkpt><trkpt lat="36.955311" lon="-111.740784"><ele>1134.507568</ele><time>2026-04-05T23:14:23.040Z</time></trkpt><trkpt lat="36.95525" lon="-111.740738"><ele>1134.299072</ele><time>2026-04-05T23:14:37.027Z</time></trkpt><trkpt lat="36.955215" lon="-111.740562"><ele>1140.406982</ele><time>2026-04-05T23:14:54.028Z</time></trkpt><trkpt lat="36.955326" lon="-111.740532"><ele>1146.2323</ele><time>2026-04-05T23:15:03.031Z</time></trkpt><trkpt lat="36.955116" lon="-111.740623"><ele>1136.731567</ele><time>2026-04-05T23:15:20.029Z</time></trkpt><trkpt lat="36.955204" lon="-111.740807"><ele>1132.492188</ele><time>2026-04-05T23:15:46.030Z</time></trkpt><trkpt lat="36.955074" lon="-111.740845"><ele>1130.307617</ele><time>2026-04-05T23:15:59.036Z</time></trkpt><trkpt lat="36.954857" lon="-111.740669"><ele>1131.879883</ele><time>2026-04-05T23:16:05.031Z</time></trkpt><trkpt lat="36.954697" lon="-111.740486"><ele>1128.498413</ele><time>2026-04-05T23:16:14.029Z</time></trkpt><trkpt lat="36.954651" lon="-111.740334"><ele>1128.981689</ele><time>2026-04-05T23:16:43.030Z</time></trkpt><trkpt lat="36.954594" lon="-111.740028"><ele>1129.187988</ele><time>2026-04-05T23:16:59.030Z</time></trkpt><trkpt lat="36.954636" lon="-111.739861"><ele>1131.150635</ele><time>2026-04-05T23:17:35.030Z</time></trkpt><trkpt lat="36.954636" lon="-111.739655"><ele>1132.476318</ele><time>2026-04-05T23:17:40.030Z</time></trkpt><trkpt lat="36.9547" lon="-111.739555"><ele>1129.609375</ele><time>2026-04-05T23:17:47.031Z</time></trkpt><trkpt lat="36.954739" lon="-111.739372"><ele>1128.155884</ele><time>2026-04-05T23:18:04.027Z</time></trkpt><trkpt lat="36.954987" lon="-111.738853"><ele>1129.665161</ele><time>2026-04-05T23:18:11.030Z</time></trkpt><trkpt lat="36.95496" lon="-111.738724"><ele>1130.493652</ele><time>2026-04-05T23:18:27.032Z</time></trkpt><trkpt lat="36.95499" lon="-111.738564"><ele>1128.854248</ele><time>2026-04-05T23:19:34.029Z</time></trkpt><trkpt lat="36.95496" lon="-111.738434"><ele>1129.891724</ele><time>2026-04-05T23:19:47.030Z</time></trkpt><trkpt lat="36.955002" lon="-111.738304"><ele>1128.27832</ele><time>2026-04-05T23:20:12.038Z</time></trkpt><trkpt lat="36.954975" lon="-111.73806"><ele>1129.378662</ele><time>2026-04-05T23:20:19.031Z</time></trkpt><trkpt lat="36.954979" lon="-111.73793"><ele>1128.939819</ele><time>2026-04-05T23:20:26.039Z</time></trkpt><trkpt lat="36.954983" lon="-111.737892"><ele>1128.96936</ele><time>2026-04-05T23:20:50.021Z</time></trkpt><trkpt lat="36.955021" lon="-111.737869"><ele>1127.96814</ele><time>2026-04-05T23:21:33.026Z</time></trkpt><trkpt lat="36.955017" lon="-111.737747"><ele>1128.872314</ele><time>2026-04-05T23:21:58.032Z</time></trkpt><trkpt lat="36.955051" lon="-111.737434"><ele>1129.295532</ele><time>2026-04-05T23:22:13.030Z</time></trkpt><trkpt lat="36.955139" lon="-111.737282"><ele>1135.802979</ele><time>2026-04-05T23:22:19.024Z</time></trkpt><trkpt lat="36.955402" lon="-111.737244"><ele>1131.618774</ele><time>2026-04-05T23:22:25.024Z</time></trkpt><trkpt lat="36.955559" lon="-111.737305"><ele>1131.580933</ele><time>2026-04-05T23:22:31.024Z</time></trkpt><trkpt lat="36.955734" lon="-111.737267"><ele>1129.321899</ele><time>2026-04-05T23:22:51.029Z</time></trkpt><trkpt lat="36.956112" lon="-111.737228"><ele>1131.798218</ele><time>2026-04-05T23:23:01.029Z</time></trkpt><trkpt lat="36.95615" lon="-111.737206"><ele>1131.500488</ele><time>2026-04-05T23:23:12.021Z</time></trkpt><trkpt lat="36.956318" lon="-111.737022"><ele>1137.581421</ele><time>2026-04-05T23:23:17.026Z</time></trkpt><trkpt lat="36.956318" lon="-111.73661"><ele>1132.629028</ele><time>2026-04-05T23:23:21.030Z</time></trkpt><trkpt lat="36.956261" lon="-111.73642"><ele>1133.52002</ele><time>2026-04-05T23:23:25.025Z</time></trkpt><trkpt lat="36.956181" lon="-111.736351"><ele>1133.431641</ele><time>2026-04-05T23:23:29.024Z</time></trkpt><trkpt lat="36.956219" lon="-111.736282"><ele>1132.622681</ele><time>2026-04-05T23:23:45.028Z</time></trkpt><trkpt lat="36.956177" lon="-111.736176"><ele>1133.213867</ele><time>2026-04-05T23:23:52.023Z</time></trkpt><trkpt lat="36.956078" lon="-111.735802"><ele>1126.61438</ele><time>2026-04-05T23:23:58.023Z</time></trkpt><trkpt lat="36.955956" lon="-111.735664"><ele>1131.931885</ele><time>2026-04-05T23:24:04.023Z</time></trkpt><trkpt lat="36.955853" lon="-111.735451"><ele>1125.331177</ele><time>2026-04-05T23:24:19.023Z</time></trkpt><trkpt lat="36.955837" lon="-111.73513"><ele>1125.807983</ele><time>2026-04-05T23:25:48.026Z</time></trkpt><trkpt lat="36.955662" lon="-111.734711"><ele>1129.251343</ele><time>2026-04-05T23:25:57.026Z</time></trkpt><trkpt lat="36.955578" lon="-111.734413"><ele>1126.151489</ele><time>2026-04-05T23:26:14.024Z</time></trkpt><trkpt lat="36.955597" lon="-111.734184"><ele>1128.060059</ele><time>2026-04-05T23:26:42.030Z</time></trkpt><trkpt lat="36.955677" lon="-111.733978"><ele>1135.008789</ele><time>2026-04-05T23:26:47.031Z</time></trkpt><trkpt lat="36.955509" lon="-111.733887"><ele>1135.239258</ele><time>2026-04-05T23:27:07.031Z</time></trkpt><trkpt lat="36.955734" lon="-111.733772"><ele>1134.39624</ele><time>2026-04-05T23:27:12.030Z</time></trkpt><trkpt lat="36.955803" lon="-111.733719"><ele>1133.971313</ele><time>2026-04-05T23:27:17.025Z</time></trkpt><trkpt lat="36.955879" lon="-111.733559"><ele>1124.524536</ele><time>2026-04-05T23:27:22.025Z</time></trkpt><trkpt lat="36.955898" lon="-111.733482"><ele>1125.177734</ele><time>2026-04-05T23:27:32.025Z</time></trkpt><trkpt lat="36.955879" lon="-111.733406"><ele>1124.868774</ele><time>2026-04-05T23:27:43.043Z</time></trkpt><trkpt lat="36.955853" lon="-111.733002"><ele>1127.773804</ele><time>2026-04-05T23:27:49.025Z</time></trkpt><trkpt lat="36.955887" lon="-111.732918"><ele>1126.806763</ele><time>2026-04-05T23:27:57.025Z</time></trkpt><trkpt lat="36.95586" lon="-111.732841"><ele>1127.603027</ele><time>2026-04-05T23:28:05.024Z</time></trkpt><trkpt lat="36.955898" lon="-111.73278"><ele>1127.338379</ele><time>2026-04-05T23:28:17.039Z</time></trkpt><trkpt lat="36.95583" lon="-111.732414"><ele>1126.623657</ele><time>2026-04-05T23:28:23.026Z</time></trkpt><trkpt lat="36.955719" lon="-111.732338"><ele>1131.037598</ele><time>2026-04-05T23:28:29.025Z</time></trkpt><trkpt lat="36.955589" lon="-111.732063"><ele>1128.301758</ele><time>2026-04-05T23:28:37.025Z</time></trkpt><trkpt lat="36.955452" lon="-111.731918"><ele>1130.295654</ele><time>2026-04-05T23:28:46.025Z</time></trkpt><trkpt lat="36.955353" lon="-111.731865"><ele>1129.60144</ele><time>2026-04-05T23:29:13.027Z</time></trkpt><trkpt lat="36.955177" lon="-111.731667"><ele>1131.270874</ele><time>2026-04-05T23:29:19.025Z</time></trkpt><trkpt lat="36.955009" lon="-111.731514"><ele>1129.62439</ele><time>2026-04-05T23:29:31.023Z</time></trkpt><trkpt lat="36.95467" lon="-111.731445"><ele>1133.501343</ele><time>2026-04-05T23:34:31.032Z</time></trkpt><trkpt lat="36.954666" lon="-111.731323"><ele>1124.138916</ele><time>2026-04-05T23:34:40.038Z</time></trkpt><trkpt lat="36.954594" lon="-111.731018"><ele>1124.378418</ele><time>2026-04-05T23:34:54.032Z</time></trkpt><trkpt lat="36.954517" lon="-111.731026"><ele>1125.798218</ele><time>2026-04-05T23:35:00.032Z</time></trkpt><trkpt lat="36.954414" lon="-111.73101"><ele>1122.967285</ele><time>2026-04-05T23:35:15.031Z</time></trkpt><trkpt lat="36.954273" lon="-111.730667"><ele>1118.588623</ele><time>2026-04-05T23:35:33.030Z</time></trkpt><trkpt lat="36.954102" lon="-111.73053"><ele>1131.7052</ele><time>2026-04-05T23:37:38.029Z</time></trkpt><trkpt lat="36.953815" lon="-111.730545"><ele>1138.380859</ele><time>2026-04-05T23:39:10.026Z</time></trkpt><trkpt lat="36.953583" lon="-111.730606"><ele>1137.321533</ele><time>2026-04-06T15:25:09.804Z</time></trkpt><trkpt lat="36.953529" lon="-111.730675"><ele>1136.430908</ele><time>2026-04-06T15:25:12.810Z</time></trkpt><trkpt lat="36.95306" lon="-111.730934"><ele>1124.747681</ele><time>2026-04-06T15:25:15.808Z</time></trkpt><trkpt lat="36.952946" lon="-111.730888"><ele>1126.083618</ele><time>2026-04-06T15:25:21.810Z</time></trkpt><trkpt lat="36.95298" lon="-111.730713"><ele>1119.947754</ele><time>2026-04-06T15:25:39.809Z</time></trkpt><trkpt lat="36.952808" lon="-111.730804"><ele>1133.771973</ele><time>2026-04-06T15:25:47.809Z</time></trkpt><trkpt lat="36.952732" lon="-111.730865"><ele>1130.166016</ele><time>2026-04-06T15:25:56.808Z</time></trkpt><trkpt lat="36.952896" lon="-111.730751"><ele>1132.509888</ele><time>2026-04-06T15:26:08.810Z</time></trkpt><trkpt lat="36.952801" lon="-111.73082"><ele>1130.622681</ele><time>2026-04-06T15:26:24.801Z</time></trkpt><trkpt lat="36.952808" lon="-111.730721"><ele>1117.944092</ele><time>2026-04-06T15:26:30.809Z</time></trkpt><trkpt lat="36.952831" lon="-111.73085"><ele>1130.619019</ele><time>2026-04-06T15:26:35.810Z</time></trkpt><trkpt lat="36.952759" lon="-111.730721"><ele>1129.338379</ele><time>2026-04-06T15:26:56.810Z</time></trkpt><trkpt lat="36.952705" lon="-111.730827"><ele>1102.862793</ele><time>2026-04-06T15:27:12.808Z</time></trkpt><trkpt lat="36.952583" lon="-111.730919"><ele>1109.293457</ele><time>2026-04-06T15:27:20.808Z</time></trkpt><trkpt lat="36.952553" lon="-111.730965"><ele>1108.91687</ele><time>2026-04-06T15:27:25.810Z</time></trkpt><trkpt lat="36.95248" lon="-111.731026"><ele>1119.199829</ele><time>2026-04-06T15:27:36.810Z</time></trkpt><trkpt lat="36.952324" lon="-111.730988"><ele>1122.937012</ele><time>2026-04-06T15:27:40.810Z</time></trkpt><trkpt lat="36.952183" lon="-111.730751"><ele>1120.101074</ele><time>2026-04-06T15:28:00.812Z</time></trkpt><trkpt lat="36.952164" lon="-111.73056"><ele>1123.797852</ele><time>2026-04-06T15:28:13.810Z</time></trkpt><trkpt lat="36.952202" lon="-111.730408"><ele>1124.41687</ele><time>2026-04-06T15:28:28.809Z</time></trkpt><trkpt lat="36.952034" lon="-111.730171"><ele>1120.618408</ele><time>2026-04-06T15:29:03.808Z</time></trkpt><trkpt lat="36.952019" lon="-111.730125"><ele>1121.403564</ele><time>2026-04-06T15:29:33.810Z</time></trkpt><trkpt lat="36.952068" lon="-111.729889"><ele>1123.743774</ele><time>2026-04-06T15:29:41.810Z</time></trkpt><trkpt lat="36.952084" lon="-111.729706"><ele>1122.982178</ele><time>2026-04-06T15:29:44.810Z</time></trkpt><trkpt lat="36.952126" lon="-111.729683"><ele>1124.483643</ele><time>2026-04-06T15:29:49.810Z</time></trkpt><trkpt lat="36.952393" lon="-111.728989"><ele>1123.572144</ele><time>2026-04-06T15:30:08.810Z</time></trkpt><trkpt lat="36.952389" lon="-111.728859"><ele>1122.278076</ele><time>2026-04-06T15:31:10.807Z</time></trkpt><trkpt lat="36.952362" lon="-111.728806"><ele>1122.575806</ele><time>2026-04-06T15:31:16.809Z</time></trkpt><trkpt lat="36.952408" lon="-111.728561"><ele>1121.098022</ele><time>2026-04-06T15:31:21.809Z</time></trkpt><trkpt lat="36.952431" lon="-111.728333"><ele>1120.03833</ele><time>2026-04-06T15:31:27.810Z</time></trkpt><trkpt lat="36.952534" lon="-111.728195"><ele>1116.520874</ele><time>2026-04-06T15:31:32.812Z</time></trkpt><trkpt lat="36.952564" lon="-111.728111"><ele>1118.759277</ele><time>2026-04-06T15:31:41.806Z</time></trkpt><trkpt lat="36.952606" lon="-111.727806"><ele>1119.53186</ele><time>2026-04-06T15:31:50.807Z</time></trkpt><trkpt lat="36.952763" lon="-111.727516"><ele>1119.598511</ele><time>2026-04-06T15:32:03.810Z</time></trkpt><trkpt lat="36.952793" lon="-111.727493"><ele>1117.233887</ele><time>2026-04-06T15:32:08.809Z</time></trkpt><trkpt lat="36.953091" lon="-111.727005"><ele>1117.803467</ele><time>2026-04-06T15:32:24.813Z</time></trkpt><trkpt lat="36.953255" lon="-111.726669"><ele>1122.426025</ele><time>2026-04-06T15:32:52.813Z</time></trkpt><trkpt lat="36.953323" lon="-111.72596"><ele>1128.185913</ele><time>2026-04-06T15:33:25.810Z</time></trkpt><trkpt lat="36.953266" lon="-111.725639"><ele>1127.025879</ele><time>2026-04-06T15:33:48.810Z</time></trkpt><trkpt lat="36.953224" lon="-111.725624"><ele>1126.80188</ele><time>2026-04-06T15:34:01.810Z</time></trkpt><trkpt lat="36.952995" lon="-111.725426"><ele>1117.368042</ele><time>2026-04-06T15:34:28.810Z</time></trkpt><trkpt lat="36.952793" lon="-111.725311"><ele>1114.312622</ele><time>2026-04-06T15:34:46.810Z</time></trkpt><trkpt lat="36.952461" lon="-111.724922"><ele>1118.264282</ele><time>2026-04-06T15:34:57.812Z</time></trkpt><trkpt lat="36.952377" lon="-111.72464"><ele>1117.224976</ele><time>2026-04-06T15:35:31.814Z</time></trkpt><trkpt lat="36.952312" lon="-111.724533"><ele>1117.990601</ele><time>2026-04-06T15:35:35.810Z</time></trkpt><trkpt lat="36.952335" lon="-111.724419"><ele>1116.930908</ele><time>2026-04-06T15:35:39.810Z</time></trkpt><trkpt lat="36.952412" lon="-111.724297"><ele>1116.099487</ele><time>2026-04-06T15:35:50.813Z</time></trkpt><trkpt lat="36.952412" lon="-111.724243"><ele>1116.689209</ele><time>2026-04-06T15:36:04.810Z</time></trkpt><trkpt lat="36.952465" lon="-111.724113"><ele>1116.167358</ele><time>2026-04-06T15:36:20.813Z</time></trkpt><trkpt lat="36.952564" lon="-111.723747"><ele>1123.72937</ele><time>2026-04-06T15:36:29.812Z</time></trkpt><trkpt lat="36.952671" lon="-111.723595"><ele>1122.836426</ele><time>2026-04-06T15:36:32.809Z</time></trkpt><trkpt lat="36.952763" lon="-111.723404"><ele>1116.936279</ele><time>2026-04-06T15:36:44.813Z</time></trkpt><trkpt lat="36.952766" lon="-111.723358"><ele>1118.306519</ele><time>2026-04-06T15:37:00.812Z</time></trkpt><trkpt lat="36.952862" lon="-111.723175"><ele>1117.161621</ele><time>2026-04-06T15:37:03.813Z</time></trkpt><trkpt lat="36.952984" lon="-111.723038"><ele>1118.48877</ele><time>2026-04-06T15:37:09.808Z</time></trkpt><trkpt lat="36.953037" lon="-111.722557"><ele>1112.338501</ele><time>2026-04-06T15:37:12.809Z</time></trkpt><trkpt lat="36.953022" lon="-111.722122"><ele>1112.908569</ele><time>2026-04-06T15:37:15.810Z</time></trkpt><trkpt lat="36.95306" lon="-111.721886"><ele>1111.919922</ele><time>2026-04-06T15:37:29.813Z</time></trkpt><trkpt lat="36.953037" lon="-111.721725"><ele>1112.322388</ele><time>2026-04-06T15:37:39.813Z</time></trkpt><trkpt lat="36.953022" lon="-111.721336"><ele>1115.166382</ele><time>2026-04-06T15:37:46.812Z</time></trkpt><trkpt lat="36.952984" lon="-111.721184"><ele>1115.50354</ele><time>2026-04-06T15:37:49.812Z</time></trkpt><trkpt lat="36.952999" lon="-111.721107"><ele>1114.489502</ele><time>2026-04-06T15:37:55.814Z</time></trkpt><trkpt lat="36.952988" lon="-111.721062"><ele>1115.233643</ele><time>2026-04-06T15:38:01.810Z</time></trkpt><trkpt lat="36.952957" lon="-111.721046"><ele>1113.522217</ele><time>2026-04-06T15:38:22.813Z</time></trkpt><trkpt lat="36.952892" lon="-111.720963"><ele>1115.590698</ele><time>2026-04-06T15:38:48.810Z</time></trkpt><trkpt lat="36.95266" lon="-111.720245"><ele>1112.46875</ele><time>2026-04-06T15:39:07.810Z</time></trkpt><trkpt lat="36.952465" lon="-111.719925"><ele>1115.090088</ele><time>2026-04-06T15:39:14.812Z</time></trkpt><trkpt lat="36.952415" lon="-111.71981"><ele>1114.688965</ele><time>2026-04-06T15:39:28.812Z</time></trkpt><trkpt lat="36.952385" lon="-111.719681"><ele>1115.311279</ele><time>2026-04-06T15:39:38.812Z</time></trkpt><trkpt lat="36.952343" lon="-111.719292"><ele>1114.150024</ele><time>2026-04-06T15:39:42.817Z</time></trkpt><trkpt lat="36.952377" lon="-111.718971"><ele>1112.543579</ele><time>2026-04-06T15:40:16.810Z</time></trkpt><trkpt lat="36.952301" lon="-111.718826"><ele>1114.444946</ele><time>2026-04-06T15:40:26.810Z</time></trkpt><trkpt lat="36.952297" lon="-111.71875"><ele>1114.201172</ele><time>2026-04-06T15:40:50.816Z</time></trkpt><trkpt lat="36.952244" lon="-111.718567"><ele>1114.242065</ele><time>2026-04-06T15:40:54.814Z</time></trkpt><trkpt lat="36.952244" lon="-111.71846"><ele>1113.599854</ele><time>2026-04-06T15:41:26.809Z</time></trkpt><trkpt lat="36.952202" lon="-111.718193"><ele>1115.365356</ele><time>2026-04-06T15:41:56.812Z</time></trkpt><trkpt lat="36.952187" lon="-111.717506"><ele>1111.864014</ele><time>2026-04-06T15:42:21.810Z</time></trkpt><trkpt lat="36.952202" lon="-111.717224"><ele>1111.259277</ele><time>2026-04-06T15:42:26.810Z</time></trkpt><trkpt lat="36.952011" lon="-111.716682"><ele>1125.119263</ele><time>2026-04-06T15:42:32.812Z</time></trkpt><trkpt lat="36.951843" lon="-111.716621"><ele>1122.282959</ele><time>2026-04-06T15:42:41.815Z</time></trkpt><trkpt lat="36.951694" lon="-111.716522"><ele>1122.749268</ele><time>2026-04-06T15:42:49.804Z</time></trkpt><trkpt lat="36.951641" lon="-111.71653"><ele>1121.701538</ele><time>2026-04-06T15:42:53.813Z</time></trkpt><trkpt lat="36.95145" lon="-111.716446"><ele>1122.756714</ele><time>2026-04-06T15:42:57.813Z</time></trkpt><trkpt lat="36.951408" lon="-111.716393"><ele>1123.341675</ele><time>2026-04-06T15:43:01.810Z</time></trkpt><trkpt lat="36.951309" lon="-111.716507"><ele>1118.70752</ele><time>2026-04-06T15:43:04.813Z</time></trkpt><trkpt lat="36.951267" lon="-111.716522"><ele>1117.458374</ele><time>2026-04-06T15:43:22.809Z</time></trkpt><trkpt lat="36.951218" lon="-111.716431"><ele>1119.14502</ele><time>2026-04-06T15:43:54.812Z</time></trkpt><trkpt lat="36.950882" lon="-111.716354"><ele>1112.884399</ele><time>2026-04-06T15:44:46.815Z</time></trkpt><trkpt lat="36.950485" lon="-111.716133"><ele>1113.177856</ele><time>2026-04-06T15:44:53.814Z</time></trkpt><trkpt lat="36.950367" lon="-111.716125"><ele>1113.964478</ele><time>2026-04-06T15:45:21.812Z</time></trkpt><trkpt lat="36.950176" lon="-111.71595"><ele>1115.644287</ele><time>2026-04-06T15:45:47.810Z</time></trkpt><trkpt lat="36.950008" lon="-111.715752"><ele>1113.858887</ele><time>2026-04-06T15:45:56.814Z</time></trkpt><trkpt lat="36.949814" lon="-111.71563"><ele>1111.0354</ele><time>2026-04-06T15:46:28.814Z</time></trkpt><trkpt lat="36.949669" lon="-111.715508"><ele>1110.570923</ele><time>2026-04-06T15:46:49.812Z</time></trkpt><trkpt lat="36.949585" lon="-111.715485"><ele>1112.479248</ele><time>2026-04-06T15:46:52.813Z</time></trkpt><trkpt lat="36.949512" lon="-111.715408"><ele>1112.509277</ele><time>2026-04-06T15:46:55.804Z</time></trkpt><trkpt lat="36.94939" lon="-111.715332"><ele>1111.363403</ele><time>2026-04-06T15:47:13.816Z</time></trkpt><trkpt lat="36.949276" lon="-111.715233"><ele>1112.440674</ele><time>2026-04-06T15:48:43.815Z</time></trkpt><trkpt lat="36.949154" lon="-111.715172"><ele>1113.682373</ele><time>2026-04-06T15:48:54.813Z</time></trkpt><trkpt lat="36.949039" lon="-111.714981"><ele>1110.2229</ele><time>2026-04-06T15:49:22.810Z</time></trkpt><trkpt lat="36.948914" lon="-111.71489"><ele>1109.677002</ele><time>2026-04-06T15:49:26.816Z</time></trkpt><trkpt lat="36.948772" lon="-111.714821"><ele>1110.436768</ele><time>2026-04-06T15:49:31.816Z</time></trkpt><trkpt lat="36.948666" lon="-111.71479"><ele>1110.526001</ele><time>2026-04-06T15:49:38.814Z</time></trkpt><trkpt lat="36.948551" lon="-111.714554"><ele>1107.376465</ele><time>2026-04-06T15:49:48.815Z</time></trkpt><trkpt lat="36.948463" lon="-111.714508"><ele>1108.598755</ele><time>2026-04-06T15:49:51.815Z</time></trkpt><trkpt lat="36.94836" lon="-111.714409"><ele>1106.719849</ele><time>2026-04-06T15:50:38.816Z</time></trkpt><trkpt lat="36.948181" lon="-111.714157"><ele>1107.817871</ele><time>2026-04-06T15:50:42.814Z</time></trkpt><trkpt lat="36.948116" lon="-111.71402"><ele>1108.606201</ele><time>2026-04-06T15:51:24.815Z</time></trkpt><trkpt lat="36.94809" lon="-111.71386"><ele>1107.266968</ele><time>2026-04-06T15:51:28.815Z</time></trkpt><trkpt lat="36.94812" lon="-111.713814"><ele>1107.858154</ele><time>2026-04-06T15:51:51.813Z</time></trkpt><trkpt lat="36.948132" lon="-111.713554"><ele>1107.308228</ele><time>2026-04-06T15:51:53.815Z</time></trkpt><trkpt lat="36.948074" lon="-111.713318"><ele>1105.37085</ele><time>2026-04-06T15:51:56.816Z</time></trkpt><trkpt lat="36.948063" lon="-111.71315"><ele>1105.32959</ele><time>2026-04-06T15:51:58.815Z</time></trkpt><trkpt lat="36.948025" lon="-111.713074"><ele>1105.332275</ele><time>2026-04-06T15:52:10.810Z</time></trkpt><trkpt lat="36.948021" lon="-111.712975"><ele>1104.948608</ele><time>2026-04-06T15:52:37.812Z</time></trkpt><trkpt lat="36.94804" lon="-111.712936"><ele>1103.785156</ele><time>2026-04-06T15:52:44.810Z</time></trkpt><trkpt lat="36.947845" lon="-111.712822"><ele>1106.869385</ele><time>2026-04-06T15:52:52.814Z</time></trkpt><trkpt lat="36.947834" lon="-111.7127"><ele>1105.553223</ele><time>2026-04-06T15:52:56.813Z</time></trkpt><trkpt lat="36.948009" lon="-111.71257"><ele>1105.700439</ele><time>2026-04-06T15:53:14.813Z</time></trkpt><trkpt lat="36.948063" lon="-111.712479"><ele>1104.145264</ele><time>2026-04-06T15:53:26.812Z</time></trkpt><trkpt lat="36.94809" lon="-111.712379"><ele>1106.046143</ele><time>2026-04-06T15:53:36.814Z</time></trkpt><trkpt lat="36.948074" lon="-111.712303"><ele>1105.628662</ele><time>2026-04-06T15:53:39.813Z</time></trkpt><trkpt lat="36.948132" lon="-111.712036"><ele>1103.994751</ele><time>2026-04-06T15:53:48.815Z</time></trkpt><trkpt lat="36.948101" lon="-111.711975"><ele>1105.258301</ele><time>2026-04-06T15:53:59.815Z</time></trkpt><trkpt lat="36.948132" lon="-111.711853"><ele>1104.311523</ele><time>2026-04-06T15:54:07.816Z</time></trkpt><trkpt lat="36.948448" lon="-111.711205"><ele>1105.005371</ele><time>2026-04-06T15:54:23.814Z</time></trkpt><trkpt lat="36.948505" lon="-111.711151"><ele>1103.712891</ele><time>2026-04-06T15:54:27.812Z</time></trkpt><trkpt lat="36.94849" lon="-111.711075"><ele>1104.502075</ele><time>2026-04-06T15:54:31.813Z</time></trkpt><trkpt lat="36.948635" lon="-111.710831"><ele>1103.013672</ele><time>2026-04-06T15:54:48.814Z</time></trkpt><trkpt lat="36.94865" lon="-111.71077"><ele>1104.272339</ele><time>2026-04-06T15:54:51.815Z</time></trkpt><trkpt lat="36.94865" lon="-111.710709"><ele>1103.584961</ele><time>2026-04-06T15:55:07.814Z</time></trkpt><trkpt lat="36.948608" lon="-111.710556"><ele>1104.624023</ele><time>2026-04-06T15:55:13.815Z</time></trkpt><trkpt lat="36.948578" lon="-111.710518"><ele>1104.159424</ele><time>2026-04-06T15:55:19.814Z</time></trkpt><trkpt lat="36.948612" lon="-111.710373"><ele>1105.549561</ele><time>2026-04-06T15:55:37.814Z</time></trkpt><trkpt lat="36.948662" lon="-111.710289"><ele>1104.057251</ele><time>2026-04-06T15:55:43.814Z</time></trkpt><trkpt lat="36.948586" lon="-111.710152"><ele>1106.078857</ele><time>2026-04-06T15:55:47.814Z</time></trkpt><trkpt lat="36.948578" lon="-111.710205"><ele>1104.536743</ele><time>2026-04-06T15:55:50.814Z</time></trkpt><trkpt lat="36.948677" lon="-111.709572"><ele>1106.821411</ele><time>2026-04-06T15:55:58.815Z</time></trkpt><trkpt lat="36.948635" lon="-111.709343"><ele>1106.874878</ele><time>2026-04-06T15:56:16.813Z</time></trkpt><trkpt lat="36.948536" lon="-111.709152"><ele>1108.501099</ele><time>2026-04-06T15:56:22.821Z</time></trkpt><trkpt lat="36.948505" lon="-111.709045"><ele>1108.181152</ele><time>2026-04-06T15:56:25.814Z</time></trkpt><trkpt lat="36.948547" lon="-111.708817"><ele>1102.641846</ele><time>2026-04-06T15:56:45.816Z</time></trkpt><trkpt lat="36.94841" lon="-111.708557"><ele>1105.140503</ele><time>2026-04-06T15:57:14.810Z</time></trkpt><trkpt lat="36.94846" lon="-111.708244"><ele>1102.651733</ele><time>2026-04-06T15:57:19.814Z</time></trkpt><trkpt lat="36.948563" lon="-111.708076"><ele>1102.191895</ele><time>2026-04-06T15:57:23.813Z</time></trkpt><trkpt lat="36.948547" lon="-111.708015"><ele>1102.706665</ele><time>2026-04-06T15:57:26.810Z</time></trkpt><trkpt lat="36.948692" lon="-111.707771"><ele>1102.613525</ele><time>2026-04-06T15:57:29.814Z</time></trkpt><trkpt lat="36.948666" lon="-111.707695"><ele>1103.133057</ele><time>2026-04-06T15:57:57.815Z</time></trkpt><trkpt lat="36.948669" lon="-111.707397"><ele>1101.027466</ele><time>2026-04-06T15:58:03.815Z</time></trkpt><trkpt lat="36.948738" lon="-111.707161"><ele>1105.074829</ele><time>2026-04-06T15:58:05.808Z</time></trkpt><trkpt lat="36.948853" lon="-111.706886"><ele>1106.507202</ele><time>2026-04-06T15:58:08.810Z</time></trkpt><trkpt lat="36.948753" lon="-111.706451"><ele>1107.088745</ele><time>2026-04-06T15:58:11.813Z</time></trkpt><trkpt lat="36.948921" lon="-111.706329"><ele>1101.347046</ele><time>2026-04-06T15:58:22.806Z</time></trkpt><trkpt lat="36.948978" lon="-111.70639"><ele>1102.82251</ele><time>2026-04-06T15:58:45.814Z</time></trkpt><trkpt lat="36.948898" lon="-111.706276"><ele>1101.035034</ele><time>2026-04-06T15:58:55.812Z</time></trkpt><trkpt lat="36.94907" lon="-111.706161"><ele>1102.13501</ele><time>2026-04-06T15:58:58.812Z</time></trkpt><trkpt lat="36.949089" lon="-111.70594"><ele>1100.108154</ele><time>2026-04-06T15:59:10.814Z</time></trkpt><trkpt lat="36.949024" lon="-111.705711"><ele>1101.902344</ele><time>2026-04-06T15:59:24.815Z</time></trkpt><trkpt lat="36.949039" lon="-111.705666"><ele>1102.592896</ele><time>2026-04-06T16:00:25.804Z</time></trkpt><trkpt lat="36.949017" lon="-111.705444"><ele>1101.300659</ele><time>2026-04-06T16:00:41.814Z</time></trkpt><trkpt lat="36.948963" lon="-111.705399"><ele>1101.818848</ele><time>2026-04-06T16:00:45.812Z</time></trkpt><trkpt lat="36.948997" lon="-111.705147"><ele>1098.697998</ele><time>2026-04-06T16:00:49.814Z</time></trkpt><trkpt lat="36.948959" lon="-111.704796"><ele>1098.991333</ele><time>2026-04-06T16:00:59.812Z</time></trkpt><trkpt lat="36.948864" lon="-111.70462"><ele>1098.133667</ele><time>2026-04-06T16:01:38.821Z</time></trkpt><trkpt lat="36.948959" lon="-111.704453"><ele>1095.369629</ele><time>2026-04-06T16:01:57.812Z</time></trkpt><trkpt lat="36.948914" lon="-111.704376"><ele>1097.277344</ele><time>2026-04-06T16:02:24.814Z</time></trkpt><trkpt lat="36.948799" lon="-111.703873"><ele>1097.327148</ele><time>2026-04-06T16:02:42.806Z</time></trkpt><trkpt lat="36.948792" lon="-111.70369"><ele>1096.306519</ele><time>2026-04-06T16:03:03.814Z</time></trkpt><trkpt lat="36.948814" lon="-111.703644"><ele>1099.102295</ele><time>2026-04-06T16:03:09.814Z</time></trkpt><trkpt lat="36.948711" lon="-111.703423"><ele>1096.678101</ele><time>2026-04-06T16:03:20.806Z</time></trkpt><trkpt lat="36.948635" lon="-111.7033"><ele>1098.661865</ele><time>2026-04-06T16:03:25.812Z</time></trkpt><trkpt lat="36.948467" lon="-111.70314"><ele>1095.987549</ele><time>2026-04-06T16:03:31.814Z</time></trkpt><trkpt lat="36.948425" lon="-111.702988"><ele>1095.927124</ele><time>2026-04-06T16:03:40.816Z</time></trkpt><trkpt lat="36.948265" lon="-111.702705"><ele>1096.416382</ele><time>2026-04-06T16:03:50.814Z</time></trkpt><trkpt lat="36.948261" lon="-111.702614"><ele>1095.246948</ele><time>2026-04-06T16:03:57.813Z</time></trkpt><trkpt lat="36.948189" lon="-111.702477"><ele>1097.044312</ele><time>2026-04-06T16:04:15.817Z</time></trkpt><trkpt lat="36.948078" lon="-111.702171"><ele>1097.352295</ele><time>2026-04-06T16:04:29.816Z</time></trkpt><trkpt lat="36.948067" lon="-111.701851"><ele>1094.4198</ele><time>2026-04-06T16:04:38.815Z</time></trkpt><trkpt lat="36.948048" lon="-111.701752"><ele>1094.208252</ele><time>2026-04-06T16:04:43.813Z</time></trkpt><trkpt lat="36.947987" lon="-111.70166"><ele>1095.761475</ele><time>2026-04-06T16:04:56.809Z</time></trkpt><trkpt lat="36.947945" lon="-111.701485"><ele>1097.269409</ele><time>2026-04-06T16:05:10.815Z</time></trkpt><trkpt lat="36.948124" lon="-111.701065"><ele>1096.120605</ele><time>2026-04-06T16:05:15.817Z</time></trkpt><trkpt lat="36.948185" lon="-111.70063"><ele>1095.384033</ele><time>2026-04-06T16:08:02.814Z</time></trkpt><trkpt lat="36.948273" lon="-111.7005"><ele>1094.038086</ele><time>2026-04-06T16:08:32.814Z</time></trkpt><trkpt lat="36.94825" lon="-111.700302"><ele>1096.124756</ele><time>2026-04-06T16:09:18.815Z</time></trkpt><trkpt lat="36.948303" lon="-111.700035"><ele>1093.641113</ele><time>2026-04-06T16:09:31.816Z</time></trkpt><trkpt lat="36.948418" lon="-111.699997"><ele>1090.275146</ele><time>2026-04-06T16:09:49.815Z</time></trkpt><trkpt lat="36.948437" lon="-111.699951"><ele>1090.716309</ele><time>2026-04-06T16:09:54.816Z</time></trkpt><trkpt lat="36.948421" lon="-111.699852"><ele>1089.771484</ele><time>2026-04-06T16:09:59.815Z</time></trkpt><trkpt lat="36.948441" lon="-111.699699"><ele>1090.846802</ele><time>2026-04-06T16:10:38.814Z</time></trkpt><trkpt lat="36.948376" lon="-111.699509"><ele>1090.486694</ele><time>2026-04-06T16:11:02.808Z</time></trkpt><trkpt lat="36.948395" lon="-111.699211"><ele>1091.014648</ele><time>2026-04-06T16:11:07.816Z</time></trkpt><trkpt lat="36.948387" lon="-111.699165"><ele>1090.267822</ele><time>2026-04-06T16:11:13.815Z</time></trkpt><trkpt lat="36.94836" lon="-111.699127"><ele>1091.078735</ele><time>2026-04-06T16:11:25.813Z</time></trkpt><trkpt lat="36.948257" lon="-111.699081"><ele>1091.065796</ele><time>2026-04-06T16:12:19.816Z</time></trkpt><trkpt lat="36.948158" lon="-111.698914"><ele>1089.780518</ele><time>2026-04-06T16:12:46.813Z</time></trkpt><trkpt lat="36.947983" lon="-111.698822"><ele>1092.115234</ele><time>2026-04-06T16:13:18.815Z</time></trkpt><trkpt lat="36.947952" lon="-111.698792"><ele>1091.346924</ele><time>2026-04-06T16:28:07.813Z</time></trkpt><trkpt lat="36.947865" lon="-111.698624"><ele>1093.774048</ele><time>2026-04-06T16:47:00.816Z</time></trkpt><trkpt lat="36.947803" lon="-111.69857"><ele>1093.376953</ele><time>2026-04-06T16:47:46.821Z</time></trkpt><trkpt lat="36.947685" lon="-111.698357"><ele>1096.707886</ele><time>2026-04-06T16:47:54.821Z</time></trkpt><trkpt lat="36.947613" lon="-111.69828"><ele>1092.849854</ele><time>2026-04-06T16:48:27.819Z</time></trkpt><trkpt lat="36.947552" lon="-111.698257"><ele>1093.890625</ele><time>2026-04-06T16:49:03.823Z</time></trkpt><trkpt lat="36.947506" lon="-111.698074"><ele>1090.08374</ele><time>2026-04-06T16:49:40.824Z</time></trkpt><trkpt lat="36.947395" lon="-111.697937"><ele>1092.21521</ele><time>2026-04-06T16:50:19.823Z</time></trkpt><trkpt lat="36.947369" lon="-111.697876"><ele>1091.926147</ele><time>2026-04-06T16:50:29.821Z</time></trkpt><trkpt lat="36.947376" lon="-111.697701"><ele>1089.697388</ele><time>2026-04-06T16:50:50.822Z</time></trkpt><trkpt lat="36.9473" lon="-111.697472"><ele>1089.420044</ele><time>2026-04-06T16:51:05.822Z</time></trkpt><trkpt lat="36.947205" lon="-111.69735"><ele>1091.348267</ele><time>2026-04-06T16:51:39.825Z</time></trkpt><trkpt lat="36.94722" lon="-111.697304"><ele>1089.67395</ele><time>2026-04-06T16:52:12.822Z</time></trkpt><trkpt lat="36.947086" lon="-111.697006"><ele>1090.040649</ele><time>2026-04-06T16:52:26.821Z</time></trkpt><trkpt lat="36.946815" lon="-111.696587"><ele>1091.243164</ele><time>2026-04-06T16:52:34.820Z</time></trkpt><trkpt lat="36.946743" lon="-111.696541"><ele>1090.728882</ele><time>2026-04-06T16:52:45.823Z</time></trkpt><trkpt lat="36.946381" lon="-111.69606"><ele>1093.175537</ele><time>2026-04-06T16:52:56.822Z</time></trkpt><trkpt lat="36.946274" lon="-111.695793"><ele>1091.459595</ele><time>2026-04-06T16:53:15.823Z</time></trkpt><trkpt lat="36.946308" lon="-111.695732"><ele>1090.613281</ele><time>2026-04-06T16:53:21.816Z</time></trkpt><trkpt lat="36.946327" lon="-111.695496"><ele>1089.776978</ele><time>2026-04-06T16:53:25.823Z</time></trkpt><trkpt lat="36.946297" lon="-111.695343"><ele>1092.160156</ele><time>2026-04-06T16:53:30.823Z</time></trkpt><trkpt lat="36.946342" lon="-111.695229"><ele>1091.328613</ele><time>2026-04-06T16:53:35.822Z</time></trkpt><trkpt lat="36.946342" lon="-111.695183"><ele>1092.983521</ele><time>2026-04-06T16:54:01.821Z</time></trkpt><trkpt lat="36.946323" lon="-111.695137"><ele>1092.520874</ele><time>2026-04-06T16:54:04.823Z</time></trkpt><trkpt lat="36.94606" lon="-111.694893"><ele>1097.380005</ele><time>2026-04-06T16:54:08.823Z</time></trkpt><trkpt lat="36.946018" lon="-111.694748"><ele>1097.742554</ele><time>2026-04-06T16:54:11.821Z</time></trkpt><trkpt lat="36.946026" lon="-111.694641"><ele>1096.453491</ele><time>2026-04-06T16:54:16.821Z</time></trkpt><trkpt lat="36.945881" lon="-111.694405"><ele>1099.242065</ele><time>2026-04-06T16:54:30.821Z</time></trkpt><trkpt lat="36.945999" lon="-111.69416"><ele>1095.652954</ele><time>2026-04-06T16:54:39.822Z</time></trkpt><trkpt lat="36.945953" lon="-111.69384"><ele>1100.358398</ele><time>2026-04-06T16:54:50.823Z</time></trkpt><trkpt lat="36.946014" lon="-111.693672"><ele>1100.941528</ele><time>2026-04-06T16:54:54.823Z</time></trkpt><trkpt lat="36.946014" lon="-111.693283"><ele>1095.062744</ele><time>2026-04-06T16:55:22.822Z</time></trkpt><trkpt lat="36.945889" lon="-111.693222"><ele>1097.429321</ele><time>2026-04-06T16:55:46.824Z</time></trkpt><trkpt lat="36.945877" lon="-111.693146"><ele>1095.896729</ele><time>2026-04-06T16:56:02.816Z</time></trkpt><trkpt lat="36.945854" lon="-111.69313"><ele>1097.130005</ele><time>2026-04-06T16:56:25.821Z</time></trkpt><trkpt lat="36.945835" lon="-111.693428"><ele>1101.31189</ele><time>2026-04-06T16:56:28.824Z</time></trkpt><trkpt lat="36.945892" lon="-111.693138"><ele>1096.941162</ele><time>2026-04-06T16:56:32.822Z</time></trkpt><trkpt lat="36.945969" lon="-111.692863"><ele>1086.23877</ele><time>2026-04-06T16:56:40.821Z</time></trkpt><trkpt lat="36.945938" lon="-111.692612"><ele>1083.404175</ele><time>2026-04-06T16:56:48.821Z</time></trkpt><trkpt lat="36.9459" lon="-111.692581"><ele>1081.995972</ele><time>2026-04-06T16:56:52.821Z</time></trkpt><trkpt lat="36.945877" lon="-111.692497"><ele>1082.204102</ele><time>2026-04-06T16:56:55.822Z</time></trkpt><trkpt lat="36.945816" lon="-111.692459"><ele>1081.426147</ele><time>2026-04-06T16:57:15.821Z</time></trkpt><trkpt lat="36.945858" lon="-111.69249"><ele>1080.417725</ele><time>2026-04-06T16:57:22.823Z</time></trkpt><trkpt lat="36.945896" lon="-111.692375"><ele>1082.341309</ele><time>2026-04-06T16:57:30.822Z</time></trkpt><trkpt lat="36.945812" lon="-111.692291"><ele>1080.916504</ele><time>2026-04-06T16:57:55.823Z</time></trkpt><trkpt lat="36.945721" lon="-111.691948"><ele>1082.544922</ele><time>2026-04-06T16:57:59.824Z</time></trkpt><trkpt lat="36.945671" lon="-111.691841"><ele>1082.739258</ele><time>2026-04-06T16:58:21.816Z</time></trkpt><trkpt lat="36.945663" lon="-111.691628"><ele>1081.352417</ele><time>2026-04-06T16:58:27.812Z</time></trkpt><trkpt lat="36.945454" lon="-111.691383"><ele>1083.624634</ele><time>2026-04-06T16:58:33.822Z</time></trkpt><trkpt lat="36.945442" lon="-111.691055"><ele>1083.213623</ele><time>2026-04-06T16:58:52.820Z</time></trkpt><trkpt lat="36.94553" lon="-111.69088"><ele>1083.866333</ele><time>2026-04-06T16:58:55.822Z</time></trkpt><trkpt lat="36.945553" lon="-111.690735"><ele>1081.902344</ele><time>2026-04-06T16:59:00.822Z</time></trkpt><trkpt lat="36.945431" lon="-111.690552"><ele>1083.411133</ele><time>2026-04-06T16:59:04.824Z</time></trkpt><trkpt lat="36.945522" lon="-111.69043"><ele>1083.288696</ele><time>2026-04-06T16:59:08.821Z</time></trkpt><trkpt lat="36.945541" lon="-111.690353"><ele>1084.446899</ele><time>2026-04-06T16:59:18.820Z</time></trkpt><trkpt lat="36.945473" lon="-111.690323"><ele>1083.570923</ele><time>2026-04-06T16:59:26.821Z</time></trkpt><trkpt lat="36.945305" lon="-111.690186"><ele>1085.604004</ele><time>2026-04-06T16:59:38.814Z</time></trkpt><trkpt lat="36.945267" lon="-111.690086"><ele>1084.546631</ele><time>2026-04-06T16:59:43.821Z</time></trkpt><trkpt lat="36.945244" lon="-111.690063"><ele>1085.348022</ele><time>2026-04-06T17:01:36.815Z</time></trkpt><trkpt lat="36.94519" lon="-111.689789"><ele>1084.720215</ele><time>2026-04-06T17:01:50.822Z</time></trkpt><trkpt lat="36.945339" lon="-111.689621"><ele>1082.156494</ele><time>2026-04-06T17:02:14.822Z</time></trkpt><trkpt lat="36.945404" lon="-111.689598"><ele>1082.645752</ele><time>2026-04-06T17:02:27.825Z</time></trkpt><trkpt lat="36.945419" lon="-111.689522"><ele>1082.080933</ele><time>2026-04-06T17:02:31.824Z</time></trkpt><trkpt lat="36.945545" lon="-111.689339"><ele>1081.207397</ele><time>2026-04-06T17:02:41.817Z</time></trkpt><trkpt lat="36.945583" lon="-111.689163"><ele>1080.64624</ele><time>2026-04-06T17:02:59.822Z</time></trkpt><trkpt lat="36.945667" lon="-111.689133"><ele>1078.777954</ele><time>2026-04-06T17:03:19.822Z</time></trkpt><trkpt lat="36.945583" lon="-111.68898"><ele>1081.147705</ele><time>2026-04-06T17:03:42.817Z</time></trkpt><trkpt lat="36.945488" lon="-111.688622"><ele>1079.84436</ele><time>2026-04-06T17:04:05.824Z</time></trkpt><trkpt lat="36.945442" lon="-111.688515"><ele>1080.703003</ele><time>2026-04-06T17:04:17.826Z</time></trkpt><trkpt lat="36.945469" lon="-111.688423"><ele>1080.093506</ele><time>2026-04-06T17:04:29.823Z</time></trkpt><trkpt lat="36.94558" lon="-111.688217"><ele>1083.42395</ele><time>2026-04-06T17:04:39.825Z</time></trkpt><trkpt lat="36.945797" lon="-111.688034"><ele>1081.025391</ele><time>2026-04-06T17:04:55.823Z</time></trkpt><trkpt lat="36.945827" lon="-111.687958"><ele>1081.113892</ele><time>2026-04-06T17:04:58.822Z</time></trkpt><trkpt lat="36.9459" lon="-111.687874"><ele>1081.59314</ele><time>2026-04-06T17:05:01.820Z</time></trkpt><trkpt lat="36.946262" lon="-111.687622"><ele>1084.06897</ele><time>2026-04-06T17:05:19.824Z</time></trkpt><trkpt lat="36.946301" lon="-111.687508"><ele>1084.338013</ele><time>2026-04-06T17:05:29.825Z</time></trkpt><trkpt lat="36.946453" lon="-111.687294"><ele>1085.68042</ele><time>2026-04-06T17:05:34.824Z</time></trkpt><trkpt lat="36.946487" lon="-111.687271"><ele>1085.748779</ele><time>2026-04-06T17:05:43.825Z</time></trkpt><trkpt lat="36.946541" lon="-111.686966"><ele>1088.910034</ele><time>2026-04-06T17:05:48.825Z</time></trkpt><trkpt lat="36.946609" lon="-111.686913"><ele>1091.512451</ele><time>2026-04-06T17:06:41.817Z</time></trkpt><trkpt lat="36.946857" lon="-111.686562"><ele>1087.750854</ele><time>2026-04-06T17:06:58.824Z</time></trkpt><trkpt lat="36.946831" lon="-111.686485"><ele>1088.630005</ele><time>2026-04-06T17:07:08.822Z</time></trkpt><trkpt lat="36.946957" lon="-111.686249"><ele>1089.659546</ele><time>2026-04-06T17:07:21.821Z</time></trkpt><trkpt lat="36.947044" lon="-111.685898"><ele>1084.631226</ele><time>2026-04-06T17:07:25.824Z</time></trkpt><trkpt lat="36.947155" lon="-111.685822"><ele>1084.485229</ele><time>2026-04-06T17:07:49.824Z</time></trkpt><trkpt lat="36.947201" lon="-111.68576"><ele>1085.257935</ele><time>2026-04-06T17:07:53.825Z</time></trkpt><trkpt lat="36.947227" lon="-111.685638"><ele>1084.282227</ele><time>2026-04-06T17:07:58.822Z</time></trkpt><trkpt lat="36.947372" lon="-111.685425"><ele>1085.168457</ele><time>2026-04-06T17:08:16.815Z</time></trkpt><trkpt lat="36.947422" lon="-111.685318"><ele>1085.266357</ele><time>2026-04-06T17:08:20.825Z</time></trkpt><trkpt lat="36.947437" lon="-111.685226"><ele>1084.932129</ele><time>2026-04-06T17:08:45.824Z</time></trkpt><trkpt lat="36.947525" lon="-111.685081"><ele>1082.156616</ele><time>2026-04-06T17:09:07.824Z</time></trkpt><trkpt lat="36.947517" lon="-111.684814"><ele>1082.107544</ele><time>2026-04-06T17:09:12.823Z</time></trkpt><trkpt lat="36.947536" lon="-111.684746"><ele>1081.850098</ele><time>2026-04-06T17:09:16.824Z</time></trkpt><trkpt lat="36.94754" lon="-111.68454"><ele>1081.348511</ele><time>2026-04-06T17:09:23.824Z</time></trkpt><trkpt lat="36.947491" lon="-111.684326"><ele>1080.703979</ele><time>2026-04-06T17:09:33.824Z</time></trkpt><trkpt lat="36.947414" lon="-111.684174"><ele>1081.177734</ele><time>2026-04-06T17:09:37.825Z</time></trkpt><trkpt lat="36.947407" lon="-111.684067"><ele>1082.095215</ele><time>2026-04-06T17:09:45.826Z</time></trkpt><trkpt lat="36.947315" lon="-111.683929"><ele>1080.867676</ele><time>2026-04-06T17:09:54.824Z</time></trkpt><trkpt lat="36.947289" lon="-111.683716"><ele>1081.229004</ele><time>2026-04-06T17:10:02.825Z</time></trkpt><trkpt lat="36.947254" lon="-111.683647"><ele>1080.127197</ele><time>2026-04-06T17:10:06.827Z</time></trkpt><trkpt lat="36.947266" lon="-111.683609"><ele>1081.367188</ele><time>2026-04-06T17:10:16.826Z</time></trkpt><trkpt lat="36.947243" lon="-111.683434"><ele>1080.661743</ele><time>2026-04-06T17:10:21.824Z</time></trkpt><trkpt lat="36.947178" lon="-111.68325"><ele>1082.543823</ele><time>2026-04-06T17:11:03.823Z</time></trkpt><trkpt lat="36.947151" lon="-111.683105"><ele>1081.827881</ele><time>2026-04-06T17:11:26.827Z</time></trkpt><trkpt lat="36.947144" lon="-111.682854"><ele>1083.670898</ele><time>2026-04-06T17:11:35.826Z</time></trkpt><trkpt lat="36.947098" lon="-111.682747"><ele>1085.097168</ele><time>2026-04-06T17:11:43.825Z</time></trkpt><trkpt lat="36.94717" lon="-111.682465"><ele>1081.415039</ele><time>2026-04-06T17:12:06.824Z</time></trkpt><trkpt lat="36.947147" lon="-111.682678"><ele>1084.115356</ele><time>2026-04-06T17:12:27.824Z</time></trkpt><trkpt lat="36.947277" lon="-111.682442"><ele>1077.834106</ele><time>2026-04-06T17:12:34.824Z</time></trkpt><trkpt lat="36.947197" lon="-111.682182"><ele>1082.037109</ele><time>2026-04-06T17:12:41.826Z</time></trkpt><trkpt lat="36.947262" lon="-111.682144"><ele>1082.407104</ele><time>2026-04-06T17:12:49.826Z</time></trkpt><trkpt lat="36.947269" lon="-111.682083"><ele>1081.874756</ele><time>2026-04-06T17:12:52.824Z</time></trkpt><trkpt lat="36.947227" lon="-111.681946"><ele>1082.625854</ele><time>2026-04-06T17:13:01.824Z</time></trkpt><trkpt lat="36.94733" lon="-111.681618"><ele>1086.194458</ele><time>2026-04-06T17:13:24.826Z</time></trkpt><trkpt lat="36.947357" lon="-111.681572"><ele>1085.75061</ele><time>2026-04-06T17:13:33.826Z</time></trkpt><trkpt lat="36.947399" lon="-111.681328"><ele>1087.747803</ele><time>2026-04-06T17:14:02.826Z</time></trkpt><trkpt lat="36.947453" lon="-111.681274"><ele>1087.255981</ele><time>2026-04-06T17:14:20.821Z</time></trkpt><trkpt lat="36.947449" lon="-111.681137"><ele>1086.967407</ele><time>2026-04-06T17:14:24.825Z</time></trkpt><trkpt lat="36.947521" lon="-111.680954"><ele>1085.625244</ele><time>2026-04-06T17:14:28.826Z</time></trkpt><trkpt lat="36.94754" lon="-111.681"><ele>1087.184814</ele><time>2026-04-06T17:14:50.828Z</time></trkpt><trkpt lat="36.947529" lon="-111.680786"><ele>1087.401855</ele><time>2026-04-06T17:15:12.825Z</time></trkpt><trkpt lat="36.947559" lon="-111.680473"><ele>1087.371948</ele><time>2026-04-06T17:17:46.822Z</time></trkpt><trkpt lat="36.947487" lon="-111.680191"><ele>1086.313599</ele><time>2026-04-06T17:18:06.825Z</time></trkpt><trkpt lat="36.947433" lon="-111.680077"><ele>1086.695923</ele><time>2026-04-06T17:18:20.824Z</time></trkpt><trkpt lat="36.947372" lon="-111.679855"><ele>1087.01416</ele><time>2026-04-06T17:18:30.826Z</time></trkpt><trkpt lat="36.947342" lon="-111.67968"><ele>1087.78479</ele><time>2026-04-06T17:18:41.826Z</time></trkpt><trkpt lat="36.947247" lon="-111.679474"><ele>1088.965698</ele><time>2026-04-06T17:19:07.826Z</time></trkpt><trkpt lat="36.947163" lon="-111.679375"><ele>1089.234741</ele><time>2026-04-06T17:19:56.819Z</time></trkpt><trkpt lat="36.94706" lon="-111.679298"><ele>1089.18335</ele><time>2026-04-06T17:20:26.823Z</time></trkpt><trkpt lat="36.947029" lon="-111.679291"><ele>1088.843506</ele><time>2026-04-06T17:20:40.824Z</time></trkpt><trkpt lat="36.94685" lon="-111.679123"><ele>1089.935425</ele><time>2026-04-06T17:20:47.825Z</time></trkpt><trkpt lat="36.946808" lon="-111.679062"><ele>1089.872314</ele><time>2026-04-06T17:20:52.825Z</time></trkpt><trkpt lat="36.946712" lon="-111.679016"><ele>1091.470093</ele><time>2026-04-06T17:21:24.825Z</time></trkpt><trkpt lat="36.946632" lon="-111.678947"><ele>1090.306763</ele><time>2026-04-06T17:21:38.823Z</time></trkpt><trkpt lat="36.946571" lon="-111.678864"><ele>1091.314453</ele><time>2026-04-06T17:21:42.826Z</time></trkpt><trkpt lat="36.946552" lon="-111.67878"><ele>1090.045044</ele><time>2026-04-06T17:21:57.827Z</time></trkpt><trkpt lat="36.946354" lon="-111.678558"><ele>1090.262085</ele><time>2026-04-06T17:22:01.827Z</time></trkpt><trkpt lat="36.946339" lon="-111.678505"><ele>1090.945313</ele><time>2026-04-06T17:22:04.827Z</time></trkpt><trkpt lat="36.946136" lon="-111.678406"><ele>1091.153809</ele><time>2026-04-06T17:22:11.825Z</time></trkpt><trkpt lat="36.946102" lon="-111.678345"><ele>1089.911743</ele><time>2026-04-06T17:22:23.827Z</time></trkpt><trkpt lat="36.945984" lon="-111.678223"><ele>1090.257813</ele><time>2026-04-06T17:22:26.826Z</time></trkpt><trkpt lat="36.945808" lon="-111.678085"><ele>1092.034912</ele><time>2026-04-06T17:22:31.823Z</time></trkpt><trkpt lat="36.945728" lon="-111.677994"><ele>1092.643188</ele><time>2026-04-06T17:22:45.823Z</time></trkpt><trkpt lat="36.945602" lon="-111.677811"><ele>1092.979004</ele><time>2026-04-06T17:23:10.823Z</time></trkpt><trkpt lat="36.945595" lon="-111.677765"><ele>1091.879883</ele><time>2026-04-06T17:23:18.825Z</time></trkpt><trkpt lat="36.945515" lon="-111.677589"><ele>1093.339355</ele><time>2026-04-06T17:23:31.824Z</time></trkpt><trkpt lat="36.945282" lon="-111.677338"><ele>1093.056152</ele><time>2026-04-06T17:23:40.828Z</time></trkpt><trkpt lat="36.945179" lon="-111.677193"><ele>1093.505615</ele><time>2026-04-06T17:23:53.824Z</time></trkpt><trkpt lat="36.945068" lon="-111.67691"><ele>1093.051758</ele><time>2026-04-06T17:23:55.829Z</time></trkpt><trkpt lat="36.944973" lon="-111.676834"><ele>1091.800903</ele><time>2026-04-06T17:24:04.826Z</time></trkpt><trkpt lat="36.944958" lon="-111.67675"><ele>1092.087158</ele><time>2026-04-06T17:24:08.817Z</time></trkpt><trkpt lat="36.94482" lon="-111.676521"><ele>1093.142822</ele><time>2026-04-06T17:24:11.825Z</time></trkpt><trkpt lat="36.944798" lon="-111.676338"><ele>1091.908203</ele><time>2026-04-06T17:24:19.825Z</time></trkpt><trkpt lat="36.944698" lon="-111.67614"><ele>1091.432983</ele><time>2026-04-06T17:24:26.826Z</time></trkpt><trkpt lat="36.944523" lon="-111.676018"><ele>1092.795654</ele><time>2026-04-06T17:24:30.827Z</time></trkpt><trkpt lat="36.944447" lon="-111.675903"><ele>1090.158447</ele><time>2026-04-06T17:24:35.829Z</time></trkpt><trkpt lat="36.944221" lon="-111.675644"><ele>1092.141968</ele><time>2026-04-06T17:24:39.828Z</time></trkpt><trkpt lat="36.944218" lon="-111.675568"><ele>1092.424438</ele><time>2026-04-06T17:24:42.836Z</time></trkpt><trkpt lat="36.944237" lon="-111.675499"><ele>1091.901123</ele><time>2026-04-06T17:24:52.826Z</time></trkpt><trkpt lat="36.944218" lon="-111.675438"><ele>1092.436035</ele><time>2026-04-06T17:25:05.837Z</time></trkpt><trkpt lat="36.944237" lon="-111.675385"><ele>1091.064575</ele><time>2026-04-06T17:25:09.819Z</time></trkpt><trkpt lat="36.944172" lon="-111.675117"><ele>1091.247925</ele><time>2026-04-06T17:25:13.827Z</time></trkpt><trkpt lat="36.944199" lon="-111.674927"><ele>1090.747925</ele><time>2026-04-06T17:25:18.828Z</time></trkpt><trkpt lat="36.944138" lon="-111.674759"><ele>1088.515991</ele><time>2026-04-06T17:25:55.825Z</time></trkpt><trkpt lat="36.944046" lon="-111.674629"><ele>1090.468994</ele><time>2026-04-06T17:26:00.828Z</time></trkpt><trkpt lat="36.944038" lon="-111.674576"><ele>1090.253052</ele><time>2026-04-06T17:26:50.826Z</time></trkpt><trkpt lat="36.944" lon="-111.674515"><ele>1087.595093</ele><time>2026-04-06T17:27:08.819Z</time></trkpt><trkpt lat="36.943531" lon="-111.674477"><ele>1093.42627</ele><time>2026-04-06T17:28:40.826Z</time></trkpt><trkpt lat="36.943401" lon="-111.67437"><ele>1093.515869</ele><time>2026-04-06T17:28:52.827Z</time></trkpt><trkpt lat="36.943218" lon="-111.674271"><ele>1093.142822</ele><time>2026-04-06T17:29:08.827Z</time></trkpt><trkpt lat="36.94297" lon="-111.674103"><ele>1089.654663</ele><time>2026-04-06T17:29:27.827Z</time></trkpt><trkpt lat="36.942852" lon="-111.674057"><ele>1090.778931</ele><time>2026-04-06T17:29:39.827Z</time></trkpt><trkpt lat="36.942699" lon="-111.673965"><ele>1088.573975</ele><time>2026-04-06T17:29:47.828Z</time></trkpt><trkpt lat="36.942459" lon="-111.67363"><ele>1088.340332</ele><time>2026-04-06T17:29:52.830Z</time></trkpt><trkpt lat="36.942421" lon="-111.673622"><ele>1089.798218</ele><time>2026-04-06T17:30:05.829Z</time></trkpt><trkpt lat="36.94244" lon="-111.6735"><ele>1089.852173</ele><time>2026-04-06T17:30:09.828Z</time></trkpt><trkpt lat="36.942402" lon="-111.67347"><ele>1087.846191</ele><time>2026-04-06T17:30:15.830Z</time></trkpt><trkpt lat="36.942371" lon="-111.673378"><ele>1087.844238</ele><time>2026-04-06T17:30:27.827Z</time></trkpt><trkpt lat="36.942337" lon="-111.673355"><ele>1088.072388</ele><time>2026-04-06T17:30:57.830Z</time></trkpt><trkpt lat="36.942291" lon="-111.673233"><ele>1087.699341</ele><time>2026-04-06T17:31:18.827Z</time></trkpt><trkpt lat="36.94202" lon="-111.673065"><ele>1084.190308</ele><time>2026-04-06T17:31:23.829Z</time></trkpt><trkpt lat="36.941933" lon="-111.672989"><ele>1085.901367</ele><time>2026-04-06T17:31:34.829Z</time></trkpt><trkpt lat="36.941635" lon="-111.673019"><ele>1084.440308</ele><time>2026-04-06T17:32:02.828Z</time></trkpt><trkpt lat="36.941586" lon="-111.672981"><ele>1083.540161</ele><time>2026-04-06T17:32:38.827Z</time></trkpt><trkpt lat="36.941135" lon="-111.673004"><ele>1085.780884</ele><time>2026-04-06T17:32:55.829Z</time></trkpt><trkpt lat="36.941044" lon="-111.672974"><ele>1084.275757</ele><time>2026-04-06T17:32:58.827Z</time></trkpt><trkpt lat="36.940933" lon="-111.672905"><ele>1083.533569</ele><time>2026-04-06T17:33:02.828Z</time></trkpt><trkpt lat="36.940758" lon="-111.672844"><ele>1084.224731</ele><time>2026-04-06T17:33:05.826Z</time></trkpt><trkpt lat="36.940674" lon="-111.672791"><ele>1085.188354</ele><time>2026-04-06T17:33:11.828Z</time></trkpt><trkpt lat="36.940384" lon="-111.672546"><ele>1082.019775</ele><time>2026-04-06T17:33:15.828Z</time></trkpt><trkpt lat="36.940346" lon="-111.672562"><ele>1082.450195</ele><time>2026-04-06T17:33:29.828Z</time></trkpt><trkpt lat="36.9403" lon="-111.672646"><ele>1082.166138</ele><time>2026-04-06T17:33:55.825Z</time></trkpt><trkpt lat="36.940266" lon="-111.672638"><ele>1082.554443</ele><time>2026-04-06T17:34:00.829Z</time></trkpt><trkpt lat="36.940067" lon="-111.672295"><ele>1067.287598</ele><time>2026-04-06T17:34:23.830Z</time></trkpt><trkpt lat="36.939907" lon="-111.672234"><ele>1065.155273</ele><time>2026-04-06T17:34:49.826Z</time></trkpt><trkpt lat="36.939713" lon="-111.672012"><ele>1061.47876</ele><time>2026-04-06T17:34:51.829Z</time></trkpt><trkpt lat="36.939484" lon="-111.671875"><ele>1065.105591</ele><time>2026-04-06T17:35:02.827Z</time></trkpt><trkpt lat="36.939373" lon="-111.671768"><ele>1064.599365</ele><time>2026-04-06T17:35:14.828Z</time></trkpt><trkpt lat="36.939335" lon="-111.671753"><ele>1062.046387</ele><time>2026-04-06T17:35:26.828Z</time></trkpt><trkpt lat="36.939194" lon="-111.67186"><ele>1064.240356</ele><time>2026-04-06T17:35:42.827Z</time></trkpt><trkpt lat="36.939007" lon="-111.671791"><ele>1065.4646</ele><time>2026-04-06T17:36:51.827Z</time></trkpt><trkpt lat="36.93885" lon="-111.671761"><ele>1065.667236</ele><time>2026-04-06T17:42:52.826Z</time></trkpt><trkpt lat="36.938702" lon="-111.671707"><ele>1068.644775</ele><time>2026-04-06T17:43:34.830Z</time></trkpt><trkpt lat="36.938522" lon="-111.671524"><ele>1064.996582</ele><time>2026-04-06T17:44:15.830Z</time></trkpt><trkpt lat="36.938354" lon="-111.671524"><ele>1070.637573</ele><time>2026-04-06T17:44:19.830Z</time></trkpt><trkpt lat="36.938019" lon="-111.671379"><ele>1074.729004</ele><time>2026-04-06T17:44:25.833Z</time></trkpt><trkpt lat="36.937881" lon="-111.671066"><ele>1064.636108</ele><time>2026-04-06T17:44:32.821Z</time></trkpt><trkpt lat="36.938011" lon="-111.671036"><ele>1059.568237</ele><time>2026-04-06T17:44:45.830Z</time></trkpt><trkpt lat="36.937893" lon="-111.670792"><ele>1053.999756</ele><time>2026-04-06T17:44:48.828Z</time></trkpt><trkpt lat="36.937847" lon="-111.670708"><ele>1054.335449</ele><time>2026-04-06T17:44:56.821Z</time></trkpt><trkpt lat="36.937725" lon="-111.670609"><ele>1055.690186</ele><time>2026-04-06T17:45:02.830Z</time></trkpt><trkpt lat="36.937687" lon="-111.670494"><ele>1055.497559</ele><time>2026-04-06T17:45:08.827Z</time></trkpt><trkpt lat="36.937614" lon="-111.670403"><ele>1054.083374</ele><time>2026-04-06T17:45:14.822Z</time></trkpt><trkpt lat="36.937481" lon="-111.670311"><ele>1051.297485</ele><time>2026-04-06T17:45:39.830Z</time></trkpt><trkpt lat="36.937202" lon="-111.670341"><ele>1051.844971</ele><time>2026-04-06T17:46:00.829Z</time></trkpt><trkpt lat="36.937164" lon="-111.670364"><ele>1051.982544</ele><time>2026-04-06T17:46:20.830Z</time></trkpt><trkpt lat="36.937099" lon="-111.670456"><ele>1051.923462</ele><time>2026-04-06T17:46:46.830Z</time></trkpt><trkpt lat="36.937088" lon="-111.670563"><ele>1051.446899</ele><time>2026-04-06T17:46:51.832Z</time></trkpt><trkpt lat="36.937065" lon="-111.670616"><ele>1051.298584</ele><time>2026-04-06T17:47:12.829Z</time></trkpt><trkpt lat="36.936935" lon="-111.670631"><ele>1047.543945</ele><time>2026-04-06T17:47:19.830Z</time></trkpt><trkpt lat="36.936764" lon="-111.670425"><ele>1051.451416</ele><time>2026-04-06T17:49:22.824Z</time></trkpt><trkpt lat="36.936684" lon="-111.67025"><ele>1046.421997</ele><time>2026-04-06T17:49:45.830Z</time></trkpt><trkpt lat="36.936523" lon="-111.670166"><ele>1046.961914</ele><time>2026-04-06T17:49:57.832Z</time></trkpt><trkpt lat="36.936443" lon="-111.670166"><ele>1046.321899</ele><time>2026-04-06T17:50:08.827Z</time></trkpt><trkpt lat="36.936405" lon="-111.670128"><ele>1047.272827</ele><time>2026-04-06T17:50:32.830Z</time></trkpt><trkpt lat="36.93618" lon="-111.670052"><ele>1047.637451</ele><time>2026-04-06T17:50:58.828Z</time></trkpt><trkpt lat="36.936134" lon="-111.669662"><ele>1041.793701</ele><time>2026-04-06T17:51:03.827Z</time></trkpt><trkpt lat="36.9361" lon="-111.669518"><ele>1042.961182</ele><time>2026-04-06T17:51:52.829Z</time></trkpt><trkpt lat="36.935978" lon="-111.669388"><ele>1041.61145</ele><time>2026-04-06T17:52:01.829Z</time></trkpt><trkpt lat="36.935772" lon="-111.669083"><ele>1044.473755</ele><time>2026-04-06T17:52:11.830Z</time></trkpt><trkpt lat="36.935604" lon="-111.668724"><ele>1040.906494</ele><time>2026-04-06T17:52:47.824Z</time></trkpt><trkpt lat="36.935562" lon="-111.668602"><ele>1041.21814</ele><time>2026-04-06T17:53:16.824Z</time></trkpt><trkpt lat="36.935425" lon="-111.668442"><ele>1039.119385</ele><time>2026-04-06T17:53:21.823Z</time></trkpt><trkpt lat="36.935272" lon="-111.668312"><ele>1039.542236</ele><time>2026-04-06T17:53:37.830Z</time></trkpt><trkpt lat="36.935181" lon="-111.668182"><ele>1037.266724</ele><time>2026-04-06T17:54:38.830Z</time></trkpt><trkpt lat="36.935081" lon="-111.668106"><ele>1040.480225</ele><time>2026-04-06T17:55:26.828Z</time></trkpt><trkpt lat="36.935059" lon="-111.66803"><ele>1035.668335</ele><time>2026-04-06T17:55:31.829Z</time></trkpt><trkpt lat="36.934868" lon="-111.667747"><ele>1035.345093</ele><time>2026-04-06T17:55:40.830Z</time></trkpt><trkpt lat="36.934772" lon="-111.667557"><ele>1033.444092</ele><time>2026-04-06T17:56:25.832Z</time></trkpt><trkpt lat="36.934616" lon="-111.667511"><ele>1034.142456</ele><time>2026-04-06T17:56:37.829Z</time></trkpt><trkpt lat="36.934486" lon="-111.667519"><ele>1034.775635</ele><time>2026-04-06T17:56:52.830Z</time></trkpt><trkpt lat="36.934025" lon="-111.667221"><ele>1029.161987</ele><time>2026-04-06T17:56:56.829Z</time></trkpt><trkpt lat="36.933968" lon="-111.667145"><ele>1028.763672</ele><time>2026-04-06T17:56:59.832Z</time></trkpt><trkpt lat="36.933884" lon="-111.66713"><ele>1028.572998</ele><time>2026-04-06T17:57:22.830Z</time></trkpt><trkpt lat="36.933372" lon="-111.666939"><ele>1027.968262</ele><time>2026-04-06T17:57:28.832Z</time></trkpt><trkpt lat="36.933285" lon="-111.666847"><ele>1025.351685</ele><time>2026-04-06T17:57:42.826Z</time></trkpt><trkpt lat="36.933239" lon="-111.666847"><ele>1026.365479</ele><time>2026-04-06T17:57:52.828Z</time></trkpt><trkpt lat="36.933193" lon="-111.666763"><ele>1026.361206</ele><time>2026-04-06T17:57:59.830Z</time></trkpt><trkpt lat="36.933159" lon="-111.666733"><ele>1026.106934</ele><time>2026-04-06T17:58:03.829Z</time></trkpt><trkpt lat="36.932968" lon="-111.666618"><ele>1023.318115</ele><time>2026-04-06T17:58:08.829Z</time></trkpt><trkpt lat="36.932877" lon="-111.666595"><ele>1024.174683</ele><time>2026-04-06T17:58:13.828Z</time></trkpt><trkpt lat="36.932755" lon="-111.666458"><ele>1022.78302</ele><time>2026-04-06T18:00:23.829Z</time></trkpt><trkpt lat="36.932671" lon="-111.666428"><ele>1024.161255</ele><time>2026-04-06T18:00:30.829Z</time></trkpt><trkpt lat="36.932598" lon="-111.666359"><ele>1024.175415</ele><time>2026-04-06T18:01:03.830Z</time></trkpt><trkpt lat="36.932491" lon="-111.666183"><ele>1023.459534</ele><time>2026-04-06T18:02:05.830Z</time></trkpt><trkpt lat="36.932449" lon="-111.666161"><ele>1023.619568</ele><time>2026-04-06T18:02:27.830Z</time></trkpt><trkpt lat="36.932316" lon="-111.666016"><ele>1025.645996</ele><time>2026-04-06T18:03:04.830Z</time></trkpt><trkpt lat="36.932217" lon="-111.665619"><ele>1023.492493</ele><time>2026-04-06T18:03:13.830Z</time></trkpt><trkpt lat="36.932247" lon="-111.665489"><ele>1023.234924</ele><time>2026-04-06T18:03:18.830Z</time></trkpt><trkpt lat="36.932224" lon="-111.665436"><ele>1023.401428</ele><time>2026-04-06T18:03:30.830Z</time></trkpt><trkpt lat="36.932011" lon="-111.665161"><ele>1022.4823</ele><time>2026-04-06T18:03:34.832Z</time></trkpt><trkpt lat="36.931767" lon="-111.665062"><ele>1022.18103</ele><time>2026-04-06T18:03:55.830Z</time></trkpt><trkpt lat="36.931698" lon="-111.664993"><ele>1023.889099</ele><time>2026-04-06T18:03:59.832Z</time></trkpt><trkpt lat="36.931667" lon="-111.664886"><ele>1021.598022</ele><time>2026-04-06T18:04:04.830Z</time></trkpt><trkpt lat="36.931343" lon="-111.664406"><ele>1020.939697</ele><time>2026-04-06T18:04:09.834Z</time></trkpt><trkpt lat="36.931263" lon="-111.664345"><ele>1022.48114</ele><time>2026-04-06T18:04:26.830Z</time></trkpt><trkpt lat="36.931248" lon="-111.664291"><ele>1022.437683</ele><time>2026-04-06T18:04:50.830Z</time></trkpt><trkpt lat="36.931385" lon="-111.66449"><ele>1020.364075</ele><time>2026-04-06T18:05:17.824Z</time></trkpt><trkpt lat="36.931519" lon="-111.664642"><ele>1021.011719</ele><time>2026-04-06T18:05:34.829Z</time></trkpt><trkpt lat="36.931728" lon="-111.665077"><ele>1024.984619</ele><time>2026-04-06T18:05:46.829Z</time></trkpt><trkpt lat="36.931622" lon="-111.664749"><ele>1023.073425</ele><time>2026-04-06T18:06:17.832Z</time></trkpt><trkpt lat="36.931522" lon="-111.664703"><ele>1021.38269</ele><time>2026-04-06T18:06:27.830Z</time></trkpt><trkpt lat="36.931458" lon="-111.664589"><ele>1023.132568</ele><time>2026-04-06T18:07:04.830Z</time></trkpt><trkpt lat="36.931496" lon="-111.664635"><ele>1022.200684</ele><time>2026-04-06T18:07:18.832Z</time></trkpt><trkpt lat="36.931534" lon="-111.664734"><ele>1023.190735</ele><time>2026-04-06T18:07:30.830Z</time></trkpt><trkpt lat="36.931561" lon="-111.664604"><ele>1019.153992</ele><time>2026-04-06T18:07:40.829Z</time></trkpt><trkpt lat="36.931622" lon="-111.66481"><ele>1018.367737</ele><time>2026-04-06T18:08:17.834Z</time></trkpt><trkpt lat="36.931602" lon="-111.664604"><ele>1023.023254</ele><time>2026-04-06T18:08:21.825Z</time></trkpt><trkpt lat="36.931389" lon="-111.664192"><ele>1010.315857</ele><time>2026-04-06T18:08:26.832Z</time></trkpt><trkpt lat="36.931068" lon="-111.664009"><ele>1023.535034</ele><time>2026-04-06T18:08:35.833Z</time></trkpt><trkpt lat="36.930984" lon="-111.663803"><ele>1021.587891</ele><time>2026-04-06T18:08:40.832Z</time></trkpt><trkpt lat="36.930805" lon="-111.663513"><ele>1022.883606</ele><time>2026-04-06T18:08:53.832Z</time></trkpt><trkpt lat="36.930779" lon="-111.663322"><ele>1019.855591</ele><time>2026-04-06T18:09:32.830Z</time></trkpt><trkpt lat="36.930702" lon="-111.6633"><ele>1020.868896</ele><time>2026-04-06T18:09:37.830Z</time></trkpt><trkpt lat="36.930508" lon="-111.663116"><ele>1021.498901</ele><time>2026-04-06T18:09:49.830Z</time></trkpt><trkpt lat="36.930298" lon="-111.662949"><ele>1022.340515</ele><time>2026-04-06T18:10:16.830Z</time></trkpt><trkpt lat="36.930206" lon="-111.662849"><ele>1020.820618</ele><time>2026-04-06T18:17:04.834Z</time></trkpt><trkpt lat="36.93" lon="-111.662697"><ele>1022.402222</ele><time>2026-04-06T18:17:34.832Z</time></trkpt><trkpt lat="36.929867" lon="-111.662666"><ele>1022.170044</ele><time>2026-04-06T18:18:02.835Z</time></trkpt><trkpt lat="36.929733" lon="-111.662689"><ele>1022.585938</ele><time>2026-04-06T18:18:31.833Z</time></trkpt><trkpt lat="36.929672" lon="-111.662651"><ele>1022.179626</ele><time>2026-04-06T18:27:17.832Z</time></trkpt><trkpt lat="36.929638" lon="-111.662575"><ele>1022.600525</ele><time>2026-04-06T18:28:07.830Z</time></trkpt><trkpt lat="36.929543" lon="-111.66246"><ele>1021.819885</ele><time>2026-04-06T18:28:52.833Z</time></trkpt><trkpt lat="36.929478" lon="-111.662445"><ele>1021.67511</ele><time>2026-04-06T18:38:57.832Z</time></trkpt><trkpt lat="36.929298" lon="-111.662361"><ele>1021.781067</ele><time>2026-04-06T18:39:09.832Z</time></trkpt><trkpt lat="36.929169" lon="-111.662338"><ele>1021.329773</ele><time>2026-04-06T18:39:17.824Z</time></trkpt><trkpt lat="36.929123" lon="-111.66227"><ele>1021.749084</ele><time>2026-04-06T18:39:24.832Z</time></trkpt><trkpt lat="36.92897" lon="-111.662132"><ele>1021.002319</ele><time>2026-04-06T18:39:53.830Z</time></trkpt><trkpt lat="36.928566" lon="-111.66188"><ele>1023.651489</ele><time>2026-04-06T18:40:07.830Z</time></trkpt><trkpt lat="36.928535" lon="-111.66172"><ele>1023.507751</ele><time>2026-04-06T18:40:12.830Z</time></trkpt><trkpt lat="36.928444" lon="-111.661636"><ele>1025.980225</ele><time>2026-04-06T18:40:23.833Z</time></trkpt><trkpt lat="36.92844" lon="-111.66156"><ele>1025.016235</ele><time>2026-04-06T18:40:27.830Z</time></trkpt><trkpt lat="36.92831" lon="-111.661415"><ele>1026.408081</ele><time>2026-04-06T18:40:31.832Z</time></trkpt><trkpt lat="36.928261" lon="-111.660942"><ele>1023.439697</ele><time>2026-04-06T18:40:42.832Z</time></trkpt><trkpt lat="36.928207" lon="-111.660767"><ele>1026.739258</ele><time>2026-04-06T18:40:47.834Z</time></trkpt><trkpt lat="36.928177" lon="-111.660042"><ele>1027.128418</ele><time>2026-04-06T18:40:51.833Z</time></trkpt><trkpt lat="36.928108" lon="-111.659996"><ele>1031.640015</ele><time>2026-04-06T18:41:07.834Z</time></trkpt><trkpt lat="36.928139" lon="-111.659897"><ele>1031.145996</ele><time>2026-04-06T18:41:26.830Z</time></trkpt><trkpt lat="36.927818" lon="-111.659401"><ele>1037.276733</ele><time>2026-04-06T18:41:48.830Z</time></trkpt><trkpt lat="36.927746" lon="-111.659042"><ele>1033.893066</ele><time>2026-04-06T18:42:27.832Z</time></trkpt><trkpt lat="36.92754" lon="-111.65873"><ele>1032.682739</ele><time>2026-04-06T18:42:38.832Z</time></trkpt><trkpt lat="36.927402" lon="-111.657974"><ele>1019.501221</ele><time>2026-04-06T18:42:41.832Z</time></trkpt><trkpt lat="36.927101" lon="-111.658005"><ele>1017.306641</ele><time>2026-04-06T18:42:48.832Z</time></trkpt><trkpt lat="36.926979" lon="-111.658058"><ele>1019.980713</ele><time>2026-04-06T18:43:23.832Z</time></trkpt><trkpt lat="36.926899" lon="-111.657944"><ele>1016.201233</ele><time>2026-04-06T18:43:31.833Z</time></trkpt><trkpt lat="36.926495" lon="-111.657753"><ele>1013.801697</ele><time>2026-04-06T18:43:41.830Z</time></trkpt><trkpt lat="36.926285" lon="-111.657677"><ele>1014.052002</ele><time>2026-04-06T18:43:45.832Z</time></trkpt><trkpt lat="36.926044" lon="-111.657501"><ele>1013.22937</ele><time>2026-04-06T18:44:06.832Z</time></trkpt><trkpt lat="36.925903" lon="-111.657257"><ele>1014.777161</ele><time>2026-04-06T18:44:16.833Z</time></trkpt><trkpt lat="36.925934" lon="-111.657166"><ele>1013.459412</ele><time>2026-04-06T18:44:21.832Z</time></trkpt><trkpt lat="36.9259" lon="-111.657089"><ele>1013.80719</ele><time>2026-04-06T18:44:26.830Z</time></trkpt><trkpt lat="36.925907" lon="-111.656914"><ele>1012.905396</ele><time>2026-04-06T18:44:34.832Z</time></trkpt><trkpt lat="36.925766" lon="-111.656525"><ele>1015.377502</ele><time>2026-04-06T18:44:38.830Z</time></trkpt><trkpt lat="36.925652" lon="-111.656311"><ele>1013.756104</ele><time>2026-04-06T18:44:53.833Z</time></trkpt><trkpt lat="36.925591" lon="-111.656136"><ele>1013.959656</ele><time>2026-04-06T18:45:03.830Z</time></trkpt><trkpt lat="36.925537" lon="-111.655876"><ele>1014.259033</ele><time>2026-04-06T18:45:20.833Z</time></trkpt><trkpt lat="36.925472" lon="-111.655426"><ele>1015.231018</ele><time>2026-04-06T18:45:24.830Z</time></trkpt><trkpt lat="36.925255" lon="-111.655144"><ele>1014.006592</ele><time>2026-04-06T18:45:51.830Z</time></trkpt><trkpt lat="36.925148" lon="-111.654922"><ele>1016.071167</ele><time>2026-04-06T18:45:58.829Z</time></trkpt><trkpt lat="36.925213" lon="-111.65509"><ele>1013.411621</ele><time>2026-04-06T18:46:08.830Z</time></trkpt><trkpt lat="36.925171" lon="-111.655174"><ele>1013.22644</ele><time>2026-04-06T18:46:26.830Z</time></trkpt><trkpt lat="36.925117" lon="-111.65522"><ele>1013.303162</ele><time>2026-04-06T18:46:42.833Z</time></trkpt><trkpt lat="36.925053" lon="-111.655205"><ele>1012.719971</ele><time>2026-04-06T18:46:56.832Z</time></trkpt><trkpt lat="36.92498" lon="-111.655067"><ele>1012.85968</ele><time>2026-04-06T18:46:59.833Z</time></trkpt><trkpt lat="36.924873" lon="-111.654938"><ele>1013.563538</ele><time>2026-04-06T18:47:04.832Z</time></trkpt><trkpt lat="36.924671" lon="-111.654778"><ele>1015.39447</ele><time>2026-04-06T18:47:48.834Z</time></trkpt><trkpt lat="36.9244" lon="-111.654823"><ele>1019.02655</ele><time>2026-04-06T18:48:19.832Z</time></trkpt><trkpt lat="36.92421" lon="-111.654961"><ele>1014.712402</ele><time>2026-04-06T18:48:49.830Z</time></trkpt><trkpt lat="36.924137" lon="-111.654938"><ele>1014.778198</ele><time>2026-04-06T18:48:58.830Z</time></trkpt><trkpt lat="36.923832" lon="-111.654938"><ele>1011.882019</ele><time>2026-04-06T18:49:06.832Z</time></trkpt><trkpt lat="36.923653" lon="-111.654816"><ele>1011.747986</ele><time>2026-04-06T18:49:21.832Z</time></trkpt><trkpt lat="36.923294" lon="-111.654305"><ele>1016.29657</ele><time>2026-04-06T18:49:28.836Z</time></trkpt><trkpt lat="36.923237" lon="-111.654167"><ele>1015.023376</ele><time>2026-04-06T18:49:32.832Z</time></trkpt><trkpt lat="36.923153" lon="-111.654022"><ele>1017.324341</ele><time>2026-04-06T18:50:21.832Z</time></trkpt><trkpt lat="36.9231" lon="-111.653854"><ele>1017.644897</ele><time>2026-04-06T18:50:46.834Z</time></trkpt><trkpt lat="36.923077" lon="-111.653694"><ele>1016.865479</ele><time>2026-04-06T18:51:09.833Z</time></trkpt><trkpt lat="36.923088" lon="-111.65345"><ele>1016.805115</ele><time>2026-04-06T18:51:23.832Z</time></trkpt><trkpt lat="36.923058" lon="-111.653061"><ele>1013.388733</ele><time>2026-04-06T18:51:36.825Z</time></trkpt><trkpt lat="36.923065" lon="-111.652969"><ele>1013.506165</ele><time>2026-04-06T18:51:40.833Z</time></trkpt><trkpt lat="36.923058" lon="-111.652885"><ele>1012.100586</ele><time>2026-04-06T18:51:46.834Z</time></trkpt><trkpt lat="36.923031" lon="-111.652809"><ele>1012.029236</ele><time>2026-04-06T18:52:14.834Z</time></trkpt><trkpt lat="36.9231" lon="-111.65258"><ele>1012.435486</ele><time>2026-04-06T18:52:40.833Z</time></trkpt><trkpt lat="36.923088" lon="-111.652153"><ele>1013.569031</ele><time>2026-04-06T18:53:05.837Z</time></trkpt><trkpt lat="36.923164" lon="-111.651886"><ele>1011.920715</ele><time>2026-04-06T18:53:31.835Z</time></trkpt><trkpt lat="36.923141" lon="-111.651718"><ele>1011.31366</ele><time>2026-04-06T18:53:52.832Z</time></trkpt><trkpt lat="36.923195" lon="-111.651535"><ele>1010.093445</ele><time>2026-04-06T18:54:18.830Z</time></trkpt><trkpt lat="36.923191" lon="-111.651451"><ele>1010.503174</ele><time>2026-04-06T18:54:29.832Z</time></trkpt><trkpt lat="36.923141" lon="-111.651398"><ele>1009.515686</ele><time>2026-04-06T18:54:36.833Z</time></trkpt><trkpt lat="36.923119" lon="-111.651245"><ele>1009.798584</ele><time>2026-04-06T18:54:50.833Z</time></trkpt><trkpt lat="36.923168" lon="-111.650955"><ele>1007.000061</ele><time>2026-04-06T18:54:55.833Z</time></trkpt><trkpt lat="36.923199" lon="-111.650894"><ele>1007.550415</ele><time>2026-04-06T18:55:00.828Z</time></trkpt><trkpt lat="36.923203" lon="-111.65078"><ele>1007.157959</ele><time>2026-04-06T18:55:31.832Z</time></trkpt><trkpt lat="36.923244" lon="-111.650604"><ele>1008.647888</ele><time>2026-04-06T18:55:37.832Z</time></trkpt><trkpt lat="36.923267" lon="-111.650398"><ele>1008.561646</ele><time>2026-04-06T18:55:43.833Z</time></trkpt><trkpt lat="36.923206" lon="-111.650024"><ele>1008.244385</ele><time>2026-04-06T18:55:48.832Z</time></trkpt><trkpt lat="36.922981" lon="-111.649796"><ele>1010.536621</ele><time>2026-04-06T18:55:52.832Z</time></trkpt><trkpt lat="36.922913" lon="-111.649506"><ele>1009.719238</ele><time>2026-04-06T18:55:58.832Z</time></trkpt><trkpt lat="36.922848" lon="-111.64933"><ele>1009.804626</ele><time>2026-04-06T18:56:09.832Z</time></trkpt><trkpt lat="36.922565" lon="-111.648834"><ele>1010.741272</ele><time>2026-04-06T18:56:18.832Z</time></trkpt><trkpt lat="36.922306" lon="-111.648552"><ele>1009.801331</ele><time>2026-04-06T18:56:35.832Z</time></trkpt><trkpt lat="36.922234" lon="-111.648567"><ele>1009.880188</ele><time>2026-04-06T18:56:50.832Z</time></trkpt><trkpt lat="36.922104" lon="-111.648468"><ele>1008.861755</ele><time>2026-04-06T18:56:58.830Z</time></trkpt><trkpt lat="36.921791" lon="-111.64843"><ele>1009.856323</ele><time>2026-04-06T18:57:15.832Z</time></trkpt><trkpt lat="36.921654" lon="-111.648323"><ele>1010.372498</ele><time>2026-04-06T18:57:20.833Z</time></trkpt><trkpt lat="36.921577" lon="-111.648354"><ele>1012.717651</ele><time>2026-04-06T18:57:26.832Z</time></trkpt><trkpt lat="36.921452" lon="-111.648262"><ele>1008.615906</ele><time>2026-04-06T18:57:48.830Z</time></trkpt><trkpt lat="36.921223" lon="-111.648026"><ele>1005.693481</ele><time>2026-04-06T18:58:08.833Z</time></trkpt><trkpt lat="36.921082" lon="-111.647964"><ele>1007.533264</ele><time>2026-04-06T18:58:32.834Z</time></trkpt><trkpt lat="36.920952" lon="-111.647858"><ele>1005.822205</ele><time>2026-04-06T18:58:43.833Z</time></trkpt><trkpt lat="36.920689" lon="-111.647804"><ele>1011.047119</ele><time>2026-04-06T18:59:01.834Z</time></trkpt><trkpt lat="36.920525" lon="-111.647446"><ele>1008.547913</ele><time>2026-04-06T18:59:16.833Z</time></trkpt><trkpt lat="36.920185" lon="-111.647202"><ele>1015.665894</ele><time>2026-04-06T18:59:31.830Z</time></trkpt><trkpt lat="36.919914" lon="-111.646637"><ele>1015.414001</ele><time>2026-04-06T18:59:40.833Z</time></trkpt><trkpt lat="36.919975" lon="-111.646599"><ele>1011.364075</ele><time>2026-04-06T18:59:50.834Z</time></trkpt><trkpt lat="36.920067" lon="-111.646454"><ele>1009.490723</ele><time>2026-04-06T19:00:03.835Z</time></trkpt><trkpt lat="36.92009" lon="-111.646378"><ele>1009.474487</ele><time>2026-04-06T19:00:21.833Z</time></trkpt><trkpt lat="36.920162" lon="-111.645584"><ele>1003.955933</ele><time>2026-04-06T19:01:09.833Z</time></trkpt><trkpt lat="36.920116" lon="-111.645531"><ele>1003.931885</ele><time>2026-04-06T19:01:54.832Z</time></trkpt><trkpt lat="36.92004" lon="-111.645264"><ele>1006.863464</ele><time>2026-04-06T19:02:09.833Z</time></trkpt><trkpt lat="36.91996" lon="-111.645149"><ele>1004.672607</ele><time>2026-04-06T19:02:15.834Z</time></trkpt><trkpt lat="36.919861" lon="-111.644875"><ele>1007.989746</ele><time>2026-04-06T19:02:20.830Z</time></trkpt><trkpt lat="36.919815" lon="-111.644669"><ele>1008.732849</ele><time>2026-04-06T19:03:19.838Z</time></trkpt><trkpt lat="36.919907" lon="-111.644463"><ele>1003.323914</ele><time>2026-04-06T19:03:32.833Z</time></trkpt><trkpt lat="36.919846" lon="-111.644173"><ele>1002.9599</ele><time>2026-04-06T19:03:51.834Z</time></trkpt><trkpt lat="36.919849" lon="-111.64402"><ele>1003.655334</ele><time>2026-04-06T19:04:37.834Z</time></trkpt><trkpt lat="36.91975" lon="-111.643761"><ele>1004.709229</ele><time>2026-04-06T19:05:16.834Z</time></trkpt><trkpt lat="36.919613" lon="-111.64357"><ele>1007.279175</ele><time>2026-04-06T19:06:32.832Z</time></trkpt><trkpt lat="36.919525" lon="-111.643311"><ele>1006.767944</ele><time>2026-04-06T19:07:29.833Z</time></trkpt><trkpt lat="36.919506" lon="-111.643181"><ele>1007.162598</ele><time>2026-04-06T19:21:25.833Z</time></trkpt><trkpt lat="36.919464" lon="-111.643127"><ele>1006.053162</ele><time>2026-04-06T19:23:22.835Z</time></trkpt><trkpt lat="36.919445" lon="-111.643051"><ele>1006.475647</ele><time>2026-04-06T19:23:58.833Z</time></trkpt><trkpt lat="36.919243" lon="-111.642708"><ele>1007.341003</ele><time>2026-04-06T19:31:11.835Z</time></trkpt><trkpt lat="36.919048" lon="-111.642281"><ele>1006.809509</ele><time>2026-04-06T19:31:26.834Z</time></trkpt><trkpt lat="36.918999" lon="-111.642136"><ele>1005.689209</ele><time>2026-04-06T19:31:32.834Z</time></trkpt><trkpt lat="36.918934" lon="-111.642014"><ele>1006.283997</ele><time>2026-04-06T19:31:39.835Z</time></trkpt><trkpt lat="36.918812" lon="-111.641861"><ele>1005.618164</ele><time>2026-04-06T19:31:57.836Z</time></trkpt><trkpt lat="36.918739" lon="-111.641678"><ele>1005.98584</ele><time>2026-04-06T19:32:27.835Z</time></trkpt><trkpt lat="36.918678" lon="-111.641586"><ele>1006.879639</ele><time>2026-04-06T19:33:01.835Z</time></trkpt><trkpt lat="36.918438" lon="-111.641365"><ele>1004.227905</ele><time>2026-04-06T19:33:08.837Z</time></trkpt><trkpt lat="36.918373" lon="-111.641251"><ele>1004.839539</ele><time>2026-04-06T19:33:21.830Z</time></trkpt><trkpt lat="36.918087" lon="-111.64106"><ele>1001.331787</ele><time>2026-04-06T19:34:02.838Z</time></trkpt><trkpt lat="36.918041" lon="-111.641014"><ele>1001.291138</ele><time>2026-04-06T19:34:06.837Z</time></trkpt><trkpt lat="36.917988" lon="-111.640991"><ele>1002.298279</ele><time>2026-04-06T19:34:15.839Z</time></trkpt><trkpt lat="36.917686" lon="-111.640953"><ele>1002.145142</ele><time>2026-04-06T19:34:23.838Z</time></trkpt><trkpt lat="36.917553" lon="-111.640862"><ele>1002.199585</ele><time>2026-04-06T19:34:28.837Z</time></trkpt><trkpt lat="36.917431" lon="-111.64064"><ele>1000.272949</ele><time>2026-04-06T19:34:33.838Z</time></trkpt><trkpt lat="36.917324" lon="-111.640495"><ele>1000.710083</ele><time>2026-04-06T19:34:38.838Z</time></trkpt><trkpt lat="36.917198" lon="-111.640366"><ele>1001.72876</ele><time>2026-04-06T19:34:48.836Z</time></trkpt><trkpt lat="36.916855" lon="-111.639694"><ele>998.989563</ele><time>2026-04-06T19:35:23.838Z</time></trkpt><trkpt lat="36.916565" lon="-111.639572"><ele>1000.617188</ele><time>2026-04-06T19:35:52.837Z</time></trkpt><trkpt lat="36.916424" lon="-111.639412"><ele>1000.953735</ele><time>2026-04-06T19:36:03.838Z</time></trkpt><trkpt lat="36.916168" lon="-111.639214"><ele>998.789978</ele><time>2026-04-06T19:36:10.836Z</time></trkpt><trkpt lat="36.915897" lon="-111.639153"><ele>998.079651</ele><time>2026-04-06T19:36:20.839Z</time></trkpt><trkpt lat="36.915726" lon="-111.639168"><ele>998.094238</ele><time>2026-04-06T19:36:24.839Z</time></trkpt><trkpt lat="36.915668" lon="-111.639145"><ele>999.031921</ele><time>2026-04-06T19:36:29.838Z</time></trkpt><trkpt lat="36.915512" lon="-111.639038"><ele>997.927368</ele><time>2026-04-06T19:36:46.836Z</time></trkpt><trkpt lat="36.915455" lon="-111.639023"><ele>998.666321</ele><time>2026-04-06T19:37:03.840Z</time></trkpt><trkpt lat="36.915409" lon="-111.639053"><ele>998.756592</ele><time>2026-04-06T19:37:11.838Z</time></trkpt><trkpt lat="36.914974" lon="-111.638969"><ele>997.690002</ele><time>2026-04-06T19:37:18.840Z</time></trkpt><trkpt lat="36.914909" lon="-111.638885"><ele>998.298889</ele><time>2026-04-06T19:37:30.838Z</time></trkpt><trkpt lat="36.914822" lon="-111.638863"><ele>998.226318</ele><time>2026-04-06T19:37:34.839Z</time></trkpt><trkpt lat="36.914524" lon="-111.638596"><ele>998.295227</ele><time>2026-04-06T19:37:45.836Z</time></trkpt><trkpt lat="36.914322" lon="-111.638496"><ele>999.06958</ele><time>2026-04-06T19:38:00.838Z</time></trkpt><trkpt lat="36.914272" lon="-111.638351"><ele>999.507202</ele><time>2026-04-06T19:38:04.839Z</time></trkpt><trkpt lat="36.914146" lon="-111.638329"><ele>1002.597656</ele><time>2026-04-06T19:38:29.839Z</time></trkpt><trkpt lat="36.914112" lon="-111.638084"><ele>1004.173218</ele><time>2026-04-06T19:38:48.835Z</time></trkpt><trkpt lat="36.914005" lon="-111.637756"><ele>1009.284546</ele><time>2026-04-06T19:39:33.836Z</time></trkpt><trkpt lat="36.914078" lon="-111.637581"><ele>1005.749939</ele><time>2026-04-06T19:39:37.838Z</time></trkpt><trkpt lat="36.914051" lon="-111.637482"><ele>1006.689575</ele><time>2026-04-06T19:40:10.841Z</time></trkpt><trkpt lat="36.914101" lon="-111.637299"><ele>1007.10376</ele><time>2026-04-06T19:40:20.837Z</time></trkpt><trkpt lat="36.914043" lon="-111.637131"><ele>1006.361877</ele><time>2026-04-06T19:40:30.836Z</time></trkpt><trkpt lat="36.914265" lon="-111.63681"><ele>997.373901</ele><time>2026-04-06T19:40:51.837Z</time></trkpt><trkpt lat="36.914257" lon="-111.636726"><ele>997.152649</ele><time>2026-04-06T19:40:56.837Z</time></trkpt><trkpt lat="36.91433" lon="-111.636581"><ele>997.300598</ele><time>2026-04-06T19:41:01.827Z</time></trkpt><trkpt lat="36.914356" lon="-111.636269"><ele>999.311707</ele><time>2026-04-06T19:41:26.835Z</time></trkpt><trkpt lat="36.914436" lon="-111.636124"><ele>998.655212</ele><time>2026-04-06T19:41:30.834Z</time></trkpt><trkpt lat="36.914421" lon="-111.635925"><ele>998.167969</ele><time>2026-04-06T19:41:34.836Z</time></trkpt><trkpt lat="36.914452" lon="-111.635841"><ele>997.02771</ele><time>2026-04-06T19:41:57.840Z</time></trkpt><trkpt lat="36.914509" lon="-111.635468"><ele>999.705872</ele><time>2026-04-06T19:42:01.841Z</time></trkpt><trkpt lat="36.914467" lon="-111.634987"><ele>999.310059</ele><time>2026-04-06T19:42:06.838Z</time></trkpt><trkpt lat="36.914452" lon="-111.634598"><ele>999.619324</ele><time>2026-04-06T19:42:44.840Z</time></trkpt><trkpt lat="36.91433" lon="-111.634071"><ele>994.185425</ele><time>2026-04-06T19:43:38.837Z</time></trkpt><trkpt lat="36.913929" lon="-111.633774"><ele>994.120544</ele><time>2026-04-06T19:43:48.840Z</time></trkpt><trkpt lat="36.913582" lon="-111.633636"><ele>995.511414</ele><time>2026-04-06T19:44:00.839Z</time></trkpt><trkpt lat="36.913429" lon="-111.63353"><ele>994.246216</ele><time>2026-04-06T19:44:05.830Z</time></trkpt><trkpt lat="36.913322" lon="-111.633499"><ele>995.45874</ele><time>2026-04-06T19:44:16.838Z</time></trkpt><trkpt lat="36.913006" lon="-111.633347"><ele>994.990295</ele><time>2026-04-06T19:44:20.837Z</time></trkpt><trkpt lat="36.9128" lon="-111.633278"><ele>992.907104</ele><time>2026-04-06T19:44:28.840Z</time></trkpt><trkpt lat="36.912567" lon="-111.633308"><ele>993.821106</ele><time>2026-04-06T19:44:31.837Z</time></trkpt><trkpt lat="36.91217" lon="-111.633316"><ele>993.957397</ele><time>2026-04-06T19:45:04.839Z</time></trkpt><trkpt lat="36.912064" lon="-111.633339"><ele>994.568054</ele><time>2026-04-06T19:45:19.840Z</time></trkpt><trkpt lat="36.911961" lon="-111.633339"><ele>994.901917</ele><time>2026-04-06T19:45:22.833Z</time></trkpt><trkpt lat="36.911854" lon="-111.633377"><ele>994.075073</ele><time>2026-04-06T19:45:41.839Z</time></trkpt><trkpt lat="36.911797" lon="-111.633362"><ele>994.491699</ele><time>2026-04-06T19:45:46.838Z</time></trkpt><trkpt lat="36.91169" lon="-111.633369"><ele>993.808655</ele><time>2026-04-06T19:45:54.838Z</time></trkpt><trkpt lat="36.911633" lon="-111.633377"><ele>994.557373</ele><time>2026-04-06T19:46:02.833Z</time></trkpt><trkpt lat="36.91153" lon="-111.633423"><ele>994.522644</ele><time>2026-04-06T19:46:07.840Z</time></trkpt><trkpt lat="36.911465" lon="-111.633415"><ele>994.148682</ele><time>2026-04-06T19:46:24.839Z</time></trkpt><trkpt lat="36.911404" lon="-111.633377"><ele>995.329041</ele><time>2026-04-06T19:47:02.839Z</time></trkpt><trkpt lat="36.911182" lon="-111.6334"><ele>994.891602</ele><time>2026-04-06T19:47:05.837Z</time></trkpt><trkpt lat="36.911022" lon="-111.633438"><ele>993.778748</ele><time>2026-04-06T19:47:16.838Z</time></trkpt><trkpt lat="36.910912" lon="-111.633514"><ele>994.409912</ele><time>2026-04-06T19:47:20.837Z</time></trkpt><trkpt lat="36.910561" lon="-111.633568"><ele>994.828613</ele><time>2026-04-06T19:47:24.843Z</time></trkpt><trkpt lat="36.910492" lon="-111.633553"><ele>994.870667</ele><time>2026-04-06T19:47:28.839Z</time></trkpt><trkpt lat="36.910439" lon="-111.633575"><ele>994.820129</ele><time>2026-04-06T19:47:35.838Z</time></trkpt><trkpt lat="36.91032" lon="-111.63356"><ele>994.953796</ele><time>2026-04-06T19:47:41.840Z</time></trkpt><trkpt lat="36.91008" lon="-111.633614"><ele>996.269775</ele><time>2026-04-06T19:47:45.837Z</time></trkpt><trkpt lat="36.909908" lon="-111.633507"><ele>996.936035</ele><time>2026-04-06T19:47:53.839Z</time></trkpt><trkpt lat="36.909878" lon="-111.63343"><ele>995.241211</ele><time>2026-04-06T19:48:01.835Z</time></trkpt><trkpt lat="36.909637" lon="-111.633339"><ele>994.268127</ele><time>2026-04-06T19:48:05.837Z</time></trkpt><trkpt lat="36.909599" lon="-111.633278"><ele>994.542786</ele><time>2026-04-06T19:48:11.830Z</time></trkpt><trkpt lat="36.909595" lon="-111.633194"><ele>992.272095</ele><time>2026-04-06T19:48:14.839Z</time></trkpt><trkpt lat="36.909542" lon="-111.633171"><ele>992.664978</ele><time>2026-04-06T19:48:22.838Z</time></trkpt><trkpt lat="36.909348" lon="-111.633202"><ele>991.779663</ele><time>2026-04-06T19:48:46.838Z</time></trkpt><trkpt lat="36.909138" lon="-111.633514"><ele>996.077087</ele><time>2026-04-06T19:48:52.839Z</time></trkpt><trkpt lat="36.909187" lon="-111.633438"><ele>996.486755</ele><time>2026-04-06T19:48:58.840Z</time></trkpt><trkpt lat="36.909229" lon="-111.633301"><ele>993.84375</ele><time>2026-04-06T19:49:03.839Z</time></trkpt><trkpt lat="36.908928" lon="-111.633186"><ele>990.922485</ele><time>2026-04-06T19:49:07.840Z</time></trkpt><trkpt lat="36.908737" lon="-111.633217"><ele>992.234192</ele><time>2026-04-06T19:49:10.847Z</time></trkpt><trkpt lat="36.908455" lon="-111.633102"><ele>993.659546</ele><time>2026-04-06T19:49:19.838Z</time></trkpt><trkpt lat="36.908131" lon="-111.633057"><ele>994.287048</ele><time>2026-04-06T19:49:37.839Z</time></trkpt><trkpt lat="36.90797" lon="-111.632957"><ele>993.714844</ele><time>2026-04-06T19:49:46.838Z</time></trkpt><trkpt lat="36.907623" lon="-111.632896"><ele>996.138245</ele><time>2026-04-06T19:49:52.839Z</time></trkpt><trkpt lat="36.906864" lon="-111.632294"><ele>989.064148</ele><time>2026-04-06T19:50:07.838Z</time></trkpt><trkpt lat="36.906799" lon="-111.632164"><ele>988.244873</ele><time>2026-04-06T19:50:16.840Z</time></trkpt><trkpt lat="36.906651" lon="-111.632057"><ele>989.287659</ele><time>2026-04-06T19:50:19.840Z</time></trkpt><trkpt lat="36.906071" lon="-111.631721"><ele>988.513123</ele><time>2026-04-06T19:50:37.838Z</time></trkpt><trkpt lat="36.906002" lon="-111.631622"><ele>988.682312</ele><time>2026-04-06T19:50:44.839Z</time></trkpt><trkpt lat="36.905777" lon="-111.631439"><ele>990.021118</ele><time>2026-04-06T19:50:53.837Z</time></trkpt><trkpt lat="36.905659" lon="-111.631294"><ele>988.929321</ele><time>2026-04-06T19:51:03.841Z</time></trkpt><trkpt lat="36.905594" lon="-111.63118"><ele>989.511108</ele><time>2026-04-06T19:51:12.839Z</time></trkpt><trkpt lat="36.905415" lon="-111.63073"><ele>989.773499</ele><time>2026-04-06T19:51:25.838Z</time></trkpt><trkpt lat="36.905087" lon="-111.63018"><ele>989.399658</ele><time>2026-04-06T19:51:28.840Z</time></trkpt><trkpt lat="36.904961" lon="-111.62986"><ele>988.227112</ele><time>2026-04-06T19:51:35.839Z</time></trkpt><trkpt lat="36.904922" lon="-111.629807"><ele>988.209656</ele><time>2026-04-06T19:51:43.839Z</time></trkpt><trkpt lat="36.904732" lon="-111.629761"><ele>991.145203</ele><time>2026-04-06T19:51:46.832Z</time></trkpt><trkpt lat="36.90464" lon="-111.629295"><ele>991.649536</ele><time>2026-04-06T19:51:49.840Z</time></trkpt><trkpt lat="36.904602" lon="-111.629234"><ele>990.640381</ele><time>2026-04-06T19:52:00.840Z</time></trkpt><trkpt lat="36.904587" lon="-111.62915"><ele>990.754211</ele><time>2026-04-06T19:52:04.840Z</time></trkpt><trkpt lat="36.904495" lon="-111.628906"><ele>991.180359</ele><time>2026-04-06T19:52:14.834Z</time></trkpt><trkpt lat="36.904194" lon="-111.62822"><ele>990.704102</ele><time>2026-04-06T19:55:22.836Z</time></trkpt><trkpt lat="36.90414" lon="-111.627922"><ele>991.321899</ele><time>2026-04-06T19:55:29.840Z</time></trkpt><trkpt lat="36.90414" lon="-111.627838"><ele>991.084778</ele><time>2026-04-06T19:55:34.839Z</time></trkpt><trkpt lat="36.903877" lon="-111.627304"><ele>989.723816</ele><time>2026-04-06T19:55:39.840Z</time></trkpt><trkpt lat="36.903751" lon="-111.627151"><ele>991.544861</ele><time>2026-04-06T19:55:45.839Z</time></trkpt><trkpt lat="36.903698" lon="-111.627151"><ele>990.870667</ele><time>2026-04-06T19:55:54.841Z</time></trkpt><trkpt lat="36.903675" lon="-111.627037"><ele>990.812073</ele><time>2026-04-06T19:56:06.843Z</time></trkpt><trkpt lat="36.903675" lon="-111.6269"><ele>990.122375</ele><time>2026-04-06T19:56:09.842Z</time></trkpt><trkpt lat="36.903637" lon="-111.62677"><ele>991.188232</ele><time>2026-04-06T19:56:15.839Z</time></trkpt><trkpt lat="36.903652" lon="-111.626694"><ele>990.691895</ele><time>2026-04-06T19:56:37.840Z</time></trkpt><trkpt lat="36.903637" lon="-111.626633"><ele>990.877441</ele><time>2026-04-06T19:56:44.841Z</time></trkpt><trkpt lat="36.903328" lon="-111.625984"><ele>989.645935</ele><time>2026-04-06T19:56:48.840Z</time></trkpt><trkpt lat="36.903225" lon="-111.625725"><ele>987.858521</ele><time>2026-04-06T19:56:51.843Z</time></trkpt><trkpt lat="36.903076" lon="-111.625557"><ele>987.45105</ele><time>2026-04-06T19:56:53.839Z</time></trkpt><trkpt lat="36.903042" lon="-111.62542"><ele>987.328064</ele><time>2026-04-06T19:56:57.842Z</time></trkpt><trkpt lat="36.903008" lon="-111.625351"><ele>986.473877</ele><time>2026-04-06T19:57:00.841Z</time></trkpt><trkpt lat="36.903034" lon="-111.625282"><ele>987.310547</ele><time>2026-04-06T19:57:06.840Z</time></trkpt><trkpt lat="36.902962" lon="-111.625153"><ele>985.710266</ele><time>2026-04-06T19:57:16.840Z</time></trkpt><trkpt lat="36.902901" lon="-111.625153"><ele>987.365112</ele><time>2026-04-06T19:57:19.839Z</time></trkpt><trkpt lat="36.902882" lon="-111.625061"><ele>984.126465</ele><time>2026-04-06T19:57:23.839Z</time></trkpt><trkpt lat="36.902729" lon="-111.624947"><ele>983.32135</ele><time>2026-04-06T19:57:27.837Z</time></trkpt><trkpt lat="36.90226" lon="-111.624718"><ele>985.435425</ele><time>2026-04-06T19:58:29.840Z</time></trkpt><trkpt lat="36.902218" lon="-111.624565"><ele>985.505188</ele><time>2026-04-06T19:58:47.841Z</time></trkpt><trkpt lat="36.902172" lon="-111.624519"><ele>985.984924</ele><time>2026-04-06T19:58:52.839Z</time></trkpt><trkpt lat="36.902195" lon="-111.624275"><ele>984.006348</ele><time>2026-04-06T19:58:58.842Z</time></trkpt><trkpt lat="36.902153" lon="-111.624084"><ele>985.380249</ele><time>2026-04-06T19:59:03.841Z</time></trkpt><trkpt lat="36.901833" lon="-111.623337"><ele>985.035278</ele><time>2026-04-06T19:59:08.841Z</time></trkpt><trkpt lat="36.901836" lon="-111.623192"><ele>983.61438</ele><time>2026-04-06T19:59:20.840Z</time></trkpt><trkpt lat="36.901791" lon="-111.623024"><ele>983.355957</ele><time>2026-04-06T20:00:17.842Z</time></trkpt><trkpt lat="36.901791" lon="-111.622948"><ele>982.990234</ele><time>2026-04-06T20:00:25.840Z</time></trkpt><trkpt lat="36.901722" lon="-111.622635"><ele>982.003662</ele><time>2026-04-06T20:01:00.839Z</time></trkpt><trkpt lat="36.901623" lon="-111.622421"><ele>980.49707</ele><time>2026-04-06T20:01:07.840Z</time></trkpt><trkpt lat="36.901447" lon="-111.622261"><ele>984.89801</ele><time>2026-04-06T20:01:14.841Z</time></trkpt><trkpt lat="36.901329" lon="-111.622025"><ele>985.877075</ele><time>2026-04-06T20:01:27.838Z</time></trkpt><trkpt lat="36.901291" lon="-111.621986"><ele>985.814392</ele><time>2026-04-06T20:02:25.840Z</time></trkpt><trkpt lat="36.901196" lon="-111.621811"><ele>986.184387</ele><time>2026-04-06T20:02:45.843Z</time></trkpt><trkpt lat="36.901077" lon="-111.621384"><ele>985.172729</ele><time>2026-04-06T20:03:18.841Z</time></trkpt><trkpt lat="36.901016" lon="-111.621262"><ele>985.299194</ele><time>2026-04-06T20:03:23.837Z</time></trkpt><trkpt lat="36.900841" lon="-111.620621"><ele>982.801758</ele><time>2026-04-06T20:03:30.840Z</time></trkpt><trkpt lat="36.900711" lon="-111.620255"><ele>985.093933</ele><time>2026-04-06T20:03:36.841Z</time></trkpt><trkpt lat="36.9007" lon="-111.620186"><ele>985.765564</ele><time>2026-04-06T20:03:41.837Z</time></trkpt><trkpt lat="36.900455" lon="-111.619965"><ele>984.20343</ele><time>2026-04-06T20:03:52.839Z</time></trkpt><trkpt lat="36.900368" lon="-111.619858"><ele>984.738159</ele><time>2026-04-06T20:04:02.838Z</time></trkpt><trkpt lat="36.900066" lon="-111.619804"><ele>982.891357</ele><time>2026-04-06T20:04:19.840Z</time></trkpt><trkpt lat="36.899902" lon="-111.61982"><ele>983.086304</ele><time>2026-04-06T20:04:24.838Z</time></trkpt><trkpt lat="36.899445" lon="-111.619675"><ele>979.287659</ele><time>2026-04-06T20:04:55.841Z</time></trkpt><trkpt lat="36.899315" lon="-111.619781"><ele>978.433655</ele><time>2026-04-06T20:04:59.841Z</time></trkpt><trkpt lat="36.89922" lon="-111.619728"><ele>980.094055</ele><time>2026-04-06T20:05:23.839Z</time></trkpt><trkpt lat="36.8992" lon="-111.61985"><ele>980.261597</ele><time>2026-04-06T20:05:37.841Z</time></trkpt><trkpt lat="36.899128" lon="-111.619644"><ele>980.372009</ele><time>2026-04-06T20:05:51.843Z</time></trkpt><trkpt lat="36.898945" lon="-111.619469"><ele>981.10199</ele><time>2026-04-06T20:06:07.840Z</time></trkpt><trkpt lat="36.898602" lon="-111.619316"><ele>983.167358</ele><time>2026-04-06T20:06:21.828Z</time></trkpt><trkpt lat="36.898441" lon="-111.619194"><ele>983.132202</ele><time>2026-04-06T20:06:29.840Z</time></trkpt><trkpt lat="36.898239" lon="-111.618904"><ele>983.85498</ele><time>2026-04-06T20:06:47.846Z</time></trkpt><trkpt lat="36.897957" lon="-111.618622"><ele>981.045654</ele><time>2026-04-06T20:07:18.843Z</time></trkpt><trkpt lat="36.897758" lon="-111.618454"><ele>980.782715</ele><time>2026-04-06T20:09:04.830Z</time></trkpt><trkpt lat="36.897686" lon="-111.618332"><ele>980.98114</ele><time>2026-04-06T20:09:10.842Z</time></trkpt><trkpt lat="36.89764" lon="-111.618286"><ele>981.403564</ele><time>2026-04-06T20:09:18.835Z</time></trkpt><trkpt lat="36.89761" lon="-111.618217"><ele>980.511658</ele><time>2026-04-06T20:09:33.841Z</time></trkpt><trkpt lat="36.897472" lon="-111.617813"><ele>980.42157</ele><time>2026-04-06T20:09:55.839Z</time></trkpt><trkpt lat="36.897381" lon="-111.61747"><ele>977.947876</ele><time>2026-04-06T20:10:04.841Z</time></trkpt><trkpt lat="36.897293" lon="-111.617378"><ele>976.130676</ele><time>2026-04-06T20:10:16.841Z</time></trkpt><trkpt lat="36.897232" lon="-111.617363"><ele>974.250427</ele><time>2026-04-06T20:10:33.837Z</time></trkpt><trkpt lat="36.897152" lon="-111.617188"><ele>972.735413</ele><time>2026-04-06T20:10:38.839Z</time></trkpt><trkpt lat="36.897179" lon="-111.616844"><ele>976.444275</ele><time>2026-04-06T20:10:41.833Z</time></trkpt><trkpt lat="36.897133" lon="-111.616585"><ele>977.395813</ele><time>2026-04-06T20:10:45.842Z</time></trkpt><trkpt lat="36.897114" lon="-111.616112"><ele>976.786194</ele><time>2026-04-06T20:10:57.842Z</time></trkpt><trkpt lat="36.897144" lon="-111.61586"><ele>975.543823</ele><time>2026-04-06T20:11:16.842Z</time></trkpt><trkpt lat="36.897137" lon="-111.615631"><ele>975.196594</ele><time>2026-04-06T20:11:20.839Z</time></trkpt><trkpt lat="36.897076" lon="-111.615494"><ele>975.285767</ele><time>2026-04-06T20:15:46.840Z</time></trkpt><trkpt lat="36.896999" lon="-111.615379"><ele>975.130249</ele><time>2026-04-06T20:16:01.840Z</time></trkpt><trkpt lat="36.896751" lon="-111.614815"><ele>980.461914</ele><time>2026-04-06T20:16:05.843Z</time></trkpt><trkpt lat="36.896652" lon="-111.614708"><ele>980.553528</ele><time>2026-04-06T20:16:10.842Z</time></trkpt><trkpt lat="36.896412" lon="-111.614594"><ele>980.448853</ele><time>2026-04-06T20:16:17.845Z</time></trkpt><trkpt lat="36.896225" lon="-111.614563"><ele>981.551208</ele><time>2026-04-06T20:16:21.838Z</time></trkpt><trkpt lat="36.896172" lon="-111.614571"><ele>981.140747</ele><time>2026-04-06T20:16:24.841Z</time></trkpt><trkpt lat="36.895695" lon="-111.614487"><ele>980.504883</ele><time>2026-04-06T20:16:28.846Z</time></trkpt><trkpt lat="36.895565" lon="-111.614517"><ele>979.304138</ele><time>2026-04-06T20:16:33.843Z</time></trkpt><trkpt lat="36.895439" lon="-111.614471"><ele>979.443359</ele><time>2026-04-06T20:16:38.843Z</time></trkpt><trkpt lat="36.895195" lon="-111.614433"><ele>980.232117</ele><time>2026-04-06T20:17:18.843Z</time></trkpt><trkpt lat="36.894733" lon="-111.614319"><ele>976.391541</ele><time>2026-04-06T20:17:28.841Z</time></trkpt><trkpt lat="36.894566" lon="-111.614258"><ele>974.43512</ele><time>2026-04-06T20:17:40.843Z</time></trkpt><trkpt lat="36.894398" lon="-111.614174"><ele>974.897583</ele><time>2026-04-06T20:17:43.843Z</time></trkpt><trkpt lat="36.894238" lon="-111.614128"><ele>972.464844</ele><time>2026-04-06T20:17:50.838Z</time></trkpt><trkpt lat="36.894238" lon="-111.614059"><ele>972.748413</ele><time>2026-04-06T20:18:02.847Z</time></trkpt><trkpt lat="36.894032" lon="-111.614204"><ele>972.860229</ele><time>2026-04-06T20:18:12.843Z</time></trkpt><trkpt lat="36.893871" lon="-111.614212"><ele>974.382446</ele><time>2026-04-06T20:18:18.843Z</time></trkpt><trkpt lat="36.893589" lon="-111.613976"><ele>976.137817</ele><time>2026-04-06T20:18:24.843Z</time></trkpt><trkpt lat="36.893517" lon="-111.61396"><ele>975.732422</ele><time>2026-04-06T20:18:39.843Z</time></trkpt><trkpt lat="36.893417" lon="-111.614044"><ele>976.107788</ele><time>2026-04-06T20:18:46.843Z</time></trkpt><trkpt lat="36.893356" lon="-111.614037"><ele>975.809448</ele><time>2026-04-06T20:18:55.843Z</time></trkpt><trkpt lat="36.893303" lon="-111.614067"><ele>975.85553</ele><time>2026-04-06T20:18:59.842Z</time></trkpt><trkpt lat="36.893227" lon="-111.614197"><ele>974.848511</ele><time>2026-04-06T20:19:02.842Z</time></trkpt><trkpt lat="36.893055" lon="-111.614273"><ele>975.424011</ele><time>2026-04-06T20:19:06.839Z</time></trkpt><trkpt lat="36.892994" lon="-111.614258"><ele>976.740112</ele><time>2026-04-06T20:19:12.841Z</time></trkpt><trkpt lat="36.892887" lon="-111.61409"><ele>975.31488</ele><time>2026-04-06T20:19:24.843Z</time></trkpt><trkpt lat="36.892574" lon="-111.614052"><ele>977.40625</ele><time>2026-04-06T20:19:33.843Z</time></trkpt><trkpt lat="36.892506" lon="-111.614143"><ele>975.877441</ele><time>2026-04-06T20:19:46.841Z</time></trkpt><trkpt lat="36.892208" lon="-111.614288"><ele>974.950562</ele><time>2026-04-06T20:19:56.837Z</time></trkpt><trkpt lat="36.891907" lon="-111.61412"><ele>976.620239</ele><time>2026-04-06T20:20:03.840Z</time></trkpt><trkpt lat="36.891792" lon="-111.613792"><ele>973.04425</ele><time>2026-04-06T20:20:19.842Z</time></trkpt><trkpt lat="36.891747" lon="-111.613724"><ele>973.325195</ele><time>2026-04-06T20:23:11.839Z</time></trkpt><trkpt lat="36.891712" lon="-111.613571"><ele>974.419739</ele><time>2026-04-06T20:23:18.837Z</time></trkpt><trkpt lat="36.891659" lon="-111.613518"><ele>973.636902</ele><time>2026-04-06T20:23:24.845Z</time></trkpt><trkpt lat="36.891663" lon="-111.613258"><ele>974.93219</ele><time>2026-04-06T20:23:38.842Z</time></trkpt><trkpt lat="36.891685" lon="-111.613091"><ele>973.46405</ele><time>2026-04-06T20:23:42.842Z</time></trkpt><trkpt lat="36.891605" lon="-111.612778"><ele>973.819824</ele><time>2026-04-06T20:24:09.841Z</time></trkpt><trkpt lat="36.891613" lon="-111.612396"><ele>974.735168</ele><time>2026-04-06T20:24:20.843Z</time></trkpt><trkpt lat="36.891563" lon="-111.612312"><ele>974.922668</ele><time>2026-04-06T20:24:38.843Z</time></trkpt><trkpt lat="36.891346" lon="-111.612061"><ele>970.494812</ele><time>2026-04-06T20:24:50.843Z</time></trkpt><trkpt lat="36.891171" lon="-111.612244"><ele>971.81311</ele><time>2026-04-06T20:25:31.846Z</time></trkpt><trkpt lat="36.890991" lon="-111.612289"><ele>970.905029</ele><time>2026-04-06T20:25:41.845Z</time></trkpt><trkpt lat="36.890923" lon="-111.612213"><ele>971.740723</ele><time>2026-04-06T20:25:59.845Z</time></trkpt><trkpt lat="36.890911" lon="-111.612114"><ele>971.19397</ele><time>2026-04-06T20:26:05.837Z</time></trkpt><trkpt lat="36.890839" lon="-111.611946"><ele>971.881165</ele><time>2026-04-06T20:26:10.849Z</time></trkpt><trkpt lat="36.890617" lon="-111.611603"><ele>968.701172</ele><time>2026-04-06T20:26:20.852Z</time></trkpt><trkpt lat="36.890442" lon="-111.611565"><ele>969.004517</ele><time>2026-04-06T20:26:25.842Z</time></trkpt><trkpt lat="36.89024" lon="-111.61158"><ele>968.515869</ele><time>2026-04-06T20:27:14.845Z</time></trkpt><trkpt lat="36.889839" lon="-111.611526"><ele>972.93927</ele><time>2026-04-06T20:27:19.847Z</time></trkpt><trkpt lat="36.889732" lon="-111.611572"><ele>972.234192</ele><time>2026-04-06T20:27:23.850Z</time></trkpt><trkpt lat="36.889637" lon="-111.611557"><ele>972.666809</ele><time>2026-04-06T20:27:57.850Z</time></trkpt><trkpt lat="36.889442" lon="-111.611595"><ele>969.583496</ele><time>2026-04-06T20:28:28.846Z</time></trkpt><trkpt lat="36.88937" lon="-111.611504"><ele>969.446472</ele><time>2026-04-06T20:28:49.846Z</time></trkpt><trkpt lat="36.889259" lon="-111.611511"><ele>970.418274</ele><time>2026-04-06T20:31:38.841Z</time></trkpt><trkpt lat="36.889099" lon="-111.611687"><ele>968.698181</ele><time>2026-04-06T20:31:55.845Z</time></trkpt><trkpt lat="36.889004" lon="-111.61158"><ele>970.240051</ele><time>2026-04-06T20:32:00.850Z</time></trkpt><trkpt lat="36.888844" lon="-111.611763"><ele>970.614136</ele><time>2026-04-06T20:32:13.847Z</time></trkpt><trkpt lat="36.888649" lon="-111.611885"><ele>971.717712</ele><time>2026-04-06T20:32:21.843Z</time></trkpt><trkpt lat="36.888527" lon="-111.612267"><ele>967.837585</ele><time>2026-04-06T20:32:25.846Z</time></trkpt><trkpt lat="36.888432" lon="-111.612419"><ele>968.911621</ele><time>2026-04-06T20:32:33.847Z</time></trkpt><trkpt lat="36.888412" lon="-111.612503"><ele>967.846008</ele><time>2026-04-06T20:33:15.846Z</time></trkpt><trkpt lat="36.888268" lon="-111.612511"><ele>967.504028</ele><time>2026-04-06T20:33:34.845Z</time></trkpt><trkpt lat="36.888218" lon="-111.61245"><ele>968.022034</ele><time>2026-04-06T20:33:56.849Z</time></trkpt><trkpt lat="36.888149" lon="-111.612434"><ele>968.007507</ele><time>2026-04-06T20:34:34.841Z</time></trkpt><trkpt lat="36.888012" lon="-111.612495"><ele>968.57074</ele><time>2026-04-06T20:35:18.843Z</time></trkpt><trkpt lat="36.887886" lon="-111.612587"><ele>968.565796</ele><time>2026-04-06T20:36:28.845Z</time></trkpt><trkpt lat="36.887672" lon="-111.612656"><ele>971.58075</ele><time>2026-04-06T20:36:41.838Z</time></trkpt><trkpt lat="36.887421" lon="-111.612823"><ele>969.428833</ele><time>2026-04-06T20:38:57.845Z</time></trkpt><trkpt lat="36.887226" lon="-111.612785"><ele>971.123779</ele><time>2026-04-06T20:39:01.846Z</time></trkpt><trkpt lat="36.886822" lon="-111.612778"><ele>967.286865</ele><time>2026-04-06T20:39:06.846Z</time></trkpt><trkpt lat="36.886688" lon="-111.612679"><ele>968.083862</ele><time>2026-04-06T20:39:14.841Z</time></trkpt><trkpt lat="36.88662" lon="-111.612663"><ele>967.414551</ele><time>2026-04-06T20:40:00.838Z</time></trkpt><trkpt lat="36.886436" lon="-111.612541"><ele>969.911377</ele><time>2026-04-06T20:40:28.842Z</time></trkpt><trkpt lat="36.88615" lon="-111.612488"><ele>970.832397</ele><time>2026-04-06T20:40:46.845Z</time></trkpt><trkpt lat="36.886013" lon="-111.612511"><ele>969.342407</ele><time>2026-04-06T20:40:52.843Z</time></trkpt><trkpt lat="36.885948" lon="-111.612488"><ele>970.151245</ele><time>2026-04-06T20:40:59.847Z</time></trkpt><trkpt lat="36.885796" lon="-111.612305"><ele>968.548096</ele><time>2026-04-06T20:41:19.839Z</time></trkpt><trkpt lat="36.885738" lon="-111.612259"><ele>968.717407</ele><time>2026-04-06T20:41:46.842Z</time></trkpt><trkpt lat="36.885628" lon="-111.612083"><ele>971.803223</ele><time>2026-04-06T20:42:10.843Z</time></trkpt><trkpt lat="36.88546" lon="-111.611664"><ele>970.729248</ele><time>2026-04-06T20:42:21.937Z</time></trkpt><trkpt lat="36.885334" lon="-111.611313"><ele>972.19043</ele><time>2026-04-06T20:42:34.843Z</time></trkpt><trkpt lat="36.885315" lon="-111.611214"><ele>971.741516</ele><time>2026-04-06T20:42:48.845Z</time></trkpt><trkpt lat="36.885235" lon="-111.611198"><ele>974.111206</ele><time>2026-04-06T20:43:11.846Z</time></trkpt><trkpt lat="36.885101" lon="-111.610748"><ele>975.273071</ele><time>2026-04-06T20:43:31.843Z</time></trkpt><trkpt lat="36.884975" lon="-111.61055"><ele>972.682495</ele><time>2026-04-06T20:44:42.846Z</time></trkpt><trkpt lat="36.884914" lon="-111.610359"><ele>972.161316</ele><time>2026-04-06T20:44:48.843Z</time></trkpt><trkpt lat="36.88485" lon="-111.610298"><ele>972.344788</ele><time>2026-04-06T20:45:08.841Z</time></trkpt><trkpt lat="36.884586" lon="-111.60994"><ele>971.106812</ele><time>2026-04-06T20:45:29.845Z</time></trkpt><trkpt lat="36.884418" lon="-111.609772"><ele>971.435303</ele><time>2026-04-06T20:45:36.845Z</time></trkpt><trkpt lat="36.884293" lon="-111.609673"><ele>973.339966</ele><time>2026-04-06T20:45:42.843Z</time></trkpt><trkpt lat="36.884094" lon="-111.609589"><ele>971.120422</ele><time>2026-04-06T20:45:46.846Z</time></trkpt><trkpt lat="36.883839" lon="-111.609421"><ele>970.968689</ele><time>2026-04-06T20:46:04.847Z</time></trkpt><trkpt lat="36.883541" lon="-111.609161"><ele>972.174255</ele><time>2026-04-06T20:46:17.846Z</time></trkpt><trkpt lat="36.883484" lon="-111.609093"><ele>970.56781</ele><time>2026-04-06T20:46:39.843Z</time></trkpt><trkpt lat="36.883419" lon="-111.609055"><ele>971.219116</ele><time>2026-04-06T20:46:55.846Z</time></trkpt><trkpt lat="36.883297" lon="-111.608681"><ele>968.496948</ele><time>2026-04-06T20:47:04.841Z</time></trkpt><trkpt lat="36.883167" lon="-111.608414"><ele>968.852356</ele><time>2026-04-06T20:47:07.845Z</time></trkpt><trkpt lat="36.883102" lon="-111.608391"><ele>971.011475</ele><time>2026-04-06T20:48:53.848Z</time></trkpt><trkpt lat="36.882969" lon="-111.6082"><ele>969.327332</ele><time>2026-04-06T20:49:13.847Z</time></trkpt><trkpt lat="36.882935" lon="-111.608124"><ele>969.728027</ele><time>2026-04-06T20:49:37.839Z</time></trkpt><trkpt lat="36.882813" lon="-111.608002"><ele>967.514099</ele><time>2026-04-06T20:50:21.845Z</time></trkpt><trkpt lat="36.88274" lon="-111.607841"><ele>968.283752</ele><time>2026-04-06T20:50:27.847Z</time></trkpt><trkpt lat="36.882641" lon="-111.607712"><ele>966.867432</ele><time>2026-04-06T20:51:03.848Z</time></trkpt><trkpt lat="36.882526" lon="-111.60762"><ele>966.479614</ele><time>2026-04-06T20:51:41.842Z</time></trkpt><trkpt lat="36.882389" lon="-111.607422"><ele>966.718933</ele><time>2026-04-06T20:51:46.848Z</time></trkpt><trkpt lat="36.882324" lon="-111.607368"><ele>966.70343</ele><time>2026-04-06T20:51:58.846Z</time></trkpt><trkpt lat="36.882282" lon="-111.6073"><ele>966.914795</ele><time>2026-04-06T20:52:23.849Z</time></trkpt><trkpt lat="36.881973" lon="-111.607224"><ele>967.128113</ele><time>2026-04-06T20:52:41.848Z</time></trkpt><trkpt lat="36.88192" lon="-111.60717"><ele>966.359253</ele><time>2026-04-06T20:52:49.848Z</time></trkpt><trkpt lat="36.881851" lon="-111.607147"><ele>967.003296</ele><time>2026-04-06T20:53:02.850Z</time></trkpt><trkpt lat="36.881786" lon="-111.60714"><ele>966.503479</ele><time>2026-04-06T20:53:12.848Z</time></trkpt><trkpt lat="36.881588" lon="-111.607193"><ele>966.619202</ele><time>2026-04-06T20:53:17.848Z</time></trkpt><trkpt lat="36.881439" lon="-111.607086"><ele>966.294617</ele><time>2026-04-06T20:53:33.842Z</time></trkpt><trkpt lat="36.881172" lon="-111.607124"><ele>967.087158</ele><time>2026-04-06T20:53:46.848Z</time></trkpt><trkpt lat="36.880638" lon="-111.607262"><ele>969.343323</ele><time>2026-04-06T20:53:52.850Z</time></trkpt><trkpt lat="36.880215" lon="-111.607414"><ele>971.842651</ele><time>2026-04-06T20:53:57.848Z</time></trkpt><trkpt lat="36.880142" lon="-111.607391"><ele>971.513306</ele><time>2026-04-06T20:54:02.849Z</time></trkpt><trkpt lat="36.879997" lon="-111.607468"><ele>972.491272</ele><time>2026-04-06T20:54:17.847Z</time></trkpt><trkpt lat="36.879829" lon="-111.607506"><ele>972.480957</ele><time>2026-04-06T20:54:22.841Z</time></trkpt><trkpt lat="36.879654" lon="-111.607605"><ele>972.803406</ele><time>2026-04-06T20:54:29.848Z</time></trkpt><trkpt lat="36.879574" lon="-111.60762"><ele>973.380737</ele><time>2026-04-06T20:54:52.848Z</time></trkpt><trkpt lat="36.879406" lon="-111.607719"><ele>971.805481</ele><time>2026-04-06T20:55:06.847Z</time></trkpt><trkpt lat="36.879234" lon="-111.607765"><ele>972.882874</ele><time>2026-04-06T20:55:09.846Z</time></trkpt><trkpt lat="36.879162" lon="-111.607803"><ele>972.528931</ele><time>2026-04-06T20:55:34.848Z</time></trkpt><trkpt lat="36.879078" lon="-111.608017"><ele>970.75647</ele><time>2026-04-06T20:55:46.846Z</time></trkpt><trkpt lat="36.879013" lon="-111.607979"><ele>973.68219</ele><time>2026-04-06T20:55:51.847Z</time></trkpt><trkpt lat="36.878933" lon="-111.607994"><ele>973.293213</ele><time>2026-04-06T20:55:59.847Z</time></trkpt><trkpt lat="36.87886" lon="-111.607956"><ele>974.429932</ele><time>2026-04-06T20:56:12.847Z</time></trkpt><trkpt lat="36.878632" lon="-111.607918"><ele>972.08252</ele><time>2026-04-06T20:56:16.846Z</time></trkpt><trkpt lat="36.878571" lon="-111.607872"><ele>972.756531</ele><time>2026-04-06T20:56:28.845Z</time></trkpt><trkpt lat="36.878487" lon="-111.60788"><ele>972.401123</ele><time>2026-04-06T20:56:43.849Z</time></trkpt><trkpt lat="36.878422" lon="-111.607933"><ele>972.556641</ele><time>2026-04-06T20:56:54.846Z</time></trkpt><trkpt lat="36.878338" lon="-111.607941"><ele>973.801208</ele><time>2026-04-06T20:56:58.847Z</time></trkpt><trkpt lat="36.878128" lon="-111.607819"><ele>971.693604</ele><time>2026-04-06T20:57:02.847Z</time></trkpt><trkpt lat="36.877853" lon="-111.607758"><ele>971.387939</ele><time>2026-04-06T20:57:06.847Z</time></trkpt><trkpt lat="36.877693" lon="-111.607689"><ele>970.075195</ele><time>2026-04-06T20:57:15.843Z</time></trkpt><trkpt lat="36.877617" lon="-111.607735"><ele>972.326904</ele><time>2026-04-06T20:57:20.847Z</time></trkpt><trkpt lat="36.877476" lon="-111.607582"><ele>969.031128</ele><time>2026-04-06T20:57:30.848Z</time></trkpt><trkpt lat="36.877213" lon="-111.60759"><ele>971.488708</ele><time>2026-04-06T20:57:35.849Z</time></trkpt><trkpt lat="36.877129" lon="-111.607643"><ele>970.578003</ele><time>2026-04-06T20:57:57.845Z</time></trkpt><trkpt lat="36.876949" lon="-111.607399"><ele>972.127136</ele><time>2026-04-06T20:58:01.848Z</time></trkpt><trkpt lat="36.876873" lon="-111.607452"><ele>971.97821</ele><time>2026-04-06T20:58:18.845Z</time></trkpt><trkpt lat="36.876789" lon="-111.607414"><ele>973.45752</ele><time>2026-04-06T20:58:22.848Z</time></trkpt><trkpt lat="36.87669" lon="-111.607239"><ele>974.085754</ele><time>2026-04-06T20:58:26.846Z</time></trkpt><trkpt lat="36.87645" lon="-111.606987"><ele>970.698303</ele><time>2026-04-06T20:58:47.847Z</time></trkpt><trkpt lat="36.876404" lon="-111.606903"><ele>970.700256</ele><time>2026-04-06T20:58:59.846Z</time></trkpt><trkpt lat="36.876423" lon="-111.606384"><ele>967.53363</ele><time>2026-04-06T20:59:07.845Z</time></trkpt><trkpt lat="36.876308" lon="-111.606201"><ele>965.00061</ele><time>2026-04-06T20:59:49.846Z</time></trkpt><trkpt lat="36.876095" lon="-111.60601"><ele>965.439819</ele><time>2026-04-06T21:00:02.841Z</time></trkpt><trkpt lat="36.875908" lon="-111.605888"><ele>965.954529</ele><time>2026-04-06T21:00:06.847Z</time></trkpt><trkpt lat="36.87571" lon="-111.605827"><ele>967.769165</ele><time>2026-04-06T21:00:17.848Z</time></trkpt><trkpt lat="36.875515" lon="-111.605789"><ele>967.13678</ele><time>2026-04-06T21:00:29.847Z</time></trkpt><trkpt lat="36.875385" lon="-111.605644"><ele>967.599121</ele><time>2026-04-06T21:00:43.849Z</time></trkpt><trkpt lat="36.874989" lon="-111.605522"><ele>966.447144</ele><time>2026-04-06T21:00:54.847Z</time></trkpt><trkpt lat="36.874786" lon="-111.605507"><ele>967.535217</ele><time>2026-04-06T21:01:08.849Z</time></trkpt><trkpt lat="36.874691" lon="-111.605324"><ele>966.064087</ele><time>2026-04-06T21:01:11.848Z</time></trkpt><trkpt lat="36.874626" lon="-111.605118"><ele>968.967407</ele><time>2026-04-06T21:01:14.849Z</time></trkpt><trkpt lat="36.874542" lon="-111.604385"><ele>963.892456</ele><time>2026-04-06T21:01:26.847Z</time></trkpt><trkpt lat="36.87447" lon="-111.604034"><ele>962.1875</ele><time>2026-04-06T21:01:30.846Z</time></trkpt><trkpt lat="36.874329" lon="-111.603592"><ele>964.956543</ele><time>2026-04-06T21:01:38.841Z</time></trkpt><trkpt lat="36.874237" lon="-111.603394"><ele>963.024414</ele><time>2026-04-06T21:01:46.848Z</time></trkpt><trkpt lat="36.874088" lon="-111.602791"><ele>963.556458</ele><time>2026-04-06T21:01:49.847Z</time></trkpt><trkpt lat="36.873714" lon="-111.602272"><ele>965.296936</ele><time>2026-04-06T21:01:53.849Z</time></trkpt><trkpt lat="36.873543" lon="-111.60183"><ele>962.147339</ele><time>2026-04-06T21:02:01.850Z</time></trkpt><trkpt lat="36.873455" lon="-111.601685"><ele>963.171387</ele><time>2026-04-06T21:02:32.849Z</time></trkpt><trkpt lat="36.873363" lon="-111.601608"><ele>963.079956</ele><time>2026-04-06T21:02:36.848Z</time></trkpt><trkpt lat="36.873253" lon="-111.60141"><ele>962.756042</ele><time>2026-04-06T21:02:39.849Z</time></trkpt><trkpt lat="36.87291" lon="-111.601013"><ele>961.977783</ele><time>2026-04-06T21:02:52.848Z</time></trkpt><trkpt lat="36.872646" lon="-111.600754"><ele>964.293396</ele><time>2026-04-06T21:02:56.847Z</time></trkpt><trkpt lat="36.872456" lon="-111.600464"><ele>960.433167</ele><time>2026-04-06T21:02:59.848Z</time></trkpt><trkpt lat="36.872326" lon="-111.600388"><ele>962.421326</ele><time>2026-04-06T21:03:57.842Z</time></trkpt><trkpt lat="36.872089" lon="-111.600197"><ele>962.513794</ele><time>2026-04-06T21:04:12.850Z</time></trkpt><trkpt lat="36.87199" lon="-111.600067"><ele>961.378296</ele><time>2026-04-06T21:04:18.850Z</time></trkpt><trkpt lat="36.87183" lon="-111.599899"><ele>965.69165</ele><time>2026-04-06T21:04:45.849Z</time></trkpt><trkpt lat="36.871761" lon="-111.59964"><ele>963.668945</ele><time>2026-04-06T21:07:15.846Z</time></trkpt><trkpt lat="36.871716" lon="-111.599571"><ele>963.877808</ele><time>2026-04-06T21:07:28.849Z</time></trkpt><trkpt lat="36.871593" lon="-111.599449"><ele>961.428833</ele><time>2026-04-06T21:07:41.848Z</time></trkpt><trkpt lat="36.871571" lon="-111.599167"><ele>962.393616</ele><time>2026-04-06T21:07:49.848Z</time></trkpt><trkpt lat="36.871662" lon="-111.599007"><ele>961.534058</ele><time>2026-04-06T21:07:57.843Z</time></trkpt><trkpt lat="36.871567" lon="-111.59903"><ele>961.631775</ele><time>2026-04-06T21:09:45.850Z</time></trkpt><trkpt lat="36.87162" lon="-111.598953"><ele>962.370483</ele><time>2026-04-06T21:09:52.848Z</time></trkpt><trkpt lat="36.871677" lon="-111.598709"><ele>960.382935</ele><time>2026-04-06T21:10:07.849Z</time></trkpt><trkpt lat="36.871651" lon="-111.598236"><ele>963.804321</ele><time>2026-04-06T21:10:20.848Z</time></trkpt><trkpt lat="36.871586" lon="-111.598053"><ele>961.604553</ele><time>2026-04-06T21:11:18.848Z</time></trkpt><trkpt lat="36.871292" lon="-111.597733"><ele>964.653259</ele><time>2026-04-06T21:11:52.847Z</time></trkpt><trkpt lat="36.871109" lon="-111.59761"><ele>965.145386</ele><time>2026-04-06T21:12:13.847Z</time></trkpt><trkpt lat="36.871056" lon="-111.597549"><ele>964.845703</ele><time>2026-04-06T21:12:28.847Z</time></trkpt><trkpt lat="36.870792" lon="-111.597336"><ele>965.796997</ele><time>2026-04-06T21:12:34.848Z</time></trkpt><trkpt lat="36.870674" lon="-111.597176"><ele>968.94812</ele><time>2026-04-06T21:12:49.847Z</time></trkpt><trkpt lat="36.870148" lon="-111.596977"><ele>964.36676</ele><time>2026-04-06T21:12:55.848Z</time></trkpt><trkpt lat="36.870033" lon="-111.596855"><ele>965.043518</ele><time>2026-04-06T21:12:57.849Z</time></trkpt><trkpt lat="36.869911" lon="-111.596771"><ele>964.296997</ele><time>2026-04-06T21:14:02.848Z</time></trkpt><trkpt lat="36.869843" lon="-111.596748"><ele>965.729492</ele><time>2026-04-06T21:14:30.846Z</time></trkpt><trkpt lat="36.869503" lon="-111.596481"><ele>965.10498</ele><time>2026-04-06T21:14:59.850Z</time></trkpt><trkpt lat="36.869446" lon="-111.596443"><ele>964.779846</ele><time>2026-04-06T21:15:11.842Z</time></trkpt><trkpt lat="36.86932" lon="-111.596413"><ele>963.743408</ele><time>2026-04-06T21:17:14.849Z</time></trkpt><trkpt lat="36.869091" lon="-111.596283"><ele>962.339661</ele><time>2026-04-06T21:20:47.846Z</time></trkpt><trkpt lat="36.86869" lon="-111.596001"><ele>961.824341</ele><time>2026-04-06T21:28:23.850Z</time></trkpt><trkpt lat="36.868484" lon="-111.59594"><ele>960.589355</ele><time>2026-04-06T21:29:59.846Z</time></trkpt><trkpt lat="36.868015" lon="-111.595703"><ele>959.951416</ele><time>2026-04-06T21:30:28.848Z</time></trkpt><trkpt lat="36.867756" lon="-111.595612"><ele>960.718201</ele><time>2026-04-06T21:31:11.854Z</time></trkpt><trkpt lat="36.867428" lon="-111.595467"><ele>960.131592</ele><time>2026-04-06T21:32:08.848Z</time></trkpt><trkpt lat="36.866852" lon="-111.595299"><ele>958.860718</ele><time>2026-04-06T21:32:23.841Z</time></trkpt><trkpt lat="36.866718" lon="-111.595329"><ele>958.931152</ele><time>2026-04-06T21:32:35.847Z</time></trkpt><trkpt lat="36.866512" lon="-111.595406"><ele>958.678284</ele><time>2026-04-06T21:33:12.853Z</time></trkpt><trkpt lat="36.866371" lon="-111.595428"><ele>959.126465</ele><time>2026-04-06T21:57:21.849Z</time></trkpt><trkpt lat="36.866158" lon="-111.59552"><ele>955.574402</ele><time>2026-04-06T21:57:40.872Z</time></trkpt><trkpt lat="36.866028" lon="-111.595612"><ele>955.537903</ele><time>2026-04-06T21:57:46.848Z</time></trkpt><trkpt lat="36.865631" lon="-111.595963"><ele>958.142639</ele><time>2026-04-06T21:57:54.850Z</time></trkpt><trkpt lat="36.865459" lon="-111.596176"><ele>958.092834</ele><time>2026-04-06T21:57:59.850Z</time></trkpt><trkpt lat="36.865387" lon="-111.596199"><ele>958.086609</ele><time>2026-04-06T21:58:04.849Z</time></trkpt><trkpt lat="36.865021" lon="-111.596611"><ele>958.15863</ele><time>2026-04-06T21:58:24.850Z</time></trkpt><trkpt lat="36.864777" lon="-111.597061"><ele>958.402527</ele><time>2026-04-06T21:59:04.849Z</time></trkpt><trkpt lat="36.864616" lon="-111.597267"><ele>958.482544</ele><time>2026-04-06T21:59:13.849Z</time></trkpt><trkpt lat="36.864498" lon="-111.597382"><ele>957.656677</ele><time>2026-04-06T21:59:20.850Z</time></trkpt><trkpt lat="36.864349" lon="-111.597588"><ele>956.005188</ele><time>2026-04-06T21:59:32.846Z</time></trkpt><trkpt lat="36.864258" lon="-111.597359"><ele>954.999695</ele><time>2026-04-06T21:59:41.848Z</time></trkpt><trkpt lat="36.864037" lon="-111.596924"><ele>953.581604</ele><time>2026-04-06T21:59:51.849Z</time></trkpt><trkpt lat="36.863964" lon="-111.596687"><ele>954.030823</ele><time>2026-04-06T22:00:07.850Z</time></trkpt><trkpt lat="36.863918" lon="-111.596359"><ele>955.14563</ele><time>2026-04-06T22:00:22.850Z</time></trkpt><trkpt lat="36.863934" lon="-111.596191"><ele>956.828735</ele><time>2026-04-06T22:00:40.853Z</time></trkpt><trkpt lat="36.863995" lon="-111.596054"><ele>954.270996</ele><time>2026-04-06T22:00:46.852Z</time></trkpt><trkpt lat="36.864071" lon="-111.595764"><ele>954.15448</ele><time>2026-04-06T22:00:51.850Z</time></trkpt><trkpt lat="36.8643" lon="-111.595184"><ele>954.140015</ele><time>2026-04-06T22:01:03.850Z</time></trkpt><trkpt lat="36.864388" lon="-111.595055"><ele>955.153137</ele><time>2026-04-06T22:01:13.852Z</time></trkpt><trkpt lat="36.864517" lon="-111.594643"><ele>955.247864</ele><time>2026-04-06T22:01:16.849Z</time></trkpt><trkpt lat="36.864609" lon="-111.594414"><ele>955.711243</ele><time>2026-04-06T22:01:26.850Z</time></trkpt><trkpt lat="36.864693" lon="-111.594299"><ele>955.63446</ele><time>2026-04-06T22:01:52.850Z</time></trkpt><trkpt lat="36.864807" lon="-111.594009"><ele>956.110229</ele><time>2026-04-06T22:02:02.849Z</time></trkpt><trkpt lat="36.864845" lon="-111.593948"><ele>955.273315</ele><time>2026-04-06T22:02:06.849Z</time></trkpt><trkpt lat="36.86499" lon="-111.593498"><ele>956.392395</ele><time>2026-04-06T22:02:09.849Z</time></trkpt><trkpt lat="36.865101" lon="-111.593208"><ele>956.509033</ele><time>2026-04-06T22:02:27.849Z</time></trkpt><trkpt lat="36.865288" lon="-111.592796"><ele>955.650574</ele><time>2026-04-06T22:02:35.850Z</time></trkpt><trkpt lat="36.865341" lon="-111.592636"><ele>954.914185</ele><time>2026-04-06T22:02:42.843Z</time></trkpt><trkpt lat="36.865391" lon="-111.592567"><ele>955.779358</ele><time>2026-04-06T22:03:15.849Z</time></trkpt><trkpt lat="36.865421" lon="-111.592484"><ele>955.039551</ele><time>2026-04-06T22:03:18.841Z</time></trkpt><trkpt lat="36.865627" lon="-111.59243"><ele>955.31488</ele><time>2026-04-06T22:03:22.848Z</time></trkpt><trkpt lat="36.865726" lon="-111.592339"><ele>956.214539</ele><time>2026-04-06T22:03:36.850Z</time></trkpt><trkpt lat="36.86591" lon="-111.591988"><ele>956.339661</ele><time>2026-04-06T22:03:39.849Z</time></trkpt><trkpt lat="36.86602" lon="-111.591866"><ele>956.496094</ele><time>2026-04-06T22:03:53.850Z</time></trkpt><trkpt lat="36.866085" lon="-111.591835"><ele>955.5448</ele><time>2026-04-06T22:03:56.848Z</time></trkpt><trkpt lat="36.86615" lon="-111.591873"><ele>956.029175</ele><time>2026-04-06T22:04:04.850Z</time></trkpt><trkpt lat="36.866135" lon="-111.591782"><ele>954.693665</ele><time>2026-04-06T22:04:14.842Z</time></trkpt><trkpt lat="36.866093" lon="-111.591682"><ele>954.379272</ele><time>2026-04-06T22:04:20.848Z</time></trkpt><trkpt lat="36.866039" lon="-111.591629"><ele>955.582092</ele><time>2026-04-06T22:04:24.847Z</time></trkpt><trkpt lat="36.865997" lon="-111.591461"><ele>955.900024</ele><time>2026-04-06T22:04:27.847Z</time></trkpt><trkpt lat="36.866032" lon="-111.59137"><ele>954.370728</ele><time>2026-04-06T22:04:31.850Z</time></trkpt><trkpt lat="36.865959" lon="-111.591415"><ele>954.908691</ele><time>2026-04-06T22:04:46.848Z</time></trkpt><trkpt lat="36.866051" lon="-111.591309"><ele>954.975647</ele><time>2026-04-06T22:04:53.850Z</time></trkpt><trkpt lat="36.866066" lon="-111.591164"><ele>954.648926</ele><time>2026-04-06T22:05:01.845Z</time></trkpt></trkseg></trk></gpx>